I001 [*] Import block is un-sorted or un-formatted
  --> src/cloud_edge_robot_arm/research/raw_episode_v3.py:7:1
   |
 5 |   """
 6 |
 7 | / from __future__ import annotations
 8 | |
 9 | | import base64
10 | | import hashlib
11 | | import io
12 | | import json
13 | | import math
14 | | import re
15 | | import struct
16 | | import types
17 | | from collections.abc import Mapping
18 | | from dataclasses import dataclass, fields, is_dataclass
19 | | from datetime import UTC, datetime
20 | | from pathlib import PurePosixPath
21 | | from functools import lru_cache
22 | | from types import MappingProxyType
23 | | from typing import Any, ClassVar, Literal, Union, get_args, get_origin, get_type_hints
24 | |
25 | | import numpy as np
26 | | from PIL import Image
27 | |
28 | | from cloud_edge_robot_arm.cloud.replanning.visual_dependencies import StepDependency
29 | | from cloud_edge_robot_arm.contracts import ActionResult, TaskContract, TaskStep
30 | | from cloud_edge_robot_arm.edge.evidence.conditions import ConditionSpec
31 | | from cloud_edge_robot_arm.simulation.mujoco.backend import (
32 | |     ActuatorStepObservation,
33 | |     PhysicsStepObservation,
34 | | )
35 | | from cloud_edge_robot_arm.vision.observations import RGBDObservation
36 | | from cloud_edge_robot_arm.vision.owner_registration import (
37 | |     OriginalActionRequirements,
38 | |     StepGroundingBinding,
39 | |     VisualOriginalPlan,
40 | |     VisualOwnerIdentity,
41 | |     _from_json,
42 | | )
   | |_^
43 |
44 |   _MAX_INT = 2**63 - 1
   |
help: Organize imports

E501 Line too long (101 > 100)
  --> src/cloud_edge_robot_arm/research/raw_episode_v3.py:45:101
   |
44 | _MAX_INT = 2**63 - 1
45 | _OWNERS = (VisualOwnerIdentity, OriginalActionRequirements, VisualOriginalPlan, StepGroundingBinding)
   |                                                                                                     ^
46 | _PURPOSES = {"SETTLE", "WAIT", "VERIFY_ADVANCE", "HOLD", "TERMINATION", "EXECUTOR_ATTEMPT"}
   |

E501 Line too long (171 > 100)
  --> src/cloud_edge_robot_arm/research/raw_episode_v3.py:68:101
   |
67 | …
68 | …._:-]{0,159}", value) is None or value.lower() in {"unknown", "none", "placeholder", "robot-unknown"}:
   |                                 ^^^^^^^^^^^^^^^^^^^^^^^^^^^^^^^^^^^^^^^^^^^^^^^^^^^^^^^^^^^^^^^^^^^^^^^
69 | …
70 | …
   |

E501 Line too long (139 > 100)
   --> src/cloud_edge_robot_arm/research/raw_episode_v3.py:134:101
    |
132 | …
133 | …
134 | …e, parse_constant=lambda v: (_ for _ in ()).throw(ValueError(f"nonfinite JSON {v}")))
    |                                                ^^^^^^^^^^^^^^^^^^^^^^^^^^^^^^^^^^^^^^^
135 | …
    |

E501 Line too long (142 > 100)
   --> src/cloud_edge_robot_arm/research/raw_episode_v3.py:142:101
    |
140 | …uired")
141 | …
142 | …artswith("/") or ".." in PurePosixPath(name).parts or str(PurePosixPath(name)) != name:
    |                                               ^^^^^^^^^^^^^^^^^^^^^^^^^^^^^^^^^^^^^^^^^^
143 | … path required")
144 | …
    |

E501 Line too long (225 > 100)
   --> src/cloud_edge_robot_arm/research/raw_episode_v3.py:154:101
    |
152 | …
153 | …
154 | …wed_error_m", "sensor_requirements", "ordinary_ttl_s", "expected_duration_s", "timeout_ms", "retry_limit", "policy_source_hashes"}
    |       ^^^^^^^^^^^^^^^^^^^^^^^^^^^^^^^^^^^^^^^^^^^^^^^^^^^^^^^^^^^^^^^^^^^^^^^^^^^^^^^^^^^^^^^^^^^^^^^^^^^^^^^^^^^^^^^^^^^^^^^^^^^^^
155 | …
156 | …
    |

E501 Line too long (194 > 100)
   --> src/cloud_edge_robot_arm/research/raw_episode_v3.py:161:101
    |
159 | …
160 | …
161 | …_m"], raw["sensor_requirements"], raw["ordinary_ttl_s"], raw["expected_duration_s"], raw["policy_source_hashes"])
    |                     ^^^^^^^^^^^^^^^^^^^^^^^^^^^^^^^^^^^^^^^^^^^^^^^^^^^^^^^^^^^^^^^^^^^^^^^^^^^^^^^^^^^^^^^^^^^^^^
162 | …
163 | …undle_hash", "compiler_source_hashes", "source_hashes", "requirements", "dependencies", "task_deadline_at", "verification_deadline_a…
    |

E501 Line too long (233 > 100)
   --> src/cloud_edge_robot_arm/research/raw_episode_v3.py:163:101
    |
161 | …sor_requirements"], raw["ordinary_ttl_s"], raw["expected_duration_s"], raw["policy_source_hashes"])
162 | …
163 | …compiler_source_hashes", "source_hashes", "requirements", "dependencies", "task_deadline_at", "verification_deadline_at", "registered_at"}
    |       ^^^^^^^^^^^^^^^^^^^^^^^^^^^^^^^^^^^^^^^^^^^^^^^^^^^^^^^^^^^^^^^^^^^^^^^^^^^^^^^^^^^^^^^^^^^^^^^^^^^^^^^^^^^^^^^^^^^^^^^^^^^^^^^^^^^^^
164 | …
165 | …
    |

E501 Line too long (487 > 100)
   --> src/cloud_edge_robot_arm/research/raw_episode_v3.py:167:101
    |
165 | …
166 | …
167 | …contract.model_dump(mode="json")), raw["proposal_hash"], raw["role_bundle_hash"], raw["compiler_source_hashes"], raw["source_hashes"], {k: _owner_decode(OriginalActionRequirements, v) for k, v in raw["requirements"].items()}, tuple(StepDependency(**v) for v in raw["dependencies"]), *(datetime.fromisoformat(raw[k]) for k in ("task_deadline_at", "verification_deadline_at", "registered_at")))
    |       ^^^^^^^^^^^^^^^^^^^^^^^^^^^^^^^^^^^^^^^^^^^^^^^^^^^^^^^^^^^^^^^^^^^^^^^^^^^^^^^^^^^^^^^^^^^^^^^^^^^^^^^^^^^^^^^^^^^^^^^^^^^^^^^^^^^^^^^^^^^^^^^^^^^^^^^^^^^^^^^^^^^^^^^^^^^^^^^^^^^^^^^^^^^^^^^^^^^^^^^^^^^^^^^^^^^^^^^^^^^^^^^^^^^^^^^^^^^^^^^^^^^^^^^^^^^^^^^^^^^^^^^^^^^^^^^^^^^^^^^^^^^^^^^^^^^^^^^^^^^^^^^^^^^^^^^^^^^^^^^^^^^^^^^^^^^^^^^^^^^^^^^^^^^^^^^^^^^^^^^^^^^^^^^^^^^^^^^^^^^^^^^^^^^
168 | …
169 | …
    |

E501 Line too long (113 > 100)
   --> src/cloud_edge_robot_arm/research/raw_episode_v3.py:175:101
    |
173 |         values = {k: raw[k] for k in keys - {"grounded_step", "binding_scope"}}
174 |         values["current_identity"] = _owner_decode(VisualOwnerIdentity, raw["current_identity"])
175 |         values["original_requirements"] = _owner_decode(OriginalActionRequirements, raw["original_requirements"])
    |                                                                                                     ^^^^^^^^^^^^^
176 |         values["_grounded_step_json"] = _json(_from_json(_json(raw["grounded_step"]), TaskStep).model_dump(mode="json"))
177 |         for k in ("created_at", "valid_until"):
    |

E501 Line too long (120 > 100)
   --> src/cloud_edge_robot_arm/research/raw_episode_v3.py:176:101
    |
174 |         values["current_identity"] = _owner_decode(VisualOwnerIdentity, raw["current_identity"])
175 |         values["original_requirements"] = _owner_decode(OriginalActionRequirements, raw["original_requirements"])
176 |         values["_grounded_step_json"] = _json(_from_json(_json(raw["grounded_step"]), TaskStep).model_dump(mode="json"))
    |                                                                                                     ^^^^^^^^^^^^^^^^^^^^
177 |         for k in ("created_at", "valid_until"):
178 |             values[k] = datetime.fromisoformat(raw[k])
    |

E501 Line too long (114 > 100)
   --> src/cloud_edge_robot_arm/research/raw_episode_v3.py:200:101
    |
198 |             _plain(c.tolerances)
199 |             for key, item in c.tolerances.items():
200 |                 if key in {"max_age_s", "tolerance_m", "minimum_safe_height", "maximum_velocity", "min_height_m"}:
    |                                                                                                     ^^^^^^^^^^^^^^
201 |                     _number(item)
202 |         step = _from_json(_json(_load(value._original_step_json)), TaskStep)
    |

E501 Line too long (217 > 100)
   --> src/cloud_edge_robot_arm/research/raw_episode_v3.py:203:101
    |
201 | …
202 | …
203 | …lue.allowed_error_m, value.sensor_requirements, value.ordinary_ttl_s, value.expected_duration_s, value.policy_source_hashes)
    |         ^^^^^^^^^^^^^^^^^^^^^^^^^^^^^^^^^^^^^^^^^^^^^^^^^^^^^^^^^^^^^^^^^^^^^^^^^^^^^^^^^^^^^^^^^^^^^^^^^^^^^^^^^^^^^^^^^^^^^
204 | …
205 | …
    |

E501 Line too long (124 > 100)
   --> src/cloud_edge_robot_arm/research/raw_episode_v3.py:207:101
    |
205 |     if typ is VisualOriginalPlan:
206 |         values["identity"] = _clone_owner(values["identity"], VisualOwnerIdentity)
207 |         values["requirements"] = {k: _clone_owner(v, OriginalActionRequirements) for k, v in values["requirements"].items()}
    |                                                                                                     ^^^^^^^^^^^^^^^^^^^^^^^^
208 |         values["_contract_json"] = _json(_from_json(_json(_load(values["_contract_json"])), TaskContract).model_dump(mode="json"))
209 |     else:
    |

E501 Line too long (130 > 100)
   --> src/cloud_edge_robot_arm/research/raw_episode_v3.py:208:101
    |
206 |         values["identity"] = _clone_owner(values["identity"], VisualOwnerIdentity)
207 |         values["requirements"] = {k: _clone_owner(v, OriginalActionRequirements) for k, v in values["requirements"].items()}
208 |         values["_contract_json"] = _json(_from_json(_json(_load(values["_contract_json"])), TaskContract).model_dump(mode="json"))
    |                                                                                                     ^^^^^^^^^^^^^^^^^^^^^^^^^^^^^^
209 |     else:
210 |         values["current_identity"] = _clone_owner(values["current_identity"], VisualOwnerIdentity)
    |

E501 Line too long (115 > 100)
   --> src/cloud_edge_robot_arm/research/raw_episode_v3.py:211:101
    |
209 |     else:
210 |         values["current_identity"] = _clone_owner(values["current_identity"], VisualOwnerIdentity)
211 |         values["original_requirements"] = _clone_owner(values["original_requirements"], OriginalActionRequirements)
    |                                                                                                     ^^^^^^^^^^^^^^^
212 |         values["_grounded_step_json"] = _json(_from_json(_json(_load(values["_grounded_step_json"])), TaskStep).model_dump(mode="json…
213 |     _plain({k: v for k, v in values.items() if k not in {"identity", "current_identity", "requirements", "original_requirements", "de…
    |

E501 Line too long (136 > 100)
   --> src/cloud_edge_robot_arm/research/raw_episode_v3.py:212:101
    |
210 | …lues["current_identity"], VisualOwnerIdentity)
211 | …er(values["original_requirements"], OriginalActionRequirements)
212 | …json(_json(_load(values["_grounded_step_json"])), TaskStep).model_dump(mode="json"))
    |                                                  ^^^^^^^^^^^^^^^^^^^^^^^^^^^^^^^^^^^^
213 | … in {"identity", "current_identity", "requirements", "original_requirements", "dependencies"}})
214 | …
    |

E501 Line too long (147 > 100)
   --> src/cloud_edge_robot_arm/research/raw_episode_v3.py:213:101
    |
211 | …ues["original_requirements"], OriginalActionRequirements)
212 | …json(_load(values["_grounded_step_json"])), TaskStep).model_dump(mode="json"))
213 | …identity", "current_identity", "requirements", "original_requirements", "dependencies"}})
    |                                            ^^^^^^^^^^^^^^^^^^^^^^^^^^^^^^^^^^^^^^^^^^^^^^^
214 | …
    |

E501 Line too long (133 > 100)
   --> src/cloud_edge_robot_arm/research/raw_episode_v3.py:246:101
    |
244 |         if not isinstance(value, Mapping):
245 |             raise ValueError("explicit source mapping required")
246 |         return MappingProxyType({_checked(k, args[0], decode=decode): _checked(v, args[1], decode=decode) for k, v in value.items()})
    |                                                                                                     ^^^^^^^^^^^^^^^^^^^^^^^^^^^^^^^^^
247 |     if origin is tuple:
248 |         if not isinstance(value, (tuple, list)):
    |

E501 Line too long (157 > 100)
   --> src/cloud_edge_robot_arm/research/raw_episode_v3.py:258:101
    |
256 | …
257 | …
258 | …"schema_version") != "rgbd.raw-episode.v3" or value.get("scope") != "SOURCE_CONSISTENCY_ONLY":
    |                                       ^^^^^^^^^^^^^^^^^^^^^^^^^^^^^^^^^^^^^^^^^^^^^^^^^^^^^^^^^
259 | …schema required")
260 | …t in {"schema_version", "scope"}}
    |

E501 Line too long (114 > 100)
   --> src/cloud_edge_robot_arm/research/raw_episode_v3.py:264:101
    |
262 |                 raise ValueError("full exact record schema required")
263 |             annotations = _annotations(typ)
264 |             return typ(**{f.name: _checked(value[f.name], annotations[f.name], decode=True) for f in fields(typ)})
    |                                                                                                     ^^^^^^^^^^^^^^
265 |         if not isinstance(value, typ):
266 |             raise ValueError("typed record required")
    |

UP033 [*] Use `@functools.cache` instead of `@functools.lru_cache(maxsize=None)`
   --> src/cloud_edge_robot_arm/research/raw_episode_v3.py:271:11
    |
271 | @lru_cache(maxsize=None)
    |           ^^^^^^^^^^^^^^
272 | def _annotations(typ: type[Any]) -> Mapping[str, Any]:
273 |     return get_type_hints(typ)
    |
help: Rewrite with `@functools.cache

E501 Line too long (102 > 100)
   --> src/cloud_edge_robot_arm/research/raw_episode_v3.py:340:101
    |
338 |     def __post_init__(self) -> None:
339 |         super().__post_init__()
340 |         for k in ("clock_domain_id", "owner_epoch", "monotonic_implementation", "utc_implementation"):
    |                                                                                                     ^^
341 |             _identifier(getattr(self, k))
342 |         _integer(self.monotonic_resolution_ns, 1)
    |

E501 Line too long (155 > 100)
   --> src/cloud_edge_robot_arm/research/raw_episode_v3.py:370:101
    |
368 | …
369 | …
370 | …"ACQUISITION", "EXECUTOR_ATTEMPT", "SETTLE", "WAIT", "VERIFY_ADVANCE", "HOLD", "TERMINATION"]
    |                                        ^^^^^^^^^^^^^^^^^^^^^^^^^^^^^^^^^^^^^^^^^^^^^^^^^^^^^^^
371 | …
372 | …
    |

E501 Line too long (124 > 100)
   --> src/cloud_edge_robot_arm/research/raw_episode_v3.py:386:101
    |
384 | …         raise ValueError("negative simulation time")
385 | …     if self.end is None or self.end_step is None or self.end_sim_time_s is None:
386 | …         if self.disposition == "COMPLETE" or any(v is not None for v in (self.end, self.end_step, self.end_sim_time_s)):
    |                                                                                                   ^^^^^^^^^^^^^^^^^^^^^^^^
387 | …             raise ValueError("partial interval end fields must be absent together")
388 | …     elif self.end_step < self.start_step or self.end_sim_time_s < self.start_sim_time_s or self.end.mono_before_ns < self.start.mon…
    |

E501 Line too long (146 > 100)
   --> src/cloud_edge_robot_arm/research/raw_episode_v3.py:388:101
    |
386 | … not None for v in (self.end, self.end_step, self.end_sim_time_s)):
387 | …elds must be absent together")
388 | …sim_time_s < self.start_sim_time_s or self.end.mono_before_ns < self.start.mono_after_ns:
    |                                             ^^^^^^^^^^^^^^^^^^^^^^^^^^^^^^^^^^^^^^^^^^^^^^
389 | …)
390 | …ror:
    |

E501 Line too long (552 > 100)
   --> src/cloud_edge_robot_arm/research/raw_episode_v3.py:409:101
    |
407 | …
408 | …
409 | …m": 7, "control_rad": 7, "finger_control_targets_m": 2, "actuator_gains": 7} if control else {"object_position_m": 3, "object_geom_position_m": 3, "object_geom_rotation_row_major": 9, "object_half_extent_m": 3, "object_linear_velocity_m_s": 3, "object_angular_velocity_rad_s": 3, "region_center_m": 3, "region_half_extent_m": 3, "tcp_position_m": 3, "finger_positions_m": 2, "finger_velocities_m_s": 2, "joint_positions_rad": 7, "joint_velocities_rad_s": 7}
    |       ^^^^^^^^^^^^^^^^^^^^^^^^^^^^^^^^^^^^^^^^^^^^^^^^^^^^^^^^^^^^^^^^^^^^^^^^^^^^^^^^^^^^^^^^^^^^^^^^^^^^^^^^^^^^^^^^^^^^^^^^^^^^^^^^^^^^^^^^^^^^^^^^^^^^^^^^^^^^^^^^^^^^^^^^^^^^^^^^^^^^^^^^^^^^^^^^^^^^^^^^^^^^^^^^^^^^^^^^^^^^^^^^^^^^^^^^^^^^^^^^^^^^^^^^^^^^^^^^^^^^^^^^^^^^^^^^^^^^^^^^^^^^^^^^^^^^^^^^^^^^^^^^^^^^^^^^^^^^^^^^^^^^^^^^^^^^^^^^^^^^^^^^^^^^^^^^^^^^^^^^^^^^^^^^^^^^^^^^^^^^^^^^^^^^^^^^^^^^^^^^^^^^^^^^^^^^^^^^^^^^^^^^^^^^^^^^^^^^^^^^^^^^^^^^^^^^
410 | …
411 | …
    |

E501 Line too long (116 > 100)
   --> src/cloud_edge_robot_arm/research/raw_episode_v3.py:412:101
    |
410 |     for k, size in shapes.items():
411 |         _vector(raw[k], size)
412 |     for k, size in (("actuator_ctrl_ranges", 7),) if control else (("finger_ranges_m", 2), ("joint_ranges_rad", 7)):
    |                                                                                                     ^^^^^^^^^^^^^^^^
413 |         if len(raw[k]) != size:
414 |             raise ValueError("complete range matrix required")
    |

E501 Line too long (130 > 100)
   --> src/cloud_edge_robot_arm/research/raw_episode_v3.py:474:101
    |
472 | …         _identifier(self.owner_action_span_id)
473 | …     row = self.command_payload
474 | …     common = {"type", "accepted", "reason", "after_emergency_stop", "sim_time_s", "episode_id", "physics_step", "command_seq"}
    |                                                                                                   ^^^^^^^^^^^^^^^^^^^^^^^^^^^^^^
475 | …     kind = row.get("type")
476 | …     extra = {"target_positions_rad", "applied_target_positions_rad"} if kind in {"joint_target", "hold_current_joints"} else {"targ…
    |

E501 Line too long (214 > 100)
   --> src/cloud_edge_robot_arm/research/raw_episode_v3.py:476:101
    |
474 | …ode_id", "physics_step", "command_seq"}
475 | …
476 | …_target", "hold_current_joints"} else {"target_open"} if kind == "gripper" else set() if kind == "emergency_stop" else None
    |           ^^^^^^^^^^^^^^^^^^^^^^^^^^^^^^^^^^^^^^^^^^^^^^^^^^^^^^^^^^^^^^^^^^^^^^^^^^^^^^^^^^^^^^^^^^^^^^^^^^^^^^^^^^^^^^^^^^
477 | …ergency_stop")) is not bool or type(row.get("reason")) is not str:
478 | …
    |

E501 Line too long (157 > 100)
   --> src/cloud_edge_robot_arm/research/raw_episode_v3.py:477:101
    |
475 | …
476 | …ons_rad"} if kind in {"joint_target", "hold_current_joints"} else {"target_open"} if kind == "gripper" else set() if kind == "emerge…
477 | …ol or type(row.get("after_emergency_stop")) is not bool or type(row.get("reason")) is not str:
    |                                       ^^^^^^^^^^^^^^^^^^^^^^^^^^^^^^^^^^^^^^^^^^^^^^^^^^^^^^^^^
478 | …uired")
479 | …
    |

E501 Line too long (141 > 100)
   --> src/cloud_edge_robot_arm/research/raw_episode_v3.py:527:101
    |
525 | …
526 | …
527 | …s) or type(raw.get("success")) is not bool or type(raw.get("duration_ms")) is not int:
    |                                               ^^^^^^^^^^^^^^^^^^^^^^^^^^^^^^^^^^^^^^^^^
528 | …action result required")
529 | …
    |

E501 Line too long (128 > 100)
   --> src/cloud_edge_robot_arm/research/raw_episode_v3.py:568:101
    |
566 |         if self.observation_payload is not None:
567 |             raw = _plain(self.observation_payload)
568 |             if set(raw) != set(RGBDObservation.model_fields) or type(raw["width"]) is not int or type(raw["height"]) is not int:
    |                                                                                                     ^^^^^^^^^^^^^^^^^^^^^^^^^^^^
569 |                 raise ValueError("complete strict RGBD observation required")
570 |             _number(raw["sim_time_s"])
    |

E501 Line too long (109 > 100)
   --> src/cloud_edge_robot_arm/research/raw_episode_v3.py:577:101
    |
575 |         if self.source_acquisition_id is not None:
576 |             _identifier(self.source_acquisition_id)
577 |             if self.input_role != "ONLINE" or not self.transform_payload or not self.transform_source_hashes:
    |                                                                                                     ^^^^^^^^^
578 |                 raise ValueError("derived online input requires full transform/source")
579 |             _transform(self.transform_payload)
    |

E501 Line too long (167 > 100)
   --> src/cloud_edge_robot_arm/research/raw_episode_v3.py:635:101
    |
633 | …
634 | …
635 | … 0 or self.reset_state_payload["physics_step"] != 0 or self.reset_state_payload["sim_time_s"] != 0:
    |                                  ^^^^^^^^^^^^^^^^^^^^^^^^^^^^^^^^^^^^^^^^^^^^^^^^^^^^^^^^^^^^^^^^^^^
636 | …lation timestep required")
637 | …cquisition_ids):
    |

E501 Line too long (116 > 100)
   --> src/cloud_edge_robot_arm/research/raw_episode_v3.py:649:101
    |
648 |     def to_payload(self) -> dict[str, Any]:
649 |         return {**super().to_payload(), "schema_version": "rgbd.raw-episode.v3", "scope": "SOURCE_CONSISTENCY_ONLY"}
    |                                                                                                     ^^^^^^^^^^^^^^^^
    |

E501 Line too long (113 > 100)
   --> src/cloud_edge_robot_arm/research/raw_episode_v3.py:664:101
    |
663 |     def to_payload(self) -> dict[str, Any]:
664 |         return {**super().to_payload(), "scope": "SOURCE_CONSISTENCY_ONLY", "continuous_motion": "NOT_CERTIFIED"}
    |                                                                                                     ^^^^^^^^^^^^^
    |

E501 Line too long (182 > 100)
   --> src/cloud_edge_robot_arm/research/raw_episode_v3.py:668:101
    |
667 | …
668 | …noise_m", "invalid_fraction", "occlusion_fraction"} or raw["schema_version"] != "rgbd.fixed-corruption.v1":
    |                           ^^^^^^^^^^^^^^^^^^^^^^^^^^^^^^^^^^^^^^^^^^^^^^^^^^^^^^^^^^^^^^^^^^^^^^^^^^^^^^^^^^
669 | …
670 | …
    |

E501 Line too long (125 > 100)
   --> src/cloud_edge_robot_arm/research/raw_episode_v3.py:672:101
    |
670 |     _integer(raw["perturbation_seed"])
671 |     _integer(raw["frame_count"], 1)
672 |     if _number(raw["noise_m"]) < 0 or any(not 0 <= _number(raw[k]) <= 1 for k in ("invalid_fraction", "occlusion_fraction")):
    |                                                                                                     ^^^^^^^^^^^^^^^^^^^^^^^^^
673 |         raise ValueError("bounded fixed corruption policy required")
    |

E501 Line too long (110 > 100)
   --> src/cloud_edge_robot_arm/research/raw_episode_v3.py:683:101
    |
681 |         return observation.model_dump(mode="json")
682 |     rng = np.random.default_rng(policy["perturbation_seed"] + policy["frame_count"])
683 |     depth = np.asarray(observation.depth_values(), dtype="<f4").reshape(observation.height, observation.width)
    |                                                                                                     ^^^^^^^^^^
684 |     valid = depth > 0
685 |     with np.errstate(over="raise", invalid="raise"):
    |

E501 Line too long (189 > 100)
   --> src/cloud_edge_robot_arm/research/raw_episode_v3.py:699:101
    |
697 | …
698 | …
699 | …, depth_float32_base64=base64.b64encode(depth.tobytes()).decode(), valid_mask_base64=None, checksum_sha256="")
    |                       ^^^^^^^^^^^^^^^^^^^^^^^^^^^^^^^^^^^^^^^^^^^^^^^^^^^^^^^^^^^^^^^^^^^^^^^^^^^^^^^^^^^^^^^^^
700 | …
    |

E501 Line too long (114 > 100)
   --> src/cloud_edge_robot_arm/research/raw_episode_v3.py:718:101
    |
718 | def validate_raw_episode_v3(envelope: RawEpisodeEnvelopeV3, records: RawEpisodeRecordsV3) -> RawV3ConsistencyView:
    |                                                                                                     ^^^^^^^^^^^^^^
719 |     """Rebuild the supplied immutable graph; never verify live source authenticity."""
720 |     envelope = _checked(envelope, RawEpisodeEnvelopeV3)
    |

E501 Line too long (153 > 100)
   --> src/cloud_edge_robot_arm/research/raw_episode_v3.py:726:101
    |
724 | …
725 | …elope.allocated_action_span_ids),
726 | …tions": len(set(envelope.allocated_action_span_ids) - {a.span_id for a in records.actions}),
    |                                         ^^^^^^^^^^^^^^^^^^^^^^^^^^^^^^^^^^^^^^^^^^^^^^^^^^^^^
727 | …ABORTED"} for a in records.actions),
728 | …or a in records.actions),
    |

E501 Line too long (120 > 100)
   --> src/cloud_edge_robot_arm/research/raw_episode_v3.py:729:101
    |
727 |         "partial_actions": sum(a.disposition in {"PARTIAL", "ABORTED"} for a in records.actions),
728 |         "rejected_actions": sum(a.disposition == "REJECTED" for a in records.actions),
729 |         "allocated_acquisitions": len(envelope.allocated_acquisition_ids), "recorded_acquisitions": len(records.frames),
    |                                                                                                     ^^^^^^^^^^^^^^^^^^^^
730 |         "recorded_acquisition_records": len(records.frames),
731 |         "distinct_acquisition_intervals": len({f.interval_id for f in records.frames if f.source_acquisition_id is None}),
    |

E501 Line too long (122 > 100)
   --> src/cloud_edge_robot_arm/research/raw_episode_v3.py:731:101
    |
729 |         "allocated_acquisitions": len(envelope.allocated_acquisition_ids), "recorded_acquisitions": len(records.frames),
730 |         "recorded_acquisition_records": len(records.frames),
731 |         "distinct_acquisition_intervals": len({f.interval_id for f in records.frames if f.source_acquisition_id is None}),
    |                                                                                                     ^^^^^^^^^^^^^^^^^^^^^^
732 |         "derived_online_inputs": sum(f.source_acquisition_id is not None for f in records.frames),
733 |         "missing_acquisitions": len(set(envelope.allocated_acquisition_ids) - {f.acquisition_id for f in records.frames}),
    |

E501 Line too long (122 > 100)
   --> src/cloud_edge_robot_arm/research/raw_episode_v3.py:733:101
    |
731 |         "distinct_acquisition_intervals": len({f.interval_id for f in records.frames if f.source_acquisition_id is None}),
732 |         "derived_online_inputs": sum(f.source_acquisition_id is not None for f in records.frames),
733 |         "missing_acquisitions": len(set(envelope.allocated_acquisition_ids) - {f.acquisition_id for f in records.frames}),
    |                                                                                                     ^^^^^^^^^^^^^^^^^^^^^^
734 |         "physics_expected": terminal, "physics_recorded": len(records.physics),
735 |         "commands_expected": envelope.terminal_command_seq, "commands_recorded": len(records.commands),
    |

E501 Line too long (103 > 100)
   --> src/cloud_edge_robot_arm/research/raw_episode_v3.py:735:101
    |
733 |         "missing_acquisitions": len(set(envelope.allocated_acquisition_ids) - {f.acquisition_id for f in records.frames}),
734 |         "physics_expected": terminal, "physics_recorded": len(records.physics),
735 |         "commands_expected": envelope.terminal_command_seq, "commands_recorded": len(records.commands),
    |                                                                                                     ^^^
736 |     }
737 |     reasons: list[str] = []
    |

E501 Line too long (127 > 100)
   --> src/cloud_edge_robot_arm/research/raw_episode_v3.py:751:101
    |
749 |     if any(identity.source_hashes.get(k) != v for k, v in descriptor.source_hashes.items()):
750 |         issue("clock_current_source_inventory_mismatch")
751 |     if identity.clock_domain_id != descriptor.clock_domain_id or identity.owner_identity.owner_epoch != descriptor.owner_epoch:
    |                                                                                                     ^^^^^^^^^^^^^^^^^^^^^^^^^^^
752 |         issue("clock_descriptor_domain_or_epoch_mismatch")
753 |     all_rows: tuple[Any, ...] = (*records.intervals, *records.physics, *records.commands, *records.actions, *records.frames, *records…
    |

E501 Line too long (140 > 100)
   --> src/cloud_edge_robot_arm/research/raw_episode_v3.py:753:101
    |
751 | …main_id or identity.owner_identity.owner_epoch != descriptor.owner_epoch:
752 | …ch")
753 | …records.physics, *records.commands, *records.actions, *records.frames, *records.joins)
    |                                                ^^^^^^^^^^^^^^^^^^^^^^^^^^^^^^^^^^^^^^^^
754 | …
755 | …
    |

E501 Line too long (120 > 100)
   --> src/cloud_edge_robot_arm/research/raw_episode_v3.py:761:101
    |
759 |     elif sorted(sequences) != list(range(1, len(sequences) + 1)):
760 |         issue("missing_record_sequence", missing=True)
761 |     for group in (records.intervals, records.physics, records.commands, records.actions, records.frames, records.joins):
    |                                                                                                     ^^^^^^^^^^^^^^^^^^^^
762 |         if [r.record_seq for r in group] != sorted(r.record_seq for r in group):
763 |             issue("reordered_original_record_sequence")
    |

E501 Line too long (111 > 100)
   --> src/cloud_edge_robot_arm/research/raw_episode_v3.py:772:101
    |
770 |             if pair is None:
771 |                 continue
772 |             if pair.clock_domain_id != identity.clock_domain_id or pair.descriptor_hash != descriptor.digest():
    |                                                                                                     ^^^^^^^^^^^
773 |                 issue("clock_pair_source_domain_mismatch")
774 |             previous = clock_pairs.get(pair.sequence)
    |

B905 `zip()` without an explicit `strict=` parameter
   --> src/cloud_edge_robot_arm/research/raw_episode_v3.py:781:59
    |
779 |             issue("partial_original_interval", missing=True)
780 |     ordered_pairs = [clock_pairs[k] for k in sorted(clock_pairs)]
781 |     if any(a.mono_after_ns > b.mono_before_ns for a, b in zip(ordered_pairs, ordered_pairs[1:])):
    |                                                           ^^^^^^^^^^^^^^^^^^^^^^^^^^^^^^^^^^^^^
782 |         issue("clock_monotonic_order_invalid")
783 |     utc_mapping = "UNAVAILABLE" if descriptor.utc_uncertainty_ns is None else "BRACKETED"
    |
help: Add explicit value for parameter `strict=`

E501 Line too long (107 > 100)
   --> src/cloud_edge_robot_arm/research/raw_episode_v3.py:791:101
    |
789 |             delta = pair.utc_at - epoch
790 |             utc_ns = (delta.days * 86400 + delta.seconds) * 10**9 + delta.microseconds * 1000
791 |             offsets.append((utc_ns - pair.mono_after_ns - padding, utc_ns - pair.mono_before_ns + padding))
    |                                                                                                     ^^^^^^^
792 |         if max(lo for lo, _ in offsets) > min(hi for _, hi in offsets):
793 |             utc_mapping = "UNAVAILABLE"
    |

E501 Line too long (110 > 100)
   --> src/cloud_edge_robot_arm/research/raw_episode_v3.py:809:101
    |
807 |         if child.start.mono_before_ns < parent.start.mono_after_ns:
808 |             return False
809 |         return parent.end is None or child.end is None or child.end.mono_after_ns <= parent.end.mono_before_ns
    |                                                                                                     ^^^^^^^^^^
810 |
811 |     raw = {p.physics_step: p.post_state_payload for p in records.physics}
    |

E501 Line too long (189 > 100)
   --> src/cloud_edge_robot_arm/research/raw_episode_v3.py:824:101
    |
822 | …
823 | …
824 | …tep"] != n or not math.isclose(snapshot["sim_time_s"], n * envelope.physics_dt_s, abs_tol=1e-9, rel_tol=1e-9):
    |                       ^^^^^^^^^^^^^^^^^^^^^^^^^^^^^^^^^^^^^^^^^^^^^^^^^^^^^^^^^^^^^^^^^^^^^^^^^^^^^^^^^^^^^^^^^
825 | …
826 | …
    |

E501 Line too long (157 > 100)
   --> src/cloud_edge_robot_arm/research/raw_episode_v3.py:835:101
    |
833 | …
834 | …
835 | …sics_step"] != n or not math.isclose(ctl["sim_time_s"], previous["sim_time_s"], abs_tol=1e-9):
    |                                       ^^^^^^^^^^^^^^^^^^^^^^^^^^^^^^^^^^^^^^^^^^^^^^^^^^^^^^^^^
836 | …
837 | …sitions_rad"]:
    |

E501 Line too long (201 > 100)
   --> src/cloud_edge_robot_arm/research/raw_episode_v3.py:839:101
    |
837 | …
838 | …
839 | …], ctl["pre_gravity_bias_nm"], ctl["actuator_gains"], ctl["control_rad"], ctl["actuator_ctrl_ranges"], strict=True):
    |                 ^^^^^^^^^^^^^^^^^^^^^^^^^^^^^^^^^^^^^^^^^^^^^^^^^^^^^^^^^^^^^^^^^^^^^^^^^^^^^^^^^^^^^^^^^^^^^^^^^^^^^
840 | …rget + bias / gain)), abs_tol=1e-9):
841 | …
    |

E501 Line too long (121 > 100)
   --> src/cloud_edge_robot_arm/research/raw_episode_v3.py:840:101
    |
838 | …         issue("control_pre_joint_state_mismatch")
839 | …     for target, bias, gain, output, bounds in zip(ctl["applied_joint_targets_rad"], ctl["pre_gravity_bias_nm"], ctl["actuator_gains…
840 | …         if gain <= 0 or not math.isclose(output, min(bounds[1], max(bounds[0], target + bias / gain)), abs_tol=1e-9):
    |                                                                                                   ^^^^^^^^^^^^^^^^^^^^^
841 | …             issue("recorded_control_equation_mismatch")
842 | …     physics_interval = interval_for(row.physics_interval_id, "PHYSICS_STEP")
    |

E501 Line too long (115 > 100)
   --> src/cloud_edge_robot_arm/research/raw_episode_v3.py:846:101
    |
844 |         purpose = interval_for(row.purpose_interval_id)
845 |         if physics_interval:
846 |             if previous_physics_end and physics_interval.start.mono_before_ns < previous_physics_end.mono_after_ns:
    |                                                                                                     ^^^^^^^^^^^^^^^
847 |                 issue("physics_step_clock_order_mismatch")
848 |             previous_physics_end = physics_interval.end
    |

E501 Line too long (105 > 100)
   --> src/cloud_edge_robot_arm/research/raw_episode_v3.py:849:101
    |
847 |                 issue("physics_step_clock_order_mismatch")
848 |             previous_physics_end = physics_interval.end
849 |         if physics_interval and (physics_interval.start_step != n - 1 or physics_interval.end_step != n):
    |                                                                                                     ^^^^^
850 |             issue("physics_interval_step_range_mismatch")
851 |         if control_interval and (control_interval.start_step != n - 1 or control_interval.end_step != n - 1):
    |

E501 Line too long (109 > 100)
   --> src/cloud_edge_robot_arm/research/raw_episode_v3.py:851:101
    |
849 | …     if physics_interval and (physics_interval.start_step != n - 1 or physics_interval.end_step != n):
850 | …         issue("physics_interval_step_range_mismatch")
851 | …     if control_interval and (control_interval.start_step != n - 1 or control_interval.end_step != n - 1):
    |                                                                                                   ^^^^^^^^^
852 | …         issue("control_interval_step_range_mismatch")
853 | …     if physics_interval and control_interval and control_interval.end and control_interval.end.mono_after_ns > physics_interval.sta…
    |

E501 Line too long (153 > 100)
   --> src/cloud_edge_robot_arm/research/raw_episode_v3.py:853:101
    |
851 | …!= n - 1 or control_interval.end_step != n - 1):
852 | …
853 | …interval.end and control_interval.end.mono_after_ns > physics_interval.start.mono_before_ns:
    |                                         ^^^^^^^^^^^^^^^^^^^^^^^^^^^^^^^^^^^^^^^^^^^^^^^^^^^^^
854 | …
855 | …
    |

E501 Line too long (131 > 100)
   --> src/cloud_edge_robot_arm/research/raw_episode_v3.py:856:101
    |
854 |             issue("control_after_physics_start")
855 |         if purpose:
856 |             if purpose.kind not in _PURPOSES or n <= purpose.start_step or (purpose.end_step is not None and n > purpose.end_step):
    |                                                                                                     ^^^^^^^^^^^^^^^^^^^^^^^^^^^^^^^
857 |                 issue("physics_purpose_range_mismatch")
858 |             if physics_interval and not within(physics_interval, purpose):
    |

E501 Line too long (120 > 100)
   --> src/cloud_edge_robot_arm/research/raw_episode_v3.py:867:101
    |
865 |         if start and not math.isclose(i.start_sim_time_s, start["sim_time_s"], abs_tol=1e-9):
866 |             issue("interval_start_state_time_mismatch")
867 |         if end and i.end_sim_time_s is not None and not math.isclose(i.end_sim_time_s, end["sim_time_s"], abs_tol=1e-9):
    |                                                                                                     ^^^^^^^^^^^^^^^^^^^^
868 |             issue("interval_end_state_time_mismatch")
869 |         if i.start_step > terminal or (i.end_step is not None and i.end_step > terminal):
    |

E501 Line too long (111 > 100)
   --> src/cloud_edge_robot_arm/research/raw_episode_v3.py:877:101
    |
875 |     if list(commands) != sorted(commands):
876 |         issue("reordered_commands")
877 |     if len(commands) != envelope.terminal_command_seq or sorted(commands) != list(range(1, len(commands) + 1)):
    |                                                                                                     ^^^^^^^^^^^
878 |         issue("command_coverage_missing", missing=True)
879 |     previous_command_end: ClockPairV3 | None = None
    |

E501 Line too long (113 > 100)
   --> src/cloud_edge_robot_arm/research/raw_episode_v3.py:883:101
    |
881 |         row = command.command_payload
882 |         n = row["physics_step"]
883 |         if row["episode_id"] != identity.episode_id or row["command_seq"] != command.command_seq or n not in raw:
    |                                                                                                     ^^^^^^^^^^^^^
884 |             issue("command_source_identity_mismatch")
885 |         elif not math.isclose(row["sim_time_s"], raw[n]["sim_time_s"], abs_tol=1e-9):
    |

E501 Line too long (106 > 100)
   --> src/cloud_edge_robot_arm/research/raw_episode_v3.py:887:101
    |
885 |         elif not math.isclose(row["sim_time_s"], raw[n]["sim_time_s"], abs_tol=1e-9):
886 |             issue("command_dispatch_sim_time_mismatch")
887 |         if row["accepted"] and row["after_emergency_stop"] and row["type"] not in {"hold_current_joints"}:
    |                                                                                                     ^^^^^^
888 |             issue("ordinary_command_accepted_after_emergency_stop")
889 |         interval = interval_for(command.interval_id, "COMMAND")
    |

E501 Line too long (107 > 100)
   --> src/cloud_edge_robot_arm/research/raw_episode_v3.py:892:101
    |
890 |         parent = interval_for(command.parent_interval_id)
891 |         if interval:
892 |             if previous_command_end and interval.start.mono_before_ns < previous_command_end.mono_after_ns:
    |                                                                                                     ^^^^^^^
893 |                 issue("command_dispatch_clock_order_mismatch")
894 |             previous_command_end = interval.end
    |

E501 Line too long (198 > 100)
   --> src/cloud_edge_robot_arm/research/raw_episode_v3.py:903:101
    |
901 | …<= n:
902 | …
903 | …ions_rad"] != raw[n]["joint_positions_rad"] or row["applied_target_positions_rad"] != row["target_positions_rad"]):
    |                   ^^^^^^^^^^^^^^^^^^^^^^^^^^^^^^^^^^^^^^^^^^^^^^^^^^^^^^^^^^^^^^^^^^^^^^^^^^^^^^^^^^^^^^^^^^^^^^^^^^
904 | …
    |

E501 Line too long (134 > 100)
   --> src/cloud_edge_robot_arm/research/raw_episode_v3.py:939:101
    |
937 |         pending = [(effect, target) for effect, target in pending if effect > n]
938 |         ctl = controls_by_step.get(n)
939 |         if ctl is not None and (ctl["applied_joint_targets_rad"] != arm_targets or ctl["finger_control_targets_m"] != finger_targets):
    |                                                                                                     ^^^^^^^^^^^^^^^^^^^^^^^^^^^^^^^^^^
940 |             issue("applied_controller_target_replay_mismatch")
    |

E501 Line too long (112 > 100)
   --> src/cloud_edge_robot_arm/research/raw_episode_v3.py:953:101
    |
951 |     returned_action_ids: set[str] = set()
952 |     action_intervals: set[str] = set()
953 |     deadlines = min(envelope.task_deadline_at, envelope.verification_deadline_at, envelope.contract_deadline_at)
    |                                                                                                     ^^^^^^^^^^^^
954 |     for action in records.actions:
955 |         original = action.original_plan
    |

E501 Line too long (135 > 100)
   --> src/cloud_edge_robot_arm/research/raw_episode_v3.py:962:101
    |
960 | …
961 | … 0)
962 | …tion.attempt > original.requirements[action.step_id].original_step.retry_limit + 1:
    |                                                  ^^^^^^^^^^^^^^^^^^^^^^^^^^^^^^^^^^^
963 | …order_mismatch")
964 | …
    |

E501 Line too long (194 > 100)
   --> src/cloud_edge_robot_arm/research/raw_episode_v3.py:965:101
    |
963 | …
964 | …
965 | …fication_deadline_at > original.verification_deadline_at or envelope.contract_deadline_at > contract.valid_until:
    |                     ^^^^^^^^^^^^^^^^^^^^^^^^^^^^^^^^^^^^^^^^^^^^^^^^^^^^^^^^^^^^^^^^^^^^^^^^^^^^^^^^^^^^^^^^^^^^^^
966 | …
967 | …
    |

E501 Line too long (135 > 100)
   --> src/cloud_edge_robot_arm/research/raw_episode_v3.py:970:101
    |
968 | … missing=True)
969 | …
970 | …d_step if action.grounding else original.requirements[action.step_id].original_step
    |                                                  ^^^^^^^^^^^^^^^^^^^^^^^^^^^^^^^^^^^
971 | …= _json(expected_step.model_dump(mode="json")):
972 | …ding_mismatch")
    |

E501 Line too long (114 > 100)
   --> src/cloud_edge_robot_arm/research/raw_episode_v3.py:973:101
    |
971 |             if _json(action.executed_step_payload) != _json(expected_step.model_dump(mode="json")):
972 |                 issue("executor_payload_original_binding_mismatch")
973 |         if original.identity != identity.owner_identity or original.role_bundle_hash != identity.role_bundle_hash:
    |                                                                                                     ^^^^^^^^^^^^^^
974 |             issue("action_original_owner_role_mismatch")
975 |         if version in plan_versions and plan_versions[version] != original.digest():
    |

E501 Line too long (116 > 100)
   --> src/cloud_edge_robot_arm/research/raw_episode_v3.py:983:101
    |
981 |         action_intervals.add(action.interval_id)
982 |         if interval:
983 |             if interval.start_step < 120 or interval.start.utc_at >= min(deadlines, original.effective_deadline_at):
    |                                                                                                     ^^^^^^^^^^^^^^^^
984 |                 issue("action_start_outside_original_deadline_or_evaluation")
985 |             if interval.start.utc_at < original.registered_at:
    |

E501 Line too long (149 > 100)
   --> src/cloud_edge_robot_arm/research/raw_episode_v3.py:987:101
    |
985 | …at:
986 | …ration")
987 | …al.end_step != interval.start_step or action.command_seq_end != action.command_seq_start):
    |                                           ^^^^^^^^^^^^^^^^^^^^^^^^^^^^^^^^^^^^^^^^^^^^^^^^^
988 | …
989 | …:
    |

E501 Line too long (108 > 100)
    --> src/cloud_edge_robot_arm/research/raw_episode_v3.py:998:101
     |
 996 |                     issue("duplicate_returned_action_identity")
 997 |                 returned_action_ids.add(result["action_id"])
 998 |                 if result["action_type"] != original.requirements[action.step_id].original_step.skill.value:
     |                                                                                                     ^^^^^^^^
 999 |                     issue("action_result_skill_mismatch")
1000 |                 observed_steps = None if interval.end_step is None else interval.end_step - interval.start_step
     |

E501 Line too long (111 > 100)
    --> src/cloud_edge_robot_arm/research/raw_episode_v3.py:1000:101
     |
 998 |                 if result["action_type"] != original.requirements[action.step_id].original_step.skill.value:
 999 |                     issue("action_result_skill_mismatch")
1000 |                 observed_steps = None if interval.end_step is None else interval.end_step - interval.start_step
     |                                                                                                     ^^^^^^^^^^^
1001 |                 if "physics_steps" not in result["details"]:
1002 |                     issue("action_result_step_source_missing", missing=True)
     |

E501 Line too long (105 > 100)
    --> src/cloud_edge_robot_arm/research/raw_episode_v3.py:1003:101
     |
1001 |                 if "physics_steps" not in result["details"]:
1002 |                     issue("action_result_step_source_missing", missing=True)
1003 |                 elif observed_steps is not None and result["details"]["physics_steps"] != observed_steps:
     |                                                                                                     ^^^^^
1004 |                     issue("action_result_step_count_mismatch")
1005 |         if action.command_seq_end > envelope.terminal_command_seq + 1:
     |

E501 Line too long (238 > 100)
    --> src/cloud_edge_robot_arm/research/raw_episode_v3.py:1011:101
     |
1009 | …
1010 | …
1011 | …nd_payload["physics_step"] < interval.start_step or (interval.end_step is not None and c.command_payload["physics_step"] > interval.end_step)):
     |       ^^^^^^^^^^^^^^^^^^^^^^^^^^^^^^^^^^^^^^^^^^^^^^^^^^^^^^^^^^^^^^^^^^^^^^^^^^^^^^^^^^^^^^^^^^^^^^^^^^^^^^^^^^^^^^^^^^^^^^^^^^^^^^^^^^^^^^^^^^
1012 | …
1013 | ….grounding is None:
     |

E501 Line too long (114 > 100)
    --> src/cloud_edge_robot_arm/research/raw_episode_v3.py:1013:101
     |
1011 | …         if in_range and interval and (c.parent_interval_id != action.interval_id or c.command_payload["physics_step"] < interval.s…
1012 | …             issue("action_command_outside_step_interval")
1013 | …     if identity.source_kind == "ONLINE_CED" and action.disposition != "REJECTED" and action.grounding is None:
     |                                                                                                   ^^^^^^^^^^^^^^
1014 | …         issue("online_grounding_source_missing", missing=True)
1015 | …     if action.grounding is not None:
     |

E501 Line too long (109 > 100)
    --> src/cloud_edge_robot_arm/research/raw_episode_v3.py:1017:101
     |
1015 |         if action.grounding is not None:
1016 |             grounding = action.grounding
1017 |             if any(identity.source_hashes.get(k) != v for k, v in grounding.grounding_source_hashes.items()):
     |                                                                                                     ^^^^^^^^^
1018 |                 issue("grounding_current_source_inventory_mismatch")
1019 |             requirement = original.requirements[action.step_id]
     |

E501 Line too long (284 > 100)
    --> src/cloud_edge_robot_arm/research/raw_episode_v3.py:1020:101
     |
1018 | …
1019 | …
1020 | …!= original.digest() or grounding.original_requirements.digest() != requirement.digest() or grounding.plan_version != contract.plan_version or grounding.command_seq != contract.command_seq:
     |       ^^^^^^^^^^^^^^^^^^^^^^^^^^^^^^^^^^^^^^^^^^^^^^^^^^^^^^^^^^^^^^^^^^^^^^^^^^^^^^^^^^^^^^^^^^^^^^^^^^^^^^^^^^^^^^^^^^^^^^^^^^^^^^^^^^^^^^^^^^^^^^^^^^^^^^^^^^^^^^^^^^^^^^^^^^^^^^^^^^^^^^^^
1021 | …
1022 | …ration_check_hash is None:
     |

E501 Line too long (121 > 100)
    --> src/cloud_edge_robot_arm/research/raw_episode_v3.py:1022:101
     |
1020 | …     if grounding.current_identity != original.identity or grounding.original_plan_hash != original.digest() or grounding.original_…
1021 | …         issue("original_requirement_grounding_binding_mismatch")
1022 | …     if grounding.expected_duration_s > requirement.expected_duration_s and grounding.duration_check_hash is None:
     |                                                                                               ^^^^^^^^^^^^^^^^^^^^^
1023 | …         issue("extended_horizon_duration_source_missing", missing=True)
1024 | …     if grounding.valid_until > min(deadlines, original.effective_deadline_at) or (interval and not grounding.created_at <= interva…
     |

E501 Line too long (178 > 100)
    --> src/cloud_edge_robot_arm/research/raw_episode_v3.py:1024:101
     |
1022 | …on_s and grounding.duration_check_hash is None:
1023 | …True)
1024 | …eadline_at) or (interval and not grounding.created_at <= interval.start.utc_at < grounding.valid_until):
     |                            ^^^^^^^^^^^^^^^^^^^^^^^^^^^^^^^^^^^^^^^^^^^^^^^^^^^^^^^^^^^^^^^^^^^^^^^^^^^^^^
1025 | …
1026 | …
     |

E501 Line too long (106 > 100)
    --> src/cloud_edge_robot_arm/research/raw_episode_v3.py:1035:101
     |
1033 |     for p in records.physics:
1034 |         purpose = intervals.get(p.purpose_interval_id)
1035 |         if purpose and purpose.kind == "EXECUTOR_ATTEMPT" and purpose.interval_id not in action_intervals:
     |                                                                                                     ^^^^^^
1036 |             issue("physics_executor_action_source_missing", missing=True)
     |

E501 Line too long (112 > 100)
    --> src/cloud_edge_robot_arm/research/raw_episode_v3.py:1062:101
     |
1060 |             issue("frame_foreign_episode")
1061 |         if interval:
1062 |             if interval.start_step != interval.end_step or interval.start_sim_time_s != interval.end_sim_time_s:
     |                                                                                                     ^^^^^^^^^^^^
1063 |                 issue("acquisition_crossed_physics_state")
1064 |             if not math.isclose(obs.sim_time_s, interval.start_sim_time_s, abs_tol=1e-9) or obs.captured_at != interval.start.utc_at:
     |

E501 Line too long (133 > 100)
    --> src/cloud_edge_robot_arm/research/raw_episode_v3.py:1064:101
     |
1062 |             if interval.start_step != interval.end_step or interval.start_sim_time_s != interval.end_sim_time_s:
1063 |                 issue("acquisition_crossed_physics_state")
1064 |             if not math.isclose(obs.sim_time_s, interval.start_sim_time_s, abs_tol=1e-9) or obs.captured_at != interval.start.utc_at:
     |                                                                                                     ^^^^^^^^^^^^^^^^^^^^^^^^^^^^^^^^^
1065 |                 issue("frame_acquisition_time_join_mismatch")
1066 |             if frame.camera_state_payload is None or frame.joined_physics_observation_hash is None:
     |

E501 Line too long (101 > 100)
    --> src/cloud_edge_robot_arm/research/raw_episode_v3.py:1070:101
     |
1068 |             else:
1069 |                 camera_hash = _camera_hash(frame.camera_state_payload)
1070 |                 if len(frame.pass_state_hashes) < 2 or set(frame.pass_state_hashes) != {camera_hash}:
     |                                                                                                     ^
1071 |                     issue("camera_pass_state_hash_mismatch")
1072 |                 if interval.start_step in raw:
     |

E501 Line too long (434 > 100)
    --> src/cloud_edge_robot_arm/research/raw_episode_v3.py:1076:101
     |
1074 | …
1075 | …
1076 | …_time_s"], abs_tol=1e-9) or frame.camera_state_payload["qpos"][:7] != snapshot["joint_positions_rad"] or frame.camera_state_payload["qpos"][7:9] != snapshot["finger_positions_m"] or frame.camera_state_payload["qvel"][:7] != snapshot["joint_velocities_rad_s"] or frame.camera_state_payload["qvel"][7:9] != snapshot["finger_velocities_m_s"]:
     |       ^^^^^^^^^^^^^^^^^^^^^^^^^^^^^^^^^^^^^^^^^^^^^^^^^^^^^^^^^^^^^^^^^^^^^^^^^^^^^^^^^^^^^^^^^^^^^^^^^^^^^^^^^^^^^^^^^^^^^^^^^^^^^^^^^^^^^^^^^^^^^^^^^^^^^^^^^^^^^^^^^^^^^^^^^^^^^^^^^^^^^^^^^^^^^^^^^^^^^^^^^^^^^^^^^^^^^^^^^^^^^^^^^^^^^^^^^^^^^^^^^^^^^^^^^^^^^^^^^^^^^^^^^^^^^^^^^^^^^^^^^^^^^^^^^^^^^^^^^^^^^^^^^^^^^^^^^^^^^^^^^^^^^^^^^^^^^^
1077 | …
1078 | …t32_base64), obs.valid_mask_bytes()]
     |

E501 Line too long (131 > 100)
    --> src/cloud_edge_robot_arm/research/raw_episode_v3.py:1078:101
     |
1076 | …ra_state_payload["sim_time_s"], snapshot["sim_time_s"], abs_tol=1e-9) or frame.camera_state_payload["qpos"][:7] != snapshot["joint_…
1077 | …s_join_mismatch")
1078 | …_png_base64), base64.b64decode(obs.depth_float32_base64), obs.valid_mask_bytes()]
     |                                                    ^^^^^^^^^^^^^^^^^^^^^^^^^^^^^^^
1079 | …igest() for v in expected_bytes}
1080 | …hashes.values()):
     |

E501 Line too long (105 > 100)
    --> src/cloud_edge_robot_arm/research/raw_episode_v3.py:1089:101
     |
1087 |                 issue("frame_file_inventory_mismatch")
1088 |         if frame.source_acquisition_id is not None:
1089 |             if any(identity.source_hashes.get(k) != v for k, v in frame.transform_source_hashes.items()):
     |                                                                                                     ^^^^^
1090 |                 issue("transform_current_source_inventory_mismatch")
1091 |             source = frames.get(frame.source_acquisition_id)
     |

E501 Line too long (140 > 100)
    --> src/cloud_edge_robot_arm/research/raw_episode_v3.py:1094:101
     |
1092 | …load is None:
1093 | …ssing", missing=True)
1094 | …e.source_acquisition_id is not None or source.acquisition_id == frame.acquisition_id:
     |                                               ^^^^^^^^^^^^^^^^^^^^^^^^^^^^^^^^^^^^^^^^
1095 | …d")
1096 | …
     |

E501 Line too long (203 > 100)
    --> src/cloud_edge_robot_arm/research/raw_episode_v3.py:1098:101
     |
1096 | …
1097 | …
1098 | …aptured_at", "sim_time_s", "episode_id", "calibration_version", "width", "height", "intrinsics", "camera_to_world")):
     |                ^^^^^^^^^^^^^^^^^^^^^^^^^^^^^^^^^^^^^^^^^^^^^^^^^^^^^^^^^^^^^^^^^^^^^^^^^^^^^^^^^^^^^^^^^^^^^^^^^^^^^^^
1099 | …
1100 | …
     |

E501 Line too long (138 > 100)
    --> src/cloud_edge_robot_arm/research/raw_episode_v3.py:1123:101
     |
1121 | …
1122 | …
1123 | …ation_id"] != join.observation_id or obs["checksum_sha256"] != join.checksum_sha256:
     |                                                ^^^^^^^^^^^^^^^^^^^^^^^^^^^^^^^^^^^^^^
1124 | …match")
1125 | …erval_id), intervals.get(action.interval_id)
     |

E501 Line too long (190 > 100)
    --> src/cloud_edge_robot_arm/research/raw_episode_v3.py:1127:101
     |
1125 | …ction.interval_id)
1126 | …
1127 | …acquisition.end.mono_after_ns > attempt.start.mono_before_ns or acquisition.start_step != attempt.start_step):
     |                      ^^^^^^^^^^^^^^^^^^^^^^^^^^^^^^^^^^^^^^^^^^^^^^^^^^^^^^^^^^^^^^^^^^^^^^^^^^^^^^^^^^^^^^^^^^
1128 | …
1129 | …sition.start.mono_before_ns < attempt.end.mono_after_ns or acquisition.start_step != attempt.end_step):
     |

E501 Line too long (183 > 100)
    --> src/cloud_edge_robot_arm/research/raw_episode_v3.py:1129:101
     |
1127 | … or acquisition.end.mono_after_ns > attempt.start.mono_before_ns or acquisition.start_step != attempt.start_step):
1128 | …
1129 | …cquisition.start.mono_before_ns < attempt.end.mono_after_ns or acquisition.start_step != attempt.end_step):
     |                          ^^^^^^^^^^^^^^^^^^^^^^^^^^^^^^^^^^^^^^^^^^^^^^^^^^^^^^^^^^^^^^^^^^^^^^^^^^^^^^^^^^^
1130 | …
1131 | …)
     |

E501 Line too long (211 > 100)
    --> src/cloud_edge_robot_arm/research/raw_episode_v3.py:1136:101
     |
1134 | …
1135 | …
1136 | …me.fromisoformat(obs["captured_at"])).total_seconds() > action.original_plan.requirements[action.step_id].ordinary_ttl_s:
     |            ^^^^^^^^^^^^^^^^^^^^^^^^^^^^^^^^^^^^^^^^^^^^^^^^^^^^^^^^^^^^^^^^^^^^^^^^^^^^^^^^^^^^^^^^^^^^^^^^^^^^^^^^^^^^^^^
1137 | …
1138 | …!= action.grounding.observation_id or join.checksum_sha256 != action.grounding.observation_checksum_sha256 or obs["calibration_vers…
     |

E501 Line too long (268 > 100)
    --> src/cloud_edge_robot_arm/research/raw_episode_v3.py:1138:101
     |
1136 | …omisoformat(obs["captured_at"])).total_seconds() > action.original_plan.requirements[action.step_id].ordinary_ttl_s:
1137 | …
1138 | …tion.grounding.observation_id or join.checksum_sha256 != action.grounding.observation_checksum_sha256 or obs["calibration_version"] != action.grounding.calibration_version):
     |       ^^^^^^^^^^^^^^^^^^^^^^^^^^^^^^^^^^^^^^^^^^^^^^^^^^^^^^^^^^^^^^^^^^^^^^^^^^^^^^^^^^^^^^^^^^^^^^^^^^^^^^^^^^^^^^^^^^^^^^^^^^^^^^^^^^^^^^^^^^^^^^^^^^^^^^^^^^^^^^^^^^^^^^^^
1139 | …
1140 | …
     |

E501 Line too long (106 > 100)
    --> src/cloud_edge_robot_arm/research/raw_episode_v3.py:1142:101
     |
1140 |     for action in records.actions:
1141 |         for relation in ("BEFORE_SUBMIT", "AFTER_RETURN"):
1142 |             matches = [j for j in records.joins if j.span_id == action.span_id and j.relation == relation]
     |                                                                                                     ^^^^^^
1143 |             if not matches and (relation == "BEFORE_SUBMIT" or action.disposition == "RETURNED"):
1144 |                 issue("action_boundary_frame_join_missing", missing=True)
     |

E501 Line too long (272 > 100)
    --> src/cloud_edge_robot_arm/research/raw_episode_v3.py:1147:101
     |
1145 | …
1146 | …
1147 | …LETE", counts, tuple(reasons), "INCOMPLETE" if invalid or incomplete else "COMPLETE", utc_mapping, _digest({"envelope": envelope.to_payload(), "records": records.to_payload()}))
     |       ^^^^^^^^^^^^^^^^^^^^^^^^^^^^^^^^^^^^^^^^^^^^^^^^^^^^^^^^^^^^^^^^^^^^^^^^^^^^^^^^^^^^^^^^^^^^^^^^^^^^^^^^^^^^^^^^^^^^^^^^^^^^^^^^^^^^^^^^^^^^^^^^^^^^^^^^^^^^^^^^^^^^^^^^^^^^
     |

E402 Module level import not at top of file
  --> tests/test_raw_episode_v3.py:15:1
   |
13 |     assert module.RawV3ConsistencyView.continuous_motion == "NOT_CERTIFIED"
14 |
15 | import base64
   | ^^^^^^^^^^^^^
16 | import hashlib
17 | import json
   |

I001 [*] Import block is un-sorted or un-formatted
  --> tests/test_raw_episode_v3.py:15:1
   |
13 |       assert module.RawV3ConsistencyView.continuous_motion == "NOT_CERTIFIED"
14 |
15 | / import base64
16 | | import hashlib
17 | | import json
18 | | import struct
19 | | from dataclasses import replace
20 | | from datetime import timedelta
21 | |
22 | | import pytest
23 | |
24 | | from cloud_edge_robot_arm.vision.observations import RGBDObservation
25 | | from cloud_edge_robot_arm.edge.robot_adapter import build_action_result
26 | | from tests.test_visual_owner_registration import NOW, values
   | |____________________________________________________________^
27 |
28 |   SHA = "a" * 64
   |
help: Organize imports

E402 Module level import not at top of file
  --> tests/test_raw_episode_v3.py:16:1
   |
15 | import base64
16 | import hashlib
   | ^^^^^^^^^^^^^^
17 | import json
18 | import struct
   |

E402 Module level import not at top of file
  --> tests/test_raw_episode_v3.py:17:1
   |
15 | import base64
16 | import hashlib
17 | import json
   | ^^^^^^^^^^^
18 | import struct
19 | from dataclasses import replace
   |

E402 Module level import not at top of file
  --> tests/test_raw_episode_v3.py:18:1
   |
16 | import hashlib
17 | import json
18 | import struct
   | ^^^^^^^^^^^^^
19 | from dataclasses import replace
20 | from datetime import timedelta
   |

E402 Module level import not at top of file
  --> tests/test_raw_episode_v3.py:19:1
   |
17 | import json
18 | import struct
19 | from dataclasses import replace
   | ^^^^^^^^^^^^^^^^^^^^^^^^^^^^^^^
20 | from datetime import timedelta
   |

E402 Module level import not at top of file
  --> tests/test_raw_episode_v3.py:20:1
   |
18 | import struct
19 | from dataclasses import replace
20 | from datetime import timedelta
   | ^^^^^^^^^^^^^^^^^^^^^^^^^^^^^^
21 |
22 | import pytest
   |

E402 Module level import not at top of file
  --> tests/test_raw_episode_v3.py:22:1
   |
20 | from datetime import timedelta
21 |
22 | import pytest
   | ^^^^^^^^^^^^^
23 |
24 | from cloud_edge_robot_arm.vision.observations import RGBDObservation
   |

E402 Module level import not at top of file
  --> tests/test_raw_episode_v3.py:24:1
   |
22 | import pytest
23 |
24 | from cloud_edge_robot_arm.vision.observations import RGBDObservation
   | ^^^^^^^^^^^^^^^^^^^^^^^^^^^^^^^^^^^^^^^^^^^^^^^^^^^^^^^^^^^^^^^^^^^^
25 | from cloud_edge_robot_arm.edge.robot_adapter import build_action_result
26 | from tests.test_visual_owner_registration import NOW, values
   |

E402 Module level import not at top of file
  --> tests/test_raw_episode_v3.py:25:1
   |
24 | from cloud_edge_robot_arm.vision.observations import RGBDObservation
25 | from cloud_edge_robot_arm.edge.robot_adapter import build_action_result
   | ^^^^^^^^^^^^^^^^^^^^^^^^^^^^^^^^^^^^^^^^^^^^^^^^^^^^^^^^^^^^^^^^^^^^^^^
26 | from tests.test_visual_owner_registration import NOW, values
   |

E402 Module level import not at top of file
  --> tests/test_raw_episode_v3.py:26:1
   |
24 | from cloud_edge_robot_arm.vision.observations import RGBDObservation
25 | from cloud_edge_robot_arm.edge.robot_adapter import build_action_result
26 | from tests.test_visual_owner_registration import NOW, values
   | ^^^^^^^^^^^^^^^^^^^^^^^^^^^^^^^^^^^^^^^^^^^^^^^^^^^^^^^^^^^^
27 |
28 | SHA = "a" * 64
   |

E501 Line too long (121 > 100)
  --> tests/test_raw_episode_v3.py:33:101
   |
32 | def hash_payload(value):
33 |     return hashlib.sha256(json.dumps(value, sort_keys=True, separators=(",", ":"), allow_nan=False).encode()).hexdigest()
   |                                                                                                     ^^^^^^^^^^^^^^^^^^^^^
   |

E501 Line too long (103 > 100)
  --> tests/test_raw_episode_v3.py:61:101
   |
59 |     m = api()
60 |     original = values()["original"]
61 |     identity = m.RawEpisodeIdentityV3("raw-attempt-1", "assignment-1", SHA, "episode", "SOFTWARE_ONLY",
   |                                                                                                     ^^^
62 |                                     original.identity, SHA, SHA, SHA, SHA, SHA, {**SOURCES, **dict(original.source_hashes)}, "clock-1")
63 |     descriptor = m.ClockDescriptorV3("clock-1", "epoch-1", "fixture-monotonic", "fixture-utc", 1, 1000, None, SOURCES)
   |

E501 Line too long (135 > 100)
  --> tests/test_raw_episode_v3.py:62:101
   |
60 |     original = values()["original"]
61 |     identity = m.RawEpisodeIdentityV3("raw-attempt-1", "assignment-1", SHA, "episode", "SOFTWARE_ONLY",
62 |                                     original.identity, SHA, SHA, SHA, SHA, SHA, {**SOURCES, **dict(original.source_hashes)}, "clock-1")
   |                                                                                                     ^^^^^^^^^^^^^^^^^^^^^^^^^^^^^^^^^^^
63 |     descriptor = m.ClockDescriptorV3("clock-1", "epoch-1", "fixture-monotonic", "fixture-utc", 1, 1000, None, SOURCES)
64 |     seq = 0
   |

E501 Line too long (118 > 100)
  --> tests/test_raw_episode_v3.py:63:101
   |
61 |     identity = m.RawEpisodeIdentityV3("raw-attempt-1", "assignment-1", SHA, "episode", "SOFTWARE_ONLY",
62 |                                     original.identity, SHA, SHA, SHA, SHA, SHA, {**SOURCES, **dict(original.source_hashes)}, "clock-1")
63 |     descriptor = m.ClockDescriptorV3("clock-1", "epoch-1", "fixture-monotonic", "fixture-utc", 1, 1000, None, SOURCES)
   |                                                                                                     ^^^^^^^^^^^^^^^^^^
64 |     seq = 0
65 |     intervals, physics = [], []
   |

E501 Line too long (124 > 100)
  --> tests/test_raw_episode_v3.py:73:101
   |
72 |     def pair(ns):
73 |         return m.ClockPairV3("clock-1", descriptor.digest(), ns + 1, ns, NOW + timedelta(microseconds=ns // 1000), ns + 100)
   |                                                                                                     ^^^^^^^^^^^^^^^^^^^^^^^^
74 |
75 |     def interval(name, kind, n0, n1, t0, t1, disposition="COMPLETE", error=None):
   |

E501 Line too long (111 > 100)
  --> tests/test_raw_episode_v3.py:76:101
   |
75 |     def interval(name, kind, n0, n1, t0, t1, disposition="COMPLETE", error=None):
76 |         row = m.RawIntervalV3(name, next_seq(), identity, kind, pair(t0), pair(t1) if t1 is not None else None,
   |                                                                                                     ^^^^^^^^^^^
77 |                               n0, n1, n0 / 240, n1 / 240 if n1 is not None else None, disposition, error)
78 |         intervals.append(row)
   |

E501 Line too long (105 > 100)
  --> tests/test_raw_episode_v3.py:77:101
   |
75 |     def interval(name, kind, n0, n1, t0, t1, disposition="COMPLETE", error=None):
76 |         row = m.RawIntervalV3(name, next_seq(), identity, kind, pair(t0), pair(t1) if t1 is not None else None,
77 |                               n0, n1, n0 / 240, n1 / 240 if n1 is not None else None, disposition, error)
   |                                                                                                     ^^^^^
78 |         intervals.append(row)
79 |         return row
   |

E501 Line too long (116 > 100)
  --> tests/test_raw_episode_v3.py:88:101
   |
86 |         interval(f"control-{n}", "CONTROL_APPLY", n - 1, n - 1, base + 1000, base + 2000)
87 |         interval(f"step-{n}", "PHYSICS_STEP", n - 1, n, base + 3000, base + 90_000)
88 |         physics.append(m.RawPhysicsStepV3(next_seq(), identity, n, hash_payload(state(n - 1)), state(n), control(n),
   |                                                                                                     ^^^^^^^^^^^^^^^^
89 |                                         f"step-{n}", f"control-{n}", "settle" if n <= 120 else "attempt"))
90 |     interval("command", "COMMAND", 120, 120, 210_100_000 + shift, 210_110_000 + shift)
   |

E501 Line too long (106 > 100)
  --> tests/test_raw_episode_v3.py:89:101
   |
87 |         interval(f"step-{n}", "PHYSICS_STEP", n - 1, n, base + 3000, base + 90_000)
88 |         physics.append(m.RawPhysicsStepV3(next_seq(), identity, n, hash_payload(state(n - 1)), state(n), control(n),
89 |                                         f"step-{n}", f"control-{n}", "settle" if n <= 120 else "attempt"))
   |                                                                                                     ^^^^^^
90 |     interval("command", "COMMAND", 120, 120, 210_100_000 + shift, 210_110_000 + shift)
91 |     command = m.RawCommandV3(next_seq(), identity, 1,
   |

E501 Line too long (107 > 100)
  --> tests/test_raw_episode_v3.py:92:101
   |
90 |     interval("command", "COMMAND", 120, 120, 210_100_000 + shift, 210_110_000 + shift)
91 |     command = m.RawCommandV3(next_seq(), identity, 1,
92 |                             dict(type="joint_target", accepted=True, reason="", after_emergency_stop=False,
   |                                                                                                     ^^^^^^^
93 |                                  sim_time_s=0.5, episode_id="episode", physics_step=120, command_seq=1,
94 |                                  target_positions_rad=[0] * 7, applied_target_positions_rad=[0] * 7),
   |

E501 Line too long (103 > 100)
  --> tests/test_raw_episode_v3.py:93:101
   |
91 |     command = m.RawCommandV3(next_seq(), identity, 1,
92 |                             dict(type="joint_target", accepted=True, reason="", after_emergency_stop=False,
93 |                                  sim_time_s=0.5, episode_id="episode", physics_step=120, command_seq=1,
   |                                                                                                     ^^^
94 |                                  target_positions_rad=[0] * 7, applied_target_positions_rad=[0] * 7),
95 |                             "command", "attempt", "span-1", 121)
   |

E501 Line too long (101 > 100)
  --> tests/test_raw_episode_v3.py:94:101
   |
92 |                             dict(type="joint_target", accepted=True, reason="", after_emergency_stop=False,
93 |                                  sim_time_s=0.5, episode_id="episode", physics_step=120, command_seq=1,
94 |                                  target_positions_rad=[0] * 7, applied_target_positions_rad=[0] * 7),
   |                                                                                                     ^
95 |                             "command", "attempt", "span-1", 121)
96 |     action = m.TypedActionSpanV3(next_seq(), identity, "span-1", original, "move", 1, None,
   |

E501 Line too long (125 > 100)
   --> tests/test_raw_episode_v3.py:98:101
    |
 96 |     action = m.TypedActionSpanV3(next_seq(), identity, "span-1", original, "move", 1, None,
 97 |                                 "attempt", 1, 2,
 98 |                                 build_action_result(action_type="MOVE_ABOVE", success=False, state_before={}, state_after={},
    |                                                                                                     ^^^^^^^^^^^^^^^^^^^^^^^^^
 99 |                                                     duration_ms=4, started_at=NOW + timedelta(seconds=.21),
100 |                                                     error_code="SOFTWARE_DIAGNOSTIC", details={"physics_steps": 1}).model_dump(mode="…
    |

E501 Line too long (107 > 100)
   --> tests/test_raw_episode_v3.py:99:101
    |
 97 | …                     "attempt", 1, 2,
 98 | …                     build_action_result(action_type="MOVE_ABOVE", success=False, state_before={}, state_after={},
 99 | …                                         duration_ms=4, started_at=NOW + timedelta(seconds=.21),
    |                                                                                           ^^^^^^^
100 | …                                         error_code="SOFTWARE_DIAGNOSTIC", details={"physics_steps": 1}).model_dump(mode="json"),
101 | …                     "RETURNED", None, original.requirements["move"].original_step.model_dump(mode="json"))
    |

E501 Line too long (140 > 100)
   --> tests/test_raw_episode_v3.py:100:101
    |
 98 | …tion_type="MOVE_ABOVE", success=False, state_before={}, state_after={},
 99 | …ration_ms=4, started_at=NOW + timedelta(seconds=.21),
100 | …ror_code="SOFTWARE_DIAGNOSTIC", details={"physics_steps": 1}).model_dump(mode="json"),
    |                                                ^^^^^^^^^^^^^^^^^^^^^^^^^^^^^^^^^^^^^^^^
101 | …inal.requirements["move"].original_step.model_dump(mode="json"))
102 | …model_dump(mode="json")
    |

E501 Line too long (118 > 100)
   --> tests/test_raw_episode_v3.py:101:101
    |
 99 |                                                     duration_ms=4, started_at=NOW + timedelta(seconds=.21),
100 |                                                     error_code="SOFTWARE_DIAGNOSTIC", details={"physics_steps": 1}).model_dump(mode="…
101 |                                 "RETURNED", None, original.requirements["move"].original_step.model_dump(mode="json"))
    |                                                                                                     ^^^^^^^^^^^^^^^^^^
102 |     base_observation = values()["online"].observation.model_dump(mode="json")
103 |     frames = []
    |

E501 Line too long (113 > 100)
   --> tests/test_raw_episode_v3.py:110:101
    |
108 |                    "sim_time_s": index / 240, "checksum_sha256": ""}
109 |         observation = RGBDObservation.model_validate(payload)
110 |         files = {f"frames/{name}/{key}": hashlib.sha256(base64.b64decode(getattr(observation, attr))).hexdigest()
    |                                                                                                     ^^^^^^^^^^^^^
111 |                  for key, attr in (("rgb.png", "rgb_png_base64"), ("depth.f32", "depth_float32_base64"),
112 |                                    ("mask.u8", "valid_mask_base64"))}
    |

E501 Line too long (104 > 100)
   --> tests/test_raw_episode_v3.py:111:101
    |
109 |         observation = RGBDObservation.model_validate(payload)
110 |         files = {f"frames/{name}/{key}": hashlib.sha256(base64.b64decode(getattr(observation, attr))).hexdigest()
111 |                  for key, attr in (("rgb.png", "rgb_png_base64"), ("depth.f32", "depth_float32_base64"),
    |                                                                                                     ^^^^
112 |                                    ("mask.u8", "valid_mask_base64"))}
113 |         camera_state = dict(sim_time_s=index / 240, qpos=[0] * 7 + [0.039] * 2 + [0.2, 0.1, 0.04, 1, 0, 0, 0],
    |

E501 Line too long (110 > 100)
   --> tests/test_raw_episode_v3.py:113:101
    |
111 |                  for key, attr in (("rgb.png", "rgb_png_base64"), ("depth.f32", "depth_float32_base64"),
112 |                                    ("mask.u8", "valid_mask_base64"))}
113 |         camera_state = dict(sim_time_s=index / 240, qpos=[0] * 7 + [0.039] * 2 + [0.2, 0.1, 0.04, 1, 0, 0, 0],
    |                                                                                                     ^^^^^^^^^^
114 |                             qvel=[0] * 15, act=[], ctrl=[0] * 7 + [0.039] * 2)
115 |         binary = struct.pack("<d", camera_state["sim_time_s"])
    |

E501 Line too long (128 > 100)
   --> tests/test_raw_episode_v3.py:117:101
    |
115 |         binary = struct.pack("<d", camera_state["sim_time_s"])
116 |         for key in ("qpos", "qvel", "act", "ctrl"):
117 |             binary += struct.pack("<I", len(camera_state[key])) + struct.pack(f"<{len(camera_state[key])}d", *camera_state[key])
    |                                                                                                     ^^^^^^^^^^^^^^^^^^^^^^^^^^^^
118 |         camera_hash = hashlib.sha256(binary).hexdigest()
119 |         frames.append(m.FrameAcquisitionV3(next_seq(), identity, name, f"acq-{name}",
    |

E501 Line too long (140 > 100)
   --> tests/test_raw_episode_v3.py:120:101
    |
118 | …()
119 | … identity, name, f"acq-{name}",
120 | …model_dump(mode="json"), camera_state, hash_payload(state(index)), (camera_hash,) * 3,
    |                                                ^^^^^^^^^^^^^^^^^^^^^^^^^^^^^^^^^^^^^^^^
121 | …NE", None, None, {}))
122 | …tity, "span-1", f.acquisition_id,
    |

E501 Line too long (129 > 100)
   --> tests/test_raw_episode_v3.py:123:101
    |
121 |                                           files, "ONLINE", None, None, {}))
122 |     joins = tuple(m.ActionFrameJoinV3(next_seq(), identity, "span-1", f.acquisition_id,
123 |                                      relation, f.observation_payload["observation_id"], f.observation_payload["checksum_sha256"])
    |                                                                                                     ^^^^^^^^^^^^^^^^^^^^^^^^^^^^^
124 |                   for f, relation in zip(frames, ("BEFORE_SUBMIT", "AFTER_RETURN"), strict=True))
125 |     records = m.RawEpisodeRecordsV3(tuple(intervals), tuple(physics), (command,), (action,), tuple(frames), joins)
    |

E501 Line too long (114 > 100)
   --> tests/test_raw_episode_v3.py:125:101
    |
123 |                                      relation, f.observation_payload["observation_id"], f.observation_payload["checksum_sha256"])
124 |                   for f, relation in zip(frames, ("BEFORE_SUBMIT", "AFTER_RETURN"), strict=True))
125 |     records = m.RawEpisodeRecordsV3(tuple(intervals), tuple(physics), (command,), (action,), tuple(frames), joins)
    |                                                                                                     ^^^^^^^^^^^^^^
126 |     inventory = {path: digest for f in frames for path, digest in f.file_hashes.items()}
127 |     envelope = m.RawEpisodeEnvelopeV3(identity, descriptor, state(0), state(121), 120, 1 / 240,
    |

E501 Line too long (124 > 100)
   --> tests/test_raw_episode_v3.py:129:101
    |
127 |     envelope = m.RawEpisodeEnvelopeV3(identity, descriptor, state(0), state(121), 120, 1 / 240,
128 |                                       1, ("span-1",), ("before", "after"), inventory,
129 |                                       NOW + timedelta(seconds=60), NOW + timedelta(seconds=40), NOW + timedelta(seconds=60),
    |                                                                                                     ^^^^^^^^^^^^^^^^^^^^^^^^
130 |                                       {"joints_rad": [0] * 7, "fingers_m": [0.039] * 2}, 0)
131 |     return envelope, records
    |

E501 Line too long (123 > 100)
   --> tests/test_raw_episode_v3.py:172:101
    |
171 |     mutable = ["before"]
172 |     action = MutableAction(**{name: getattr(records.actions[0], name) for name in records.actions[0].__dataclass_fields__})
    |                                                                                                     ^^^^^^^^^^^^^^^^^^^^^^^
173 |     copied = replace(records, actions=[action])
174 |     first = copied.digest()
    |

E501 Line too long (105 > 100)
   --> tests/test_raw_episode_v3.py:185:101
    |
183 |     envelope, records = fixture()
184 |     m = api()
185 |     assert m.RawEpisodeRecordsV3.from_json(json.dumps(records.to_payload())).digest() == records.digest()
    |                                                                                                     ^^^^^
186 |     assert m.RawEpisodeEnvelopeV3.from_json(json.dumps(envelope.to_payload())).digest() == envelope.digest()
187 |     for stored in ('{"identity":{},"identity":{}}', '{"unknown":1}', '{"x":NaN}'):
    |

E501 Line too long (108 > 100)
   --> tests/test_raw_episode_v3.py:186:101
    |
184 |     m = api()
185 |     assert m.RawEpisodeRecordsV3.from_json(json.dumps(records.to_payload())).digest() == records.digest()
186 |     assert m.RawEpisodeEnvelopeV3.from_json(json.dumps(envelope.to_payload())).digest() == envelope.digest()
    |                                                                                                     ^^^^^^^^
187 |     for stored in ('{"identity":{},"identity":{}}', '{"unknown":1}', '{"x":NaN}'):
188 |         with pytest.raises(ValueError):
    |

E501 Line too long (141 > 100)
   --> tests/test_raw_episode_v3.py:206:101
    |
206 | …ong-control", "wrong-hash", "foreign-epoch", "wrong-command-range", "frame-checksum"])
    |                                               ^^^^^^^^^^^^^^^^^^^^^^^^^^^^^^^^^^^^^^^^^
207 | …
208 | …
    |

E501 Line too long (118 > 100)
   --> tests/test_raw_episode_v3.py:214:101
    |
212 |         raw = dict(records.physics[-1].control_payload)
213 |         raw["pre_joint_positions_rad"] = [0.1] * 7
214 |         records = replace(records, physics=(*records.physics[:-1], replace(records.physics[-1], control_payload=raw)))
    |                                                                                                     ^^^^^^^^^^^^^^^^^^
215 |     elif kind == "wrong-hash":
216 |         records = replace(records, physics=(*records.physics[:-1], replace(records.physics[-1], previous_state_hash="b" * 64)))
    |

E501 Line too long (127 > 100)
   --> tests/test_raw_episode_v3.py:216:101
    |
214 |         records = replace(records, physics=(*records.physics[:-1], replace(records.physics[-1], control_payload=raw)))
215 |     elif kind == "wrong-hash":
216 |         records = replace(records, physics=(*records.physics[:-1], replace(records.physics[-1], previous_state_hash="b" * 64)))
    |                                                                                                     ^^^^^^^^^^^^^^^^^^^^^^^^^^^
217 |     elif kind == "foreign-epoch":
218 |         owner = replace(envelope.identity.owner_identity, owner_epoch="epoch-2")
    |

E501 Line too long (113 > 100)
   --> tests/test_raw_episode_v3.py:224:101
    |
222 |         records = replace(records, actions=(replace(records.actions[0], command_seq_end=1),))
223 |     else:
224 |         records = replace(records, joins=(replace(records.joins[0], checksum_sha256="b" * 64), records.joins[1]))
    |                                                                                                     ^^^^^^^^^^^^^
225 |     assert api().validate_raw_episode_v3(envelope, records).status == "INVALID"
    |

E501 Line too long (123 > 100)
   --> tests/test_raw_episode_v3.py:231:101
    |
229 |     envelope, records = fixture()
230 |     interval = next(i for i in records.intervals if i.interval_id == "attempt")
231 |     partial = replace(interval, end=None, end_step=None, end_sim_time_s=None, disposition="PARTIAL", error="reader-failed")
    |                                                                                                     ^^^^^^^^^^^^^^^^^^^^^^^
232 |     records = replace(records, intervals=tuple(partial if i == interval else i for i in records.intervals),
233 |                       actions=(replace(records.actions[0], disposition="PARTIAL", error="reader-failed"),))
    |

E501 Line too long (107 > 100)
   --> tests/test_raw_episode_v3.py:232:101
    |
230 |     interval = next(i for i in records.intervals if i.interval_id == "attempt")
231 |     partial = replace(interval, end=None, end_step=None, end_sim_time_s=None, disposition="PARTIAL", error="reader-failed")
232 |     records = replace(records, intervals=tuple(partial if i == interval else i for i in records.intervals),
    |                                                                                                     ^^^^^^^
233 |                       actions=(replace(records.actions[0], disposition="PARTIAL", error="reader-failed"),))
234 |     view = api().validate_raw_episode_v3(envelope, records)
    |

E501 Line too long (107 > 100)
   --> tests/test_raw_episode_v3.py:233:101
    |
231 |     partial = replace(interval, end=None, end_step=None, end_sim_time_s=None, disposition="PARTIAL", error="reader-failed")
232 |     records = replace(records, intervals=tuple(partial if i == interval else i for i in records.intervals),
233 |                       actions=(replace(records.actions[0], disposition="PARTIAL", error="reader-failed"),))
    |                                                                                                     ^^^^^^^
234 |     view = api().validate_raw_episode_v3(envelope, records)
235 |     assert view.status == "INCOMPLETE" and view.counts["partial_actions"] == 1
    |

E501 Line too long (106 > 100)
   --> tests/test_raw_episode_v3.py:255:101
    |
253 |     corrupted = dict(frame.camera_state_payload)
254 |     corrupted["qvel"] = [0.1] * 15
255 |     changed = replace(records, frames=(replace(frame, camera_state_payload=corrupted), records.frames[1]))
    |                                                                                                     ^^^^^^
256 |     view = api().validate_raw_episode_v3(envelope, changed)
257 |     assert view.status == "INVALID" and "camera_pass_state_hash_mismatch" in view.reasons
    |

E501 Line too long (104 > 100)
   --> tests/test_raw_episode_v3.py:263:101
    |
261 |     envelope, records = fixture()
262 |     altered = {"joints_rad": [0.1] * 7, "fingers_m": [0.039] * 2}
263 |     view = api().validate_raw_episode_v3(replace(envelope, initial_controller_targets=altered), records)
    |                                                                                                     ^^^^
264 |     assert view.status == "INVALID" and "applied_controller_target_replay_mismatch" in view.reasons
    |

E501 Line too long (130 > 100)
   --> tests/test_raw_episode_v3.py:288:101
    |
286 | …
287 | …d
288 | …=before["observation_id"], observation_checksum_sha256=before["checksum_sha256"])
    |                                                     ^^^^^^^^^^^^^^^^^^^^^^^^^^^^^^
289 | …ecords.actions[0], grounding=grounding, executed_step_payload=grounding.grounded_step.model_dump(mode="json")),))
290 | …dated).status == "COMPLETE"
    |

E501 Line too long (162 > 100)
   --> tests/test_raw_episode_v3.py:289:101
    |
287 | …
288 | …tion_id"], observation_checksum_sha256=before["checksum_sha256"])
289 | …], grounding=grounding, executed_step_payload=grounding.grounded_step.model_dump(mode="json")),))
    |                                     ^^^^^^^^^^^^^^^^^^^^^^^^^^^^^^^^^^^^^^^^^^^^^^^^^^^^^^^^^^^^^^
290 | … "COMPLETE"
291 | …payload())).digest() == updated.digest()
    |

E501 Line too long (105 > 100)
   --> tests/test_raw_episode_v3.py:291:101
    |
289 |     updated = replace(records, actions=(replace(records.actions[0], grounding=grounding, executed_step_payload=grounding.grounded_ste…
290 |     assert m.validate_raw_episode_v3(envelope, updated).status == "COMPLETE"
291 |     assert m.RawEpisodeRecordsV3.from_json(json.dumps(updated.to_payload())).digest() == updated.digest()
    |                                                                                                     ^^^^^
292 |     with pytest.raises(ValueError):
293 |         bad = replace(grounding.original_requirements, allowed_error_m=True)
    |

E501 Line too long (129 > 100)
   --> tests/test_raw_episode_v3.py:296:101
    |
294 |         replace(updated.actions[0], grounding=replace(grounding, original_requirements=bad))
295 |     drift = replace(grounding.original_requirements, allowed_error_m=0.1)
296 |     altered = replace(updated, actions=(replace(updated.actions[0], grounding=replace(grounding, original_requirements=drift)),))
    |                                                                                                     ^^^^^^^^^^^^^^^^^^^^^^^^^^^^^
297 |     assert m.validate_raw_episode_v3(envelope, altered).status == "INVALID"
    |

E501 Line too long (153 > 100)
   --> tests/test_raw_episode_v3.py:305:101
    |
303 | …
304 | …roup)
305 | …rds, name)) for name in ("intervals", "physics", "commands", "actions", "frames", "joins")))
    |                                         ^^^^^^^^^^^^^^^^^^^^^^^^^^^^^^^^^^^^^^^^^^^^^^^^^^^^^
306 | …entity=identity), updated)
307 | …source_missing" in view.reasons
    |

E501 Line too long (101 > 100)
   --> tests/test_raw_episode_v3.py:313:101
    |
311 | def test_frame_and_descriptor_source_identity_cannot_drift_from_envelope():
312 |     envelope, records = fixture()
313 |     descriptor = replace(envelope.clock_descriptor, source_hashes={"src/changed-clock.py": "b" * 64})
    |                                                                                                     ^
314 |     view = api().validate_raw_episode_v3(replace(envelope, clock_descriptor=descriptor), records)
315 |     assert view.status == "INVALID"
    |

E501 Line too long (111 > 100)
   --> tests/test_raw_episode_v3.py:321:101
    |
319 |     envelope, records = fixture()
320 |     payload = envelope.to_payload()
321 |     assert payload["schema_version"] == "rgbd.raw-episode.v3" and payload["scope"] == "SOURCE_CONSISTENCY_ONLY"
    |                                                                                                     ^^^^^^^^^^^
322 |     payload["scope"] = "EXECUTION_ACCEPTED"
323 |     with pytest.raises(ValueError):
    |

E501 Line too long (128 > 100)
   --> tests/test_raw_episode_v3.py:346:101
    |
344 |     second = {**dict(command.command_payload), "command_seq": 2}
345 |     stamp = next(i for i in records.intervals if i.interval_id == "command")
346 |     later = replace(stamp, interval_id="command-2", start=replace(stamp.start, sequence=210_200_001, mono_before_ns=210_200_000,
    |                                                                                                     ^^^^^^^^^^^^^^^^^^^^^^^^^^^^
347 |                     utc_at=NOW + timedelta(microseconds=210200), mono_after_ns=210_200_100),
348 |                     end=replace(stamp.end, sequence=210_210_001, mono_before_ns=210_210_000,
    |

E501 Line too long (163 > 100)
   --> tests/test_raw_episode_v3.py:351:101
    |
349 | …ono_after_ns=210_210_100))
350 | …als, later),
351 | …ayload=first), replace(command, command_seq=2, command_payload=second, interval_id="command-2")),
    |                                    ^^^^^^^^^^^^^^^^^^^^^^^^^^^^^^^^^^^^^^^^^^^^^^^^^^^^^^^^^^^^^^^
352 | … command_seq_end=3),)))
353 | …l_command_seq=2), updated)
    |

E501 Line too long (108 > 100)
   --> tests/test_raw_episode_v3.py:368:101
    |
366 |                            utc_at=NOW + timedelta(microseconds=ns // 1000))
367 |         return replace(base, interval_id=name, kind=kind, start_step=n0, end_step=n1,
368 |                        start_sim_time_s=n0 / 240, end_sim_time_s=n1 / 240, start=pair(start), end=pair(end))
    |                                                                                                     ^^^^^^^^
369 |     extra = (interval("wait", "WAIT", 121, 122, 230_000_000, 240_000_000),
370 |              interval("control-122", "CONTROL_APPLY", 121, 121, 231_000_000, 231_001_000),
    |

E501 Line too long (140 > 100)
   --> tests/test_raw_episode_v3.py:374:101
    |
372 | …
373 | …ntrol_rad=[0.1] * 7)
374 | …ty, 122, hash_payload(state(121)), state(122), ctl, "step-122", "control-122", "wait")
    |                                                ^^^^^^^^^^^^^^^^^^^^^^^^^^^^^^^^^^^^^^^^
375 | …
376 | … target_positions_rad=[0.1] * 7, applied_target_positions_rad=[0.1] * 7)
    |

E501 Line too long (126 > 100)
   --> tests/test_raw_episode_v3.py:376:101
    |
374 |     physical = m.RawPhysicsStepV3(999, envelope.identity, 122, hash_payload(state(121)), state(122), ctl, "step-122", "control-122", …
375 |     cmd = dict(records.commands[0].command_payload)
376 |     cmd.update(reason="queued_until_physics_step=121", target_positions_rad=[0.1] * 7, applied_target_positions_rad=[0.1] * 7)
    |                                                                                                     ^^^^^^^^^^^^^^^^^^^^^^^^^^
377 |     changed = renumber(replace(records, intervals=(*records.intervals, *extra), physics=(*records.physics, physical),
378 |                               commands=(replace(records.commands[0], command_payload=cmd, effective_from_step=122),)))
    |

E501 Line too long (117 > 100)
   --> tests/test_raw_episode_v3.py:377:101
    |
375 |     cmd = dict(records.commands[0].command_payload)
376 |     cmd.update(reason="queued_until_physics_step=121", target_positions_rad=[0.1] * 7, applied_target_positions_rad=[0.1] * 7)
377 |     changed = renumber(replace(records, intervals=(*records.intervals, *extra), physics=(*records.physics, physical),
    |                                                                                                     ^^^^^^^^^^^^^^^^^
378 |                               commands=(replace(records.commands[0], command_payload=cmd, effective_from_step=122),)))
379 |     view = m.validate_raw_episode_v3(replace(envelope, terminal_state_payload=state(122), actuator_delay_steps=1), changed)
    |

E501 Line too long (118 > 100)
   --> tests/test_raw_episode_v3.py:378:101
    |
376 |     cmd.update(reason="queued_until_physics_step=121", target_positions_rad=[0.1] * 7, applied_target_positions_rad=[0.1] * 7)
377 |     changed = renumber(replace(records, intervals=(*records.intervals, *extra), physics=(*records.physics, physical),
378 |                               commands=(replace(records.commands[0], command_payload=cmd, effective_from_step=122),)))
    |                                                                                                     ^^^^^^^^^^^^^^^^^^
379 |     view = m.validate_raw_episode_v3(replace(envelope, terminal_state_payload=state(122), actuator_delay_steps=1), changed)
380 |     assert view.status == "COMPLETE", view.reasons
    |

E501 Line too long (123 > 100)
   --> tests/test_raw_episode_v3.py:379:101
    |
377 |     changed = renumber(replace(records, intervals=(*records.intervals, *extra), physics=(*records.physics, physical),
378 |                               commands=(replace(records.commands[0], command_payload=cmd, effective_from_step=122),)))
379 |     view = m.validate_raw_episode_v3(replace(envelope, terminal_state_payload=state(122), actuator_delay_steps=1), changed)
    |                                                                                                     ^^^^^^^^^^^^^^^^^^^^^^^
380 |     assert view.status == "COMPLETE", view.reasons
381 |     assert changed.commands[0].owner_action_span_id == "span-1" and changed.physics[-1].purpose_interval_id == "wait"
    |

E501 Line too long (117 > 100)
   --> tests/test_raw_episode_v3.py:381:101
    |
379 |     view = m.validate_raw_episode_v3(replace(envelope, terminal_state_payload=state(122), actuator_delay_steps=1), changed)
380 |     assert view.status == "COMPLETE", view.reasons
381 |     assert changed.commands[0].owner_action_span_id == "span-1" and changed.physics[-1].purpose_interval_id == "wait"
    |                                                                                                     ^^^^^^^^^^^^^^^^^
    |

E501 Line too long (123 > 100)
   --> tests/test_raw_episode_v3.py:389:101
    |
387 |     attempted = replace(attempted, end_step=120, end_sim_time_s=0.5)
388 |     removed = {"step-121", "control-121", "command", "acq-after"}
389 |     kept = tuple(attempted if i.interval_id == "attempt" else i for i in records.intervals if i.interval_id not in removed)
    |                                                                                                     ^^^^^^^^^^^^^^^^^^^^^^^
390 |     action = replace(records.actions[0], command_seq_end=1, returned_result=None, disposition="REJECTED", error="precondition_rejecte…
391 |     changed = renumber(replace(records, intervals=kept, physics=records.physics[:-1], commands=(), actions=(action,),
    |

E501 Line too long (136 > 100)
   --> tests/test_raw_episode_v3.py:390:101
    |
388 | … "acq-after"}
389 | …mpt" else i for i in records.intervals if i.interval_id not in removed)
390 | …_end=1, returned_result=None, disposition="REJECTED", error="precondition_rejected")
    |                                                  ^^^^^^^^^^^^^^^^^^^^^^^^^^^^^^^^^^^^
391 | …pt, physics=records.physics[:-1], commands=(), actions=(action,),
392 | …:1], joins=records.joins[:1]))
    |

E501 Line too long (117 > 100)
   --> tests/test_raw_episode_v3.py:391:101
    |
389 |     kept = tuple(attempted if i.interval_id == "attempt" else i for i in records.intervals if i.interval_id not in removed)
390 |     action = replace(records.actions[0], command_seq_end=1, returned_result=None, disposition="REJECTED", error="precondition_rejecte…
391 |     changed = renumber(replace(records, intervals=kept, physics=records.physics[:-1], commands=(), actions=(action,),
    |                                                                                                     ^^^^^^^^^^^^^^^^^
392 |                               frames=records.frames[:1], joins=records.joins[:1]))
393 |     view = api().validate_raw_episode_v3(replace(envelope, terminal_state_payload=state(120), terminal_command_seq=0,
    |

E501 Line too long (117 > 100)
   --> tests/test_raw_episode_v3.py:393:101
    |
391 |     changed = renumber(replace(records, intervals=kept, physics=records.physics[:-1], commands=(), actions=(action,),
392 |                               frames=records.frames[:1], joins=records.joins[:1]))
393 |     view = api().validate_raw_episode_v3(replace(envelope, terminal_state_payload=state(120), terminal_command_seq=0,
    |                                                                                                     ^^^^^^^^^^^^^^^^^
394 |                                                 allocated_acquisition_ids=("before",), original_file_hashes=records.frames[0].file_ha…
395 |     assert view.status == "COMPLETE", view.reasons
    |

E501 Line too long (148 > 100)
   --> tests/test_raw_episode_v3.py:394:101
    |
392 | …oins=records.joins[:1]))
393 | … terminal_state_payload=state(120), terminal_command_seq=0,
394 | …acquisition_ids=("before",), original_file_hashes=records.frames[0].file_hashes), changed)
    |                                            ^^^^^^^^^^^^^^^^^^^^^^^^^^^^^^^^^^^^^^^^^^^^^^^^
395 | …
396 | …["rejected_actions"] == 1
    |

E501 Line too long (114 > 100)
   --> tests/test_raw_episode_v3.py:418:101
    |
416 | """
417 |     result = subprocess.run([sys.executable, "-c", script], cwd=Path(__file__).resolve().parents[1],
418 |                             env={**os.environ, "PYTHONPATH": "src:."}, text=True, capture_output=True, timeout=10)
    |                                                                                                     ^^^^^^^^^^^^^^
419 |     assert result.returncode == 0, result.stderr
420 |     assert "bounded missing denominator retained" in result.stdout
    |

E501 Line too long (105 > 100)
   --> tests/test_raw_episode_v3.py:425:101
    |
423 | def test_executed_payload_and_original_absolute_deadlines_cannot_be_replaced():
424 |     envelope, records = fixture()
425 |     altered = records.actions[0].original_plan.requirements["move"].original_step.model_dump(mode="json")
    |                                                                                                     ^^^^^
426 |     altered["parameters"] = {"object_id": "decoy"}
427 |     bad = replace(records, actions=(replace(records.actions[0], executed_step_payload=altered),))
    |

E501 Line too long (105 > 100)
   --> tests/test_raw_episode_v3.py:439:101
    |
437 |     retry = replace(records, actions=(replace(records.actions[0], attempt=2),))
438 |     view = api().validate_raw_episode_v3(envelope, retry)
439 |     assert view.status == "INVALID" and "original_retry_policy_or_attempt_order_mismatch" in view.reasons
    |                                                                                                     ^^^^^
440 |     payload = records.to_payload()
441 |     payload["actions"][0]["returned_result"]["details"]["physics_steps"] = True
    |

E501 Line too long (141 > 100)
   --> tests/test_raw_episode_v3.py:456:101
    |
454 | …
455 | …
456 | …d="some-source", transform_payload={"garbage": True}, transform_source_hashes=SOURCES)
    |                                               ^^^^^^^^^^^^^^^^^^^^^^^^^^^^^^^^^^^^^^^^^
    |

E501 Line too long (115 > 100)
   --> tests/test_raw_episode_v3.py:461:101
    |
459 | def test_individual_original_task_deadline_cannot_extend_even_when_verification_is_earlier():
460 |     envelope, records = fixture()
461 |     view = api().validate_raw_episode_v3(replace(envelope, task_deadline_at=NOW + timedelta(seconds=600)), records)
    |                                                                                                     ^^^^^^^^^^^^^^^
462 |     assert view.status == "INVALID" and "original_absolute_deadline_extended" in view.reasons
    |

E501 Line too long (125 > 100)
   --> tests/test_raw_episode_v3.py:478:101
    |
476 |     payload = dict(source.observation_payload)
477 |     if not corrupt_online:
478 |         payload.update(depth_float32_base64=base64.b64encode(bytes(16)).decode(), valid_mask_base64=None, checksum_sha256="")
    |                                                                                                     ^^^^^^^^^^^^^^^^^^^^^^^^^
479 |     obs = RGBDObservation.model_validate(payload)
480 |     files = {f"frames/before-derived/{name}": hashlib.sha256(base64.b64decode(getattr(obs, attr))).hexdigest()
    |

E501 Line too long (110 > 100)
   --> tests/test_raw_episode_v3.py:480:101
    |
478 |         payload.update(depth_float32_base64=base64.b64encode(bytes(16)).decode(), valid_mask_base64=None, checksum_sha256="")
479 |     obs = RGBDObservation.model_validate(payload)
480 |     files = {f"frames/before-derived/{name}": hashlib.sha256(base64.b64decode(getattr(obs, attr))).hexdigest()
    |                                                                                                     ^^^^^^^^^^
481 |              for name, attr in (("rgb.png", "rgb_png_base64"), ("depth.f32", "depth_float32_base64"), ("mask.u8", "valid_mask_base64"…
482 |     transform = dict(schema_version="rgbd.fixed-corruption.v1", perturbation_seed=7, frame_count=1,
    |

E501 Line too long (136 > 100)
   --> tests/test_raw_episode_v3.py:481:101
    |
479 | …
480 | …b.sha256(base64.b64decode(getattr(obs, attr))).hexdigest()
481 | …_base64"), ("depth.f32", "depth_float32_base64"), ("mask.u8", "valid_mask_base64"))}
    |                                                  ^^^^^^^^^^^^^^^^^^^^^^^^^^^^^^^^^^^^
482 | …uption.v1", perturbation_seed=7, frame_count=1,
483 | ….0, occlusion_fraction=0.0)
    |

E501 Line too long (115 > 100)
   --> tests/test_raw_episode_v3.py:484:101
    |
482 |     transform = dict(schema_version="rgbd.fixed-corruption.v1", perturbation_seed=7, frame_count=1,
483 |                      noise_m=0.0, invalid_fraction=1.0, occlusion_fraction=0.0)
484 |     derived = replace(source, acquisition_id="before-derived", input_role="ONLINE", source_acquisition_id="before",
    |                                                                                                     ^^^^^^^^^^^^^^^
485 |                       observation_payload=obs.model_dump(mode="json"), file_hashes=files,
486 |                       transform_payload=transform, transform_source_hashes=SOURCES)
    |

E501 Line too long (113 > 100)
   --> tests/test_raw_episode_v3.py:487:101
    |
485 |                       observation_payload=obs.model_dump(mode="json"), file_hashes=files,
486 |                       transform_payload=transform, transform_source_hashes=SOURCES)
487 |     before_join = replace(records.joins[0], acquisition_id="before-derived", checksum_sha256=obs.checksum_sha256)
    |                                                                                                     ^^^^^^^^^^^^^
488 |     changed = renumber(replace(records, frames=(source, derived, records.frames[1]), joins=(before_join, records.joins[1])))
489 |     envelope = replace(envelope, allocated_acquisition_ids=("before", "before-derived", "after"),
    |

E501 Line too long (124 > 100)
   --> tests/test_raw_episode_v3.py:488:101
    |
486 |                       transform_payload=transform, transform_source_hashes=SOURCES)
487 |     before_join = replace(records.joins[0], acquisition_id="before-derived", checksum_sha256=obs.checksum_sha256)
488 |     changed = renumber(replace(records, frames=(source, derived, records.frames[1]), joins=(before_join, records.joins[1])))
    |                                                                                                     ^^^^^^^^^^^^^^^^^^^^^^^^
489 |     envelope = replace(envelope, allocated_acquisition_ids=("before", "before-derived", "after"),
490 |                        original_file_hashes={**dict(envelope.original_file_hashes), **files})
    |

E501 Line too long (107 > 100)
   --> tests/test_raw_episode_v3.py:499:101
    |
497 |     assert view.status == "COMPLETE", view.reasons
498 |     assert view.counts["recorded_acquisition_records"] == 3
499 |     assert view.counts["distinct_acquisition_intervals"] == 2 and view.counts["derived_online_inputs"] == 1
    |                                                                                                     ^^^^^^^
500 |     envelope, bad = derived_fixture(corrupt_online=True)
501 |     view = api().validate_raw_episode_v3(envelope, bad)
    |

Found 182 errors.
[*] 3 fixable with the `--fix` option (1 hidden fix can be enabled with the `--unsafe-fixes` option).
