{
  "backend_statistics": {
    "ISAAC_SIM": {
      "blocked_by_env_count": 3,
      "confidence_interval_95": [
        1346.9934668844298,
        1543.0065331155702
      ],
      "effect_size_vs_overall": 1.7714260488512457,
      "failed_count": 0,
      "maximum": 1534.0,
      "mean": 1445.0,
      "median": 1440.0,
      "minimum": 1361.0,
      "p25": 1361.0,
      "p75": 1534.0,
      "p95": 1534.0,
      "sample_count": 3,
      "standard_deviation": 86.6083136886985
    },
    "MOCK": {
      "blocked_by_env_count": 0,
      "confidence_interval_95": [
        1176.3881500357961,
        1209.4266647790187
      ],
      "effect_size_vs_overall": -0.510062635962939,
      "failed_count": 6,
      "maximum": 1394.0,
      "mean": 1192.9074074074074,
      "median": 1173.0,
      "minimum": 1118.0,
      "p25": 1148.0,
      "p75": 1233.0,
      "p95": 1300.0,
      "sample_count": 54,
      "standard_deviation": 61.93431350534256
    },
    "MOVEIT_DRY_RUN": {
      "blocked_by_env_count": 0,
      "confidence_interval_95": [
        1406.2749953939528,
        1560.0583379393806
      ],
      "effect_size_vs_overall": 2.1168420614423016,
      "failed_count": 6,
      "maximum": 1614.0,
      "mean": 1483.1666666666667,
      "median": 1486.5,
      "minimum": 1359.0,
      "p25": 1399.0,
      "p75": 1554.0,
      "p95": 1614.0,
      "sample_count": 6,
      "standard_deviation": 96.09457147345353
    },
    "MUJOCO": {
      "blocked_by_env_count": 0,
      "confidence_interval_95": [
        1264.3427385592079,
        1341.1239281074588
      ],
      "effect_size_vs_overall": 0.4838840910009195,
      "failed_count": 1,
      "maximum": 1484.0,
      "mean": 1302.7333333333333,
      "median": 1308.0,
      "minimum": 1208.0,
      "p25": 1248.0,
      "p75": 1330.0,
      "p95": 1484.0,
      "sample_count": 15,
      "standard_deviation": 75.8602725567273
    },
    "PLANNER_DRY_RUN": {
      "blocked_by_env_count": 0,
      "confidence_interval_95": [
        1187.2028958811154,
        1287.130437452218
      ],
      "effect_size_vs_overall": -0.10950743455943414,
      "failed_count": 0,
      "maximum": 1330.0,
      "mean": 1237.1666666666667,
      "median": 1240.5,
      "minimum": 1151.0,
      "p25": 1191.0,
      "p75": 1270.0,
      "p95": 1330.0,
      "sample_count": 6,
      "standard_deviation": 62.44170614794783
    },
    "SYNTHETIC_DRY_RUN": {
      "blocked_by_env_count": 0,
      "confidence_interval_95": [
        1226.2749953939528,
        1380.0583379393806
      ],
      "effect_size_vs_overall": 0.48780584485566564,
      "failed_count": 6,
      "maximum": 1434.0,
      "mean": 1303.1666666666667,
      "median": 1306.5,
      "minimum": 1179.0,
      "p25": 1219.0,
      "p75": 1374.0,
      "p95": 1434.0,
      "sample_count": 6,
      "standard_deviation": 96.09457147345353
    }
  },
  "blocked_by_env_count": 3,
  "group_statistics": {
    "AUTO": {
      "blocked_by_env_count": 0,
      "confidence_interval_95": [
        1197.3696494417138,
        1262.230350558286
      ],
      "effect_size_vs_overall": -0.1761772500901105,
      "failed_count": 6,
      "maximum": 1554.0,
      "mean": 1229.8,
      "median": 1194.0,
      "minimum": 1158.0,
      "p25": 1167.0,
      "p75": 1251.0,
      "p95": 1399.0,
      "sample_count": 30,
      "standard_deviation": 90.62670688047756
    },
    "ETEAC": {
      "blocked_by_env_count": 0,
      "confidence_interval_95": [
        1157.3696494417138,
        1222.230350558286
      ],
      "effect_size_vs_overall": -0.538185298220474,
      "failed_count": 6,
      "maximum": 1514.0,
      "mean": 1189.8,
      "median": 1154.0,
      "minimum": 1118.0,
      "p25": 1127.0,
      "p75": 1211.0,
      "p95": 1359.0,
      "sample_count": 30,
      "standard_deviation": 90.62670688047756
    },
    "PCSC": {
      "blocked_by_env_count": 3,
      "confidence_interval_95": [
        1291.4491934801144,
        1364.9508065198856
      ],
      "effect_size_vs_overall": 0.7143625483105845,
      "failed_count": 7,
      "maximum": 1614.0,
      "mean": 1328.2,
      "median": 1304.0,
      "minimum": 1218.0,
      "p25": 1239.0,
      "p75": 1390.0,
      "p95": 1534.0,
      "sample_count": 30,
      "standard_deviation": 102.70023335433315
    }
  },
  "missing_data_reasons": {
    "BLOCKED_BY_ENV": 3
  },
  "paired_results": {
    "blocked_by_env_count": 3,
    "confidence_interval_95": [
      0.0,
      0.0
    ],
    "effect_size": null,
    "failed_pair_count": 1,
    "mean_delta": 0.0,
    "median_delta": 0.0,
    "pair_count": 6,
    "usable_pair_count": 2
  },
  "profile": "smoke"
}
