E501 Line too long (109 > 100)
  --> artifacts/research/process/20261004-ced-development/astra-repair-execution/R01/marker-v4-preparation/fix-round-1/offline/test_cpu.py:10:101
   |
 8 | import pytest
 9 |
10 | spec = importlib.util.spec_from_file_location('sparse_offline', Path(__file__).with_name('verify_sparse.py'))
   |                                                                                                     ^^^^^^^^^
11 | V = importlib.util.module_from_spec(spec)
12 | spec.loader.exec_module(V)
   |

E731 Do not assign a `lambda` expression, use a `def`
  --> artifacts/research/process/20261004-ced-development/astra-repair-execution/R01/marker-v4-preparation/fix-round-1/offline/test_cpu.py:17:5
   |
15 | def index_fixture():
16 |     selected = [0, 2]
17 |     ident = lambda step: dict(episode_id='e', physics_step=step, sim_time_s=step * .1)
   |     ^^^^^^^^^^^^^^^^^^^^^^^^^^^^^^^^^^^^^^^^^^^^^^^^^^^^^^^^^^^^^^^^^^^^^^^^^^^^^^^^^^
18 |     rows = []
19 |     for step in range(3):
   |
help: Rewrite `ident` as a `def`

E501 Line too long (107 > 100)
  --> artifacts/research/process/20261004-ced-development/astra-repair-execution/R01/marker-v4-preparation/fix-round-1/offline/test_cpu.py:27:101
   |
25 |                    final_sim_time_s=.2, episode_id='e', recipe_range_status='MATCH',
26 |                    physical_callback_attempts=3, physical_callbacks=3, allocated_steps=selected,
27 |                    saved_steps=selected, failed_steps=[], missing_selected_steps=[], publication_errors=[])
   |                                                                                                     ^^^^^^^
28 |     rows.append(dict(event='FINISH', **summary))
29 |     return rows, summary, selected
   |

E501 Line too long (128 > 100)
  --> artifacts/research/process/20261004-ced-development/astra-repair-execution/R01/marker-v4-preparation/fix-round-1/offline/test_cpu.py:37:101
   |
37 | @pytest.mark.parametrize('variant', ['extra_callback', 'duplicate_end', 'failed', 'hanging', 'wrong_selected', 'wrong_episode'])
   |                                                                                                     ^^^^^^^^^^^^^^^^^^^^^^^^^^^^
38 | def test_full_callback_and_selected_denominator_rejects_drift(variant):
39 |     rows, summary, selected = index_fixture()
   |

E701 Multiple statements on one line (colon)
  --> artifacts/research/process/20261004-ced-development/astra-repair-execution/R01/marker-v4-preparation/fix-round-1/offline/test_cpu.py:40:35
   |
38 | def test_full_callback_and_selected_denominator_rejects_drift(variant):
39 |     rows, summary, selected = index_fixture()
40 |     if variant == 'extra_callback': rows.insert(-1, dict(event='PHYSICAL_CALLBACK', selected=False, episode_id='e', physics_step=3, si…
   |                                   ^
41 |     elif variant == 'duplicate_end': rows.insert(-1, copy.deepcopy(rows[2]))
42 |     elif variant == 'failed': rows.insert(-1, dict(event='FAILED', episode_id='e', physics_step=3, sim_time_s=.3))
   |

E501 Line too long (147 > 100)
  --> artifacts/research/process/20261004-ced-development/astra-repair-execution/R01/marker-v4-preparation/fix-round-1/offline/test_cpu.py:40:101
   |
38 | …rift(variant):
39 | …
40 | …event='PHYSICAL_CALLBACK', selected=False, episode_id='e', physics_step=3, sim_time_s=.3))
   |                                             ^^^^^^^^^^^^^^^^^^^^^^^^^^^^^^^^^^^^^^^^^^^^^^^
41 | ….deepcopy(rows[2]))
42 | …'FAILED', episode_id='e', physics_step=3, sim_time_s=.3))
   |

E701 Multiple statements on one line (colon)
  --> artifacts/research/process/20261004-ced-development/astra-repair-execution/R01/marker-v4-preparation/fix-round-1/offline/test_cpu.py:41:36
   |
39 |     rows, summary, selected = index_fixture()
40 |     if variant == 'extra_callback': rows.insert(-1, dict(event='PHYSICAL_CALLBACK', selected=False, episode_id='e', physics_step=3, si…
41 |     elif variant == 'duplicate_end': rows.insert(-1, copy.deepcopy(rows[2]))
   |                                    ^
42 |     elif variant == 'failed': rows.insert(-1, dict(event='FAILED', episode_id='e', physics_step=3, sim_time_s=.3))
43 |     elif variant == 'hanging': rows.pop(-2)
   |

E701 Multiple statements on one line (colon)
  --> artifacts/research/process/20261004-ced-development/astra-repair-execution/R01/marker-v4-preparation/fix-round-1/offline/test_cpu.py:42:29
   |
40 |     if variant == 'extra_callback': rows.insert(-1, dict(event='PHYSICAL_CALLBACK', selected=False, episode_id='e', physics_step=3, si…
41 |     elif variant == 'duplicate_end': rows.insert(-1, copy.deepcopy(rows[2]))
42 |     elif variant == 'failed': rows.insert(-1, dict(event='FAILED', episode_id='e', physics_step=3, sim_time_s=.3))
   |                             ^
43 |     elif variant == 'hanging': rows.pop(-2)
44 |     elif variant == 'wrong_selected': rows[0]['selected'] = False
   |

E501 Line too long (114 > 100)
  --> artifacts/research/process/20261004-ced-development/astra-repair-execution/R01/marker-v4-preparation/fix-round-1/offline/test_cpu.py:42:101
   |
40 |     if variant == 'extra_callback': rows.insert(-1, dict(event='PHYSICAL_CALLBACK', selected=False, episode_id='e', physics_step=3, si…
41 |     elif variant == 'duplicate_end': rows.insert(-1, copy.deepcopy(rows[2]))
42 |     elif variant == 'failed': rows.insert(-1, dict(event='FAILED', episode_id='e', physics_step=3, sim_time_s=.3))
   |                                                                                                     ^^^^^^^^^^^^^^
43 |     elif variant == 'hanging': rows.pop(-2)
44 |     elif variant == 'wrong_selected': rows[0]['selected'] = False
   |

E701 Multiple statements on one line (colon)
  --> artifacts/research/process/20261004-ced-development/astra-repair-execution/R01/marker-v4-preparation/fix-round-1/offline/test_cpu.py:43:30
   |
41 |     elif variant == 'duplicate_end': rows.insert(-1, copy.deepcopy(rows[2]))
42 |     elif variant == 'failed': rows.insert(-1, dict(event='FAILED', episode_id='e', physics_step=3, sim_time_s=.3))
43 |     elif variant == 'hanging': rows.pop(-2)
   |                              ^
44 |     elif variant == 'wrong_selected': rows[0]['selected'] = False
45 |     elif variant == 'wrong_episode': rows[0]['episode_id'] = 'other'
   |

E701 Multiple statements on one line (colon)
  --> artifacts/research/process/20261004-ced-development/astra-repair-execution/R01/marker-v4-preparation/fix-round-1/offline/test_cpu.py:44:37
   |
42 |     elif variant == 'failed': rows.insert(-1, dict(event='FAILED', episode_id='e', physics_step=3, sim_time_s=.3))
43 |     elif variant == 'hanging': rows.pop(-2)
44 |     elif variant == 'wrong_selected': rows[0]['selected'] = False
   |                                     ^
45 |     elif variant == 'wrong_episode': rows[0]['episode_id'] = 'other'
46 |     with pytest.raises(ValueError): V.validate_index(rows, summary, selected, 2, 'e')
   |

E701 Multiple statements on one line (colon)
  --> artifacts/research/process/20261004-ced-development/astra-repair-execution/R01/marker-v4-preparation/fix-round-1/offline/test_cpu.py:45:36
   |
43 |     elif variant == 'hanging': rows.pop(-2)
44 |     elif variant == 'wrong_selected': rows[0]['selected'] = False
45 |     elif variant == 'wrong_episode': rows[0]['episode_id'] = 'other'
   |                                    ^
46 |     with pytest.raises(ValueError): V.validate_index(rows, summary, selected, 2, 'e')
   |

E701 Multiple statements on one line (colon)
  --> artifacts/research/process/20261004-ced-development/astra-repair-execution/R01/marker-v4-preparation/fix-round-1/offline/test_cpu.py:46:35
   |
44 |     elif variant == 'wrong_selected': rows[0]['selected'] = False
45 |     elif variant == 'wrong_episode': rows[0]['episode_id'] = 'other'
46 |     with pytest.raises(ValueError): V.validate_index(rows, summary, selected, 2, 'e')
   |                                   ^
   |

E501 Line too long (194 > 100)
  --> artifacts/research/process/20261004-ced-development/astra-repair-execution/R01/marker-v4-preparation/fix-round-1/offline/test_cpu.py:50:101
   |
49 | …
50 | …de_id='e', physics_step=0, sim_time_s=0., parameters={}, result=None, error=None, error_type=None), record_seq=1)
   |                     ^^^^^^^^^^^^^^^^^^^^^^^^^^^^^^^^^^^^^^^^^^^^^^^^^^^^^^^^^^^^^^^^^^^^^^^^^^^^^^^^^^^^^^^^^^^^^^
51 | …
52 | …
   |

E501 Line too long (105 > 100)
  --> artifacts/research/process/20261004-ced-development/astra-repair-execution/R01/marker-v4-preparation/fix-round-1/offline/test_cpu.py:61:101
   |
61 | @pytest.mark.parametrize('key,value', [('kind','COMMAND'), ('episode_id','wrong'), ('physics_step',999)])
   |                                                                                                     ^^^^^
62 | def test_operation_rejects_unrelated_begin(key, value):
63 |     begin, end = operation_fixture(); begin['source'][key]=value
   |

E702 Multiple statements on one line (semicolon)
  --> artifacts/research/process/20261004-ced-development/astra-repair-execution/R01/marker-v4-preparation/fix-round-1/offline/test_cpu.py:63:37
   |
61 | @pytest.mark.parametrize('key,value', [('kind','COMMAND'), ('episode_id','wrong'), ('physics_step',999)])
62 | def test_operation_rejects_unrelated_begin(key, value):
63 |     begin, end = operation_fixture(); begin['source'][key]=value
   |                                     ^
64 |     with pytest.raises(ValueError): V.validate_operation_pair(begin, end, 'e')
   |

E701 Multiple statements on one line (colon)
  --> artifacts/research/process/20261004-ced-development/astra-repair-execution/R01/marker-v4-preparation/fix-round-1/offline/test_cpu.py:64:35
   |
62 | def test_operation_rejects_unrelated_begin(key, value):
63 |     begin, end = operation_fixture(); begin['source'][key]=value
64 |     with pytest.raises(ValueError): V.validate_operation_pair(begin, end, 'e')
   |                                   ^
   |

E501 Line too long (162 > 100)
  --> artifacts/research/process/20261004-ced-development/astra-repair-execution/R01/marker-v4-preparation/fix-round-1/offline/test_cpu.py:69:101
   |
67 | …
68 | …[], ctrl=[0.]*9)
69 | …amera[n]))+struct.pack('<'+'d'*len(camera[n]), *camera[n]) for n in ('qpos','qvel','act','ctrl'))
   |                                     ^^^^^^^^^^^^^^^^^^^^^^^^^^^^^^^^^^^^^^^^^^^^^^^^^^^^^^^^^^^^^^
70 | …mera_state=camera)
71 | … physics_state_sha256=hashlib.sha256(raw).hexdigest())
   |

E501 Line too long (119 > 100)
  --> artifacts/research/process/20261004-ced-development/astra-repair-execution/R01/marker-v4-preparation/fix-round-1/offline/test_cpu.py:71:101
   |
69 |     raw = struct.pack('<d', .1) + b''.join(struct.pack('<I',len(camera[n]))+struct.pack('<'+'d'*len(camera[n]), *camera[n]) for n in (…
70 |     full = dict(episode_id='e', physics_step=1, sim_time_s=.1, camera_state=camera)
71 |     before = dict(episode_id='e', physical_step=1, sim_time_s=.1, physics_state_sha256=hashlib.sha256(raw).hexdigest())
   |                                                                                                     ^^^^^^^^^^^^^^^^^^^
72 |     fields = [dict(name=n, dtype='<f8', shape=[len(camera[n])], status='DATA_BACKED' if camera[n] else 'EMPTY', byte_sha256=hashlib.sh…
73 |     return full, before, fields, dict(episode_id='e', physics_step=1, sim_time_s=.1)
   |

E501 Line too long (262 > 100)
  --> artifacts/research/process/20261004-ced-development/astra-repair-execution/R01/marker-v4-preparation/fix-round-1/offline/test_cpu.py:72:101
   |
70 | …
71 | …sha256(raw).hexdigest())
72 | …n] else 'EMPTY', byte_sha256=hashlib.sha256(struct.pack('<'+'d'*len(camera[n]), *camera[n])).hexdigest() if camera[n] else None) for n in ('qpos','qvel','act','ctrl')]
   |       ^^^^^^^^^^^^^^^^^^^^^^^^^^^^^^^^^^^^^^^^^^^^^^^^^^^^^^^^^^^^^^^^^^^^^^^^^^^^^^^^^^^^^^^^^^^^^^^^^^^^^^^^^^^^^^^^^^^^^^^^^^^^^^^^^^^^^^^^^^^^^^^^^^^^^^^^^^^^^^^^^^
73 | …
   |

E701 Multiple statements on one line (colon)
  --> artifacts/research/process/20261004-ced-development/astra-repair-execution/R01/marker-v4-preparation/fix-round-1/offline/test_cpu.py:83:29
   |
81 | def test_full_capture_state_rejects_forgery(variant):
82 |     full, before, fields, identity = full_fixture()
83 |     if variant=='qpos_bytes': full['camera_state']['qpos'][0]=1.
   |                             ^
84 |     elif variant=='missing_qpos': full['camera_state']['qpos'].pop()
85 |     else: full['physics_step']=2
   |

E701 Multiple statements on one line (colon)
  --> artifacts/research/process/20261004-ced-development/astra-repair-execution/R01/marker-v4-preparation/fix-round-1/offline/test_cpu.py:84:33
   |
82 |     full, before, fields, identity = full_fixture()
83 |     if variant=='qpos_bytes': full['camera_state']['qpos'][0]=1.
84 |     elif variant=='missing_qpos': full['camera_state']['qpos'].pop()
   |                                 ^
85 |     else: full['physics_step']=2
86 |     with pytest.raises(ValueError): V.validate_full_state(full,before,fields,identity)
   |

E701 Multiple statements on one line (colon)
  --> artifacts/research/process/20261004-ced-development/astra-repair-execution/R01/marker-v4-preparation/fix-round-1/offline/test_cpu.py:85:9
   |
83 |     if variant=='qpos_bytes': full['camera_state']['qpos'][0]=1.
84 |     elif variant=='missing_qpos': full['camera_state']['qpos'].pop()
85 |     else: full['physics_step']=2
   |         ^
86 |     with pytest.raises(ValueError): V.validate_full_state(full,before,fields,identity)
   |

E701 Multiple statements on one line (colon)
  --> artifacts/research/process/20261004-ced-development/astra-repair-execution/R01/marker-v4-preparation/fix-round-1/offline/test_cpu.py:86:35
   |
84 |     elif variant=='missing_qpos': full['camera_state']['qpos'].pop()
85 |     else: full['physics_step']=2
86 |     with pytest.raises(ValueError): V.validate_full_state(full,before,fields,identity)
   |                                   ^
   |

E501 Line too long (126 > 100)
  --> artifacts/research/process/20261004-ced-development/astra-repair-execution/R01/marker-v4-preparation/fix-round-1/offline/test_cpu.py:90:101
   |
89 | def test_recorded_comparison_excludes_only_episode():
90 |     assert V.compare_recorded([dict(episode_id='old', value=[1.])], [dict(episode_id='new', value=[1.])])['different_rows']==0
   |                                                                                                     ^^^^^^^^^^^^^^^^^^^^^^^^^^
91 |     assert V.compare_recorded([dict(episode_id='old', value=[1.])], [dict(episode_id='new', value=[2.])])['different_rows']==1
   |

E501 Line too long (126 > 100)
  --> artifacts/research/process/20261004-ced-development/astra-repair-execution/R01/marker-v4-preparation/fix-round-1/offline/test_cpu.py:91:101
   |
89 | def test_recorded_comparison_excludes_only_episode():
90 |     assert V.compare_recorded([dict(episode_id='old', value=[1.])], [dict(episode_id='new', value=[1.])])['different_rows']==0
91 |     assert V.compare_recorded([dict(episode_id='old', value=[1.])], [dict(episode_id='new', value=[2.])])['different_rows']==1
   |                                                                                                     ^^^^^^^^^^^^^^^^^^^^^^^^^^
   |

E501 Line too long (117 > 100)
  --> artifacts/research/process/20261004-ced-development/astra-repair-execution/R01/marker-v4-preparation/fix-round-1/offline/test_cpu.py:95:101
   |
94 | def test_marker_comparison_retains_unknown_and_exception_denominator():
95 |     r=V.compare_markers([1,2,3], {1:'UNKNOWN',2:'OBSERVED',3:'UNKNOWN'}, {1:'OBSERVED',2:'UNKNOWN',3:'DECODE_ERROR'})
   |                                                                                                     ^^^^^^^^^^^^^^^^^
96 |     assert r['selected_denominator']==3
97 |     assert r['transitions']=={'UNKNOWN->OBSERVED':1,'OBSERVED->UNKNOWN':1,'UNKNOWN->DECODE_ERROR':1}
   |

E501 Line too long (160 > 100)
  --> artifacts/research/process/20261004-ced-development/astra-repair-execution/R01/marker-v4-preparation/fix-round-1/offline/verify_sparse.py:45:101
   |
44 | …
45 | …), allow_nan=False) == json.dumps(right, sort_keys=True, separators=(',', ':'), allow_nan=False)
   |                                      ^^^^^^^^^^^^^^^^^^^^^^^^^^^^^^^^^^^^^^^^^^^^^^^^^^^^^^^^^^^^
   |

E501 Line too long (143 > 100)
  --> artifacts/research/process/20261004-ced-development/astra-repair-execution/R01/marker-v4-preparation/fix-round-1/offline/verify_sparse.py:68:101
   |
66 | …ode):
67 | … final range')
68 | …ype(s) is int and 0 <= s <= final for s in selected), 'invalid selected step inventory')
   |                                               ^^^^^^^^^^^^^^^^^^^^^^^^^^^^^^^^^^^^^^^^^^^
69 | …ICAL_CALLBACK']
70 | …BEGIN'], lambda r: r['physics_step'])
   |

E501 Line too long (136 > 100)
  --> artifacts/research/process/20261004-ced-development/astra-repair-execution/R01/marker-v4-preparation/fix-round-1/offline/verify_sparse.py:73:101
   |
71 | …'END'], lambda r: r['physics_step'])
72 | …NISH']
73 | …'BEGIN', 'END', 'FINISH'} for r in rows), 'retained failure or unknown index event')
   |                                                  ^^^^^^^^^^^^^^^^^^^^^^^^^^^^^^^^^^^^
74 | …= list(range(final + 1)), 'full physical callback range mismatch')
75 | …s), 'selected allocated/saved denominator mismatch')
   |

E501 Line too long (118 > 100)
  --> artifacts/research/process/20261004-ced-development/astra-repair-execution/R01/marker-v4-preparation/fix-round-1/offline/verify_sparse.py:74:101
   |
72 |     finishes = [r for r in rows if r['event'] == 'FINISH']
73 |     require(all(r['event'] in {'PHYSICAL_CALLBACK', 'BEGIN', 'END', 'FINISH'} for r in rows), 'retained failure or unknown index event…
74 |     require([r['physics_step'] for r in callbacks] == list(range(final + 1)), 'full physical callback range mismatch')
   |                                                                                                     ^^^^^^^^^^^^^^^^^^
75 |     require(sorted(begins) == selected == sorted(ends), 'selected allocated/saved denominator mismatch')
76 |     require(len(finishes) == 1 and same({k:v for k,v in finishes[0].items() if k != 'event'}, summary), 'index FINISH/summary mismatch…
   |

E501 Line too long (104 > 100)
  --> artifacts/research/process/20261004-ced-development/astra-repair-execution/R01/marker-v4-preparation/fix-round-1/offline/verify_sparse.py:75:101
   |
73 |     require(all(r['event'] in {'PHYSICAL_CALLBACK', 'BEGIN', 'END', 'FINISH'} for r in rows), 'retained failure or unknown index event…
74 |     require([r['physics_step'] for r in callbacks] == list(range(final + 1)), 'full physical callback range mismatch')
75 |     require(sorted(begins) == selected == sorted(ends), 'selected allocated/saved denominator mismatch')
   |                                                                                                     ^^^^
76 |     require(len(finishes) == 1 and same({k:v for k,v in finishes[0].items() if k != 'event'}, summary), 'index FINISH/summary mismatch…
77 |     require(summary['status'] == 'COMPLETE' and summary['recipe_range_status'] == 'MATCH' and summary['expected_physics_steps'] == fin…
   |

E501 Line too long (136 > 100)
  --> artifacts/research/process/20261004-ced-development/astra-repair-execution/R01/marker-v4-preparation/fix-round-1/offline/verify_sparse.py:76:101
   |
74 | …= list(range(final + 1)), 'full physical callback range mismatch')
75 | …s), 'selected allocated/saved denominator mismatch')
76 | … in finishes[0].items() if k != 'event'}, summary), 'index FINISH/summary mismatch')
   |                                                  ^^^^^^^^^^^^^^^^^^^^^^^^^^^^^^^^^^^^
77 | …ary['recipe_range_status'] == 'MATCH' and summary['expected_physics_steps'] == final and summary['final_physics_step'] == final, 'exa…
78 | … final+1 == summary['physical_callbacks'], 'physical callback counter mismatch')
   |

E501 Line too long (213 > 100)
  --> artifacts/research/process/20261004-ced-development/astra-repair-execution/R01/marker-v4-preparation/fix-round-1/offline/verify_sparse.py:77:101
   |
75 | …tor mismatch')
76 | …'}, summary), 'index FINISH/summary mismatch')
77 | …and summary['expected_physics_steps'] == final and summary['final_physics_step'] == final, 'exact recipe range incomplete')
   |            ^^^^^^^^^^^^^^^^^^^^^^^^^^^^^^^^^^^^^^^^^^^^^^^^^^^^^^^^^^^^^^^^^^^^^^^^^^^^^^^^^^^^^^^^^^^^^^^^^^^^^^^^^^^^^^^^^
78 | …s'], 'physical callback counter mismatch')
79 | …ry['failed_steps'] and not summary['missing_selected_steps'] and not summary['publication_errors'], 'retained acquisition denominator…
   |

E501 Line too long (132 > 100)
  --> artifacts/research/process/20261004-ced-development/astra-repair-execution/R01/marker-v4-preparation/fix-round-1/offline/verify_sparse.py:78:101
   |
76 | …,v in finishes[0].items() if k != 'event'}, summary), 'index FINISH/summary mismatch')
77 | …mmary['recipe_range_status'] == 'MATCH' and summary['expected_physics_steps'] == final and summary['final_physics_step'] == final, 'e…
78 | …== final+1 == summary['physical_callbacks'], 'physical callback counter mismatch')
   |                                                    ^^^^^^^^^^^^^^^^^^^^^^^^^^^^^^^^
79 | … == summary['saved_steps'] and not summary['failed_steps'] and not summary['missing_selected_steps'] and not summary['publication_err…
80 | …
   |

E501 Line too long (236 > 100)
  --> artifacts/research/process/20261004-ced-development/astra-repair-execution/R01/marker-v4-preparation/fix-round-1/offline/verify_sparse.py:79:101
   |
77 | …ummary['expected_physics_steps'] == final and summary['final_physics_step'] == final, 'exact recipe range incomplete')
78 | …'physical callback counter mismatch')
79 | …ailed_steps'] and not summary['missing_selected_steps'] and not summary['publication_errors'], 'retained acquisition denominator incomplete')
   |       ^^^^^^^^^^^^^^^^^^^^^^^^^^^^^^^^^^^^^^^^^^^^^^^^^^^^^^^^^^^^^^^^^^^^^^^^^^^^^^^^^^^^^^^^^^^^^^^^^^^^^^^^^^^^^^^^^^^^^^^^^^^^^^^^^^^^^^^^
80 | …
81 | …
   |

E501 Line too long (174 > 100)
  --> artifacts/research/process/20261004-ced-development/astra-repair-execution/R01/marker-v4-preparation/fix-round-1/offline/verify_sparse.py:83:101
   |
81 | …
82 | …
83 | …lected']) is bool and callback['selected'] == (step in begins), 'callback identity/selection mismatch')
   |                               ^^^^^^^^^^^^^^^^^^^^^^^^^^^^^^^^^^^^^^^^^^^^^^^^^^^^^^^^^^^^^^^^^^^^^^^^^^
84 | …_time_s'] > previous, 'callback simulation clock invalid')
85 | …
   |

E501 Line too long (129 > 100)
  --> artifacts/research/process/20261004-ced-development/astra-repair-execution/R01/marker-v4-preparation/fix-round-1/offline/verify_sparse.py:84:101
   |
82 | …     step = callback['physics_step']
83 | …     require(callback['episode_id'] == episode and type(callback['selected']) is bool and callback['selected'] == (step in begins), '…
84 | …     require(math.isfinite(callback['sim_time_s']) and callback['sim_time_s'] > previous, 'callback simulation clock invalid')
   |                                                                                                   ^^^^^^^^^^^^^^^^^^^^^^^^^^^^^
85 | …     previous = callback['sim_time_s']
86 | …     if step in begins:
   |

E501 Line too long (165 > 100)
  --> artifacts/research/process/20261004-ced-development/astra-repair-execution/R01/marker-v4-preparation/fix-round-1/offline/verify_sparse.py:87:101
   |
85 | …
86 | …
87 | …)) and same(identity(callback), identity(ends[step])), 'selected frame/callback identity mismatch')
   |                                    ^^^^^^^^^^^^^^^^^^^^^^^^^^^^^^^^^^^^^^^^^^^^^^^^^^^^^^^^^^^^^^^^^
88 | …]) is int and type(ends[step]['capture_monotonic_end_ns']) is int and begins[step]['capture_monotonic_begin_ns'] <= ends[step]['captu…
89 | …m_time_s'] == previous, 'index terminal episode/time mismatch')
   |

E501 Line too long (254 > 100)
  --> artifacts/research/process/20261004-ced-development/astra-repair-execution/R01/marker-v4-preparation/fix-round-1/offline/verify_sparse.py:88:101
   |
86 | …
87 | …), identity(ends[step])), 'selected frame/callback identity mismatch')
88 | …['capture_monotonic_end_ns']) is int and begins[step]['capture_monotonic_begin_ns'] <= ends[step]['capture_monotonic_end_ns'], 'index capture bracket invalid')
   |       ^^^^^^^^^^^^^^^^^^^^^^^^^^^^^^^^^^^^^^^^^^^^^^^^^^^^^^^^^^^^^^^^^^^^^^^^^^^^^^^^^^^^^^^^^^^^^^^^^^^^^^^^^^^^^^^^^^^^^^^^^^^^^^^^^^^^^^^^^^^^^^^^^^^^^^^^^^
89 | …x terminal episode/time mismatch')
90 | …
   |

E501 Line too long (129 > 100)
  --> artifacts/research/process/20261004-ced-development/astra-repair-execution/R01/marker-v4-preparation/fix-round-1/offline/verify_sparse.py:89:101
   |
87 |             require(same(identity(callback), identity(begins[step])) and same(identity(callback), identity(ends[step])), 'selected fra…
88 |             require(type(begins[step]['capture_monotonic_begin_ns']) is int and type(ends[step]['capture_monotonic_end_ns']) is int an…
89 |     require(summary['episode_id'] == episode and summary['final_sim_time_s'] == previous, 'index terminal episode/time mismatch')
   |                                                                                                     ^^^^^^^^^^^^^^^^^^^^^^^^^^^^^
90 |     return ends
   |

E501 Line too long (202 > 100)
  --> artifacts/research/process/20261004-ced-development/astra-repair-execution/R01/marker-v4-preparation/fix-round-1/offline/verify_sparse.py:96:101
   |
94 | …
95 | …plete')
96 | … and b['kind'] == e['kind'] and b['kind'] in {'PHYSICS','CONTROL','COMMAND','CAPTURE'}, 'operation id/kind mismatch')
   |                 ^^^^^^^^^^^^^^^^^^^^^^^^^^^^^^^^^^^^^^^^^^^^^^^^^^^^^^^^^^^^^^^^^^^^^^^^^^^^^^^^^^^^^^^^^^^^^^^^^^^^^^
97 | …'parameters']), 'operation episode/parameters mismatch')
98 | …ror'] is None and e['error'] is None and b['error_type'] is None and e['error_type'] is None, 'operation publication/failure mismatch…
   |

E501 Line too long (141 > 100)
  --> artifacts/research/process/20261004-ced-development/astra-repair-execution/R01/marker-v4-preparation/fix-round-1/offline/verify_sparse.py:97:101
   |
95 | …D', 'operation lifecycle incomplete')
96 | …tion_id'] == e['operation_id'] and b['kind'] == e['kind'] and b['kind'] in {'PHYSICS','CONTROL','COMMAND','CAPTURE'}, 'operation id/…
97 | …de and same(b['parameters'],e['parameters']), 'operation episode/parameters mismatch')
   |                                               ^^^^^^^^^^^^^^^^^^^^^^^^^^^^^^^^^^^^^^^^^
98 | … b['result'] is None and b['error'] is None and e['error'] is None and b['error_type'] is None and e['error_type'] is None, 'operati…
99 | …
   |

E501 Line too long (220 > 100)
   --> artifacts/research/process/20261004-ced-development/astra-repair-execution/R01/marker-v4-preparation/fix-round-1/offline/verify_sparse.py:98:101
    |
 96 | …ind'] == e['kind'] and b['kind'] in {'PHYSICS','CONTROL','COMMAND','CAPTURE'}, 'operation id/kind mismatch')
 97 | …rs']), 'operation episode/parameters mismatch')
 98 | …None and e['error'] is None and b['error_type'] is None and e['error_type'] is None, 'operation publication/failure mismatch')
    |        ^^^^^^^^^^^^^^^^^^^^^^^^^^^^^^^^^^^^^^^^^^^^^^^^^^^^^^^^^^^^^^^^^^^^^^^^^^^^^^^^^^^^^^^^^^^^^^^^^^^^^^^^^^^^^^^^^^^^^^^^
 99 | …
100 | …tep']+advance == e['physics_step'], 'operation step bracket mismatch')
    |

E501 Line too long (164 > 100)
   --> artifacts/research/process/20261004-ced-development/astra-repair-execution/R01/marker-v4-preparation/fix-round-1/offline/verify_sparse.py:100:101
    |
 98 | …] is None and b['error'] is None and e['error'] is None and b['error_type'] is None and e['error_type'] is None, 'operation publicat…
 99 | …
100 | …p']) is int and b['physics_step']+advance == e['physics_step'], 'operation step bracket mismatch')
    |                                    ^^^^^^^^^^^^^^^^^^^^^^^^^^^^^^^^^^^^^^^^^^^^^^^^^^^^^^^^^^^^^^^^
101 | …['sim_time_s'] == b['sim_time_s']), 'operation simulation-time bracket mismatch')
    |

E501 Line too long (147 > 100)
   --> artifacts/research/process/20261004-ced-development/astra-repair-execution/R01/marker-v4-preparation/fix-round-1/offline/verify_sparse.py:101:101
    |
 99 | …
100 | …sics_step']) is int and b['physics_step']+advance == e['physics_step'], 'operation step bracket mismatch')
101 | … else (e['sim_time_s'] == b['sim_time_s']), 'operation simulation-time bracket mismatch')
    |                                            ^^^^^^^^^^^^^^^^^^^^^^^^^^^^^^^^^^^^^^^^^^^^^^^
    |

E501 Line too long (228 > 100)
   --> artifacts/research/process/20261004-ced-development/astra-repair-execution/R01/marker-v4-preparation/fix-round-1/offline/verify_sparse.py:106:101
    |
104 | …
105 | …
106 | …im_time_s'] and before.get('episode_id',full['episode_id']) == full['episode_id'], 'protected scalar/full capture identity mismatch')
    |       ^^^^^^^^^^^^^^^^^^^^^^^^^^^^^^^^^^^^^^^^^^^^^^^^^^^^^^^^^^^^^^^^^^^^^^^^^^^^^^^^^^^^^^^^^^^^^^^^^^^^^^^^^^^^^^^^^^^^^^^^^^^^^^^^
107 | …
108 | …= full['sim_time_s'], 'full camera inventory/time mismatch')
    |

E501 Line too long (155 > 100)
   --> artifacts/research/process/20261004-ced-development/astra-repair-execution/R01/marker-v4-preparation/fix-round-1/offline/verify_sparse.py:108:101
    |
106 | …d before['sim_time_s'] == full['sim_time_s'] and before.get('episode_id',full['episode_id']) == full['episode_id'], 'protected scala…
107 | …
108 | …ctrl'} and camera['sim_time_s'] == full['sim_time_s'], 'full camera inventory/time mismatch')
    |                                        ^^^^^^^^^^^^^^^^^^^^^^^^^^^^^^^^^^^^^^^^^^^^^^^^^^^^^^^
109 | …
110 | …s']))
    |

E501 Line too long (183 > 100)
   --> artifacts/research/process/20261004-ced-development/astra-repair-execution/R01/marker-v4-preparation/fix-round-1/offline/verify_sparse.py:113:101
    |
111 | …
112 | …
113 | …) in {int,float} and math.isfinite(v) for v in values), 'full camera numeric length/values invalid: '+name)
    |                          ^^^^^^^^^^^^^^^^^^^^^^^^^^^^^^^^^^^^^^^^^^^^^^^^^^^^^^^^^^^^^^^^^^^^^^^^^^^^^^^^^^^
114 | …
115 | …
    |

E702 Multiple statements on one line (semicolon)
   --> artifacts/research/process/20261004-ced-development/astra-repair-execution/R01/marker-v4-preparation/fix-round-1/offline/verify_sparse.py:115:47
    |
113 | …     require(type(values) is list and len(values) == count and all(type(v) in {int,float} and math.isfinite(v) for v in values), 'fu…
114 | …     raw = struct.pack('<'+'d'*count,*values)
115 | …     digest.update(struct.pack('<I',count)); digest.update(raw)
    |                                             ^
116 | …     f = fields[name]
117 | …     require(f['shape'] == [count] and f['dtype'] == '<f8' and f['status'] == ('DATA_BACKED' if count else 'EMPTY') and f['byte_sha2…
    |

E501 Line too long (222 > 100)
   --> artifacts/research/process/20261004-ced-development/astra-repair-execution/R01/marker-v4-preparation/fix-round-1/offline/verify_sparse.py:117:101
    |
115 | …
116 | …
117 | … if count else 'EMPTY') and f['byte_sha256'] == (sha(raw) if count else None), 'full camera/guard byte domain mismatch: '+name)
    |       ^^^^^^^^^^^^^^^^^^^^^^^^^^^^^^^^^^^^^^^^^^^^^^^^^^^^^^^^^^^^^^^^^^^^^^^^^^^^^^^^^^^^^^^^^^^^^^^^^^^^^^^^^^^^^^^^^^^^^^^^^^
118 | …ash mismatch')
    |

E501 Line too long (109 > 100)
   --> artifacts/research/process/20261004-ced-development/astra-repair-execution/R01/marker-v4-preparation/fix-round-1/offline/verify_sparse.py:118:101
    |
116 |         f = fields[name]
117 |         require(f['shape'] == [count] and f['dtype'] == '<f8' and f['status'] == ('DATA_BACKED' if count else 'EMPTY') and f['byte_sh…
118 |     require(digest.hexdigest() == before['physics_state_sha256'], 'full camera physical-state hash mismatch')
    |                                                                                                     ^^^^^^^^^
    |

E731 Do not assign a `lambda` expression, use a `def`
   --> artifacts/research/process/20261004-ced-development/astra-repair-execution/R01/marker-v4-preparation/fix-round-1/offline/verify_sparse.py:122:5
    |
121 | def compare_recorded(old, new):
122 |     normalize = lambda row: {k:v for k,v in row.items() if k != 'episode_id'}
    |     ^^^^^^^^^^^^^^^^^^^^^^^^^^^^^^^^^^^^^^^^^^^^^^^^^^^^^^^^^^^^^^^^^^^^^^^^^
123 |     differences = [i for i,(a,b) in enumerate(zip(old,new)) if not same(normalize(a),normalize(b))]
124 |     return dict(old_rows=len(old),new_rows=len(new),different_rows=len(differences)+abs(len(old)-len(new)),different_row_indices=diff…
    |
help: Rewrite `normalize` as a `def`

B905 `zip()` without an explicit `strict=` parameter
   --> artifacts/research/process/20261004-ced-development/astra-repair-execution/R01/marker-v4-preparation/fix-round-1/offline/verify_sparse.py:123:47
    |
121 | def compare_recorded(old, new):
122 |     normalize = lambda row: {k:v for k,v in row.items() if k != 'episode_id'}
123 |     differences = [i for i,(a,b) in enumerate(zip(old,new)) if not same(normalize(a),normalize(b))]
    |                                               ^^^^^^^^^^^^
124 |     return dict(old_rows=len(old),new_rows=len(new),different_rows=len(differences)+abs(len(old)-len(new)),different_row_indices=diff…
    |
help: Add explicit value for parameter `strict=`

E501 Line too long (236 > 100)
   --> artifacts/research/process/20261004-ced-development/astra-repair-execution/R01/marker-v4-preparation/fix-round-1/offline/verify_sparse.py:124:101
    |
122 | …
123 | …b))]
124 | …)-len(new)),different_row_indices=differences,excluded_fields=['episode_id'],scope='ALL_RECORDED_FIELDS_ONLY_NOT_ALL_INTERNAL_RUNTIME_STATE')
    |       ^^^^^^^^^^^^^^^^^^^^^^^^^^^^^^^^^^^^^^^^^^^^^^^^^^^^^^^^^^^^^^^^^^^^^^^^^^^^^^^^^^^^^^^^^^^^^^^^^^^^^^^^^^^^^^^^^^^^^^^^^^^^^^^^^^^^^^^^
    |

E501 Line too long (111 > 100)
   --> artifacts/research/process/20261004-ced-development/astra-repair-execution/R01/marker-v4-preparation/fix-round-1/offline/verify_sparse.py:128:101
    |
127 | def compare_markers(selected, old, new):
128 |     require(set(selected) <= old.keys() and set(selected) == new.keys(), 'fixed marker denominator incomplete')
    |                                                                                                     ^^^^^^^^^^^
129 |     return dict(selected_denominator=len(selected), old_status_counts=dict(Counter(old[s] for s in selected)),new_status_counts=dict(…
    |

E501 Line too long (232 > 100)
   --> artifacts/research/process/20261004-ced-development/astra-repair-execution/R01/marker-v4-preparation/fix-round-1/offline/verify_sparse.py:129:101
    |
127 | …
128 | …tor incomplete')
129 | … in selected)),new_status_counts=dict(Counter(new[s] for s in selected)),transitions=dict(Counter(old[s]+'->'+new[s] for s in selected)))
    |       ^^^^^^^^^^^^^^^^^^^^^^^^^^^^^^^^^^^^^^^^^^^^^^^^^^^^^^^^^^^^^^^^^^^^^^^^^^^^^^^^^^^^^^^^^^^^^^^^^^^^^^^^^^^^^^^^^^^^^^^^^^^^^^^^^^^^
    |

E702 Multiple statements on one line (semicolon)
   --> artifacts/research/process/20261004-ced-development/astra-repair-execution/R01/marker-v4-preparation/fix-round-1/offline/verify_sparse.py:136:51
    |
134 |     require(sha(path.read_bytes()) == HELPER_SHA, 'immutable helper source differs')
135 |     spec = importlib.util.spec_from_file_location('v3_pure_reader_helpers', path)
136 |     module = importlib.util.module_from_spec(spec); spec.loader.exec_module(module)
    |                                                   ^
137 |     return module
    |

E501 Line too long (201 > 100)
   --> artifacts/research/process/20261004-ced-development/astra-repair-execution/R01/marker-v4-preparation/fix-round-1/offline/verify_sparse.py:146:101
    |
145 | …
146 | …ary['execution_header_sha256'] == sha((attempt.parent/'header.json').read_bytes()), 'execution header pin mismatch')
    |                 ^^^^^^^^^^^^^^^^^^^^^^^^^^^^^^^^^^^^^^^^^^^^^^^^^^^^^^^^^^^^^^^^^^^^^^^^^^^^^^^^^^^^^^^^^^^^^^^^^^^^^
147 | … == 'EXCLUDED_SAME_COMPONENT_SPARSE_MARKER_V4_PILOT' and header['raw_v3_status'] == 'CUSTOM_PROTOCOL_NOT_RAW_V3', 'custom sparse pro…
148 | …ation_group'] is False and header['native_admission'] == 'NOT_PROMOTED' and header['formal_accepted'] is False, 'authority boundary …
    |

E501 Line too long (233 > 100)
   --> artifacts/research/process/20261004-ced-development/astra-repair-execution/R01/marker-v4-preparation/fix-round-1/offline/verify_sparse.py:147:101
    |
145 | …
146 | …tion_header_sha256'] == sha((attempt.parent/'header.json').read_bytes()), 'execution header pin mismatch')
147 | …DED_SAME_COMPONENT_SPARSE_MARKER_V4_PILOT' and header['raw_v3_status'] == 'CUSTOM_PROTOCOL_NOT_RAW_V3', 'custom sparse protocol mismatch')
    |       ^^^^^^^^^^^^^^^^^^^^^^^^^^^^^^^^^^^^^^^^^^^^^^^^^^^^^^^^^^^^^^^^^^^^^^^^^^^^^^^^^^^^^^^^^^^^^^^^^^^^^^^^^^^^^^^^^^^^^^^^^^^^^^^^^^^^^
148 | …p'] is False and header['native_admission'] == 'NOT_PROMOTED' and header['formal_accepted'] is False, 'authority boundary mismatch')
149 | …ssion_gate'] is True and header['range_policy'] == 'RETAIN_ALL_ACTUAL_CALLBACKS_REQUIRE_EXACT_ORIGINAL_HORIZON', 'frozen horizon policy mismatc…
    |

E501 Line too long (227 > 100)
   --> artifacts/research/process/20261004-ced-development/astra-repair-execution/R01/marker-v4-preparation/fix-round-1/offline/verify_sparse.py:148:101
    |
146 | …tion_header_sha256'] == sha((attempt.parent/'header.json').read_bytes()), 'execution header pin mismatch')
147 | …DED_SAME_COMPONENT_SPARSE_MARKER_V4_PILOT' and header['raw_v3_status'] == 'CUSTOM_PROTOCOL_NOT_RAW_V3', 'custom sparse protocol mismatch')
148 | …p'] is False and header['native_admission'] == 'NOT_PROMOTED' and header['formal_accepted'] is False, 'authority boundary mismatch')
    |       ^^^^^^^^^^^^^^^^^^^^^^^^^^^^^^^^^^^^^^^^^^^^^^^^^^^^^^^^^^^^^^^^^^^^^^^^^^^^^^^^^^^^^^^^^^^^^^^^^^^^^^^^^^^^^^^^^^^^^^^^^^^^^^^
149 | …ssion_gate'] is True and header['range_policy'] == 'RETAIN_ALL_ACTUAL_CALLBACKS_REQUIRE_EXACT_ORIGINAL_HORIZON', 'frozen horizon policy m…
150 | …
    |

E501 Line too long (241 > 100)
   --> artifacts/research/process/20261004-ced-development/astra-repair-execution/R01/marker-v4-preparation/fix-round-1/offline/verify_sparse.py:149:101
    |
147 | …DED_SAME_COMPONENT_SPARSE_MARKER_V4_PILOT' and header['raw_v3_status'] == 'CUSTOM_PROTOCOL_NOT_RAW_V3', 'custom sparse protocol mismatch')
148 | …p'] is False and header['native_admission'] == 'NOT_PROMOTED' and header['formal_accepted'] is False, 'authority boundary mismatch')
149 | …ssion_gate'] is True and header['range_policy'] == 'RETAIN_ALL_ACTUAL_CALLBACKS_REQUIRE_EXACT_ORIGINAL_HORIZON', 'frozen horizon policy mismatch')
    |       ^^^^^^^^^^^^^^^^^^^^^^^^^^^^^^^^^^^^^^^^^^^^^^^^^^^^^^^^^^^^^^^^^^^^^^^^^^^^^^^^^^^^^^^^^^^^^^^^^^^^^^^^^^^^^^^^^^^^^^^^^^^^^^^^^^^^^^^^^^^^^
150 | …
151 | …
    |

E501 Line too long (258 > 100)
   --> artifacts/research/process/20261004-ced-development/astra-repair-execution/R01/marker-v4-preparation/fix-round-1/offline/verify_sparse.py:152:101
    |
150 | …
151 | …
152 | …_manifest_sha256'] and sha((attempt.parent/'execution-archive-index.json').read_bytes()) == header['source_archive_index_sha256'], 'source metadata pins mismatch')
    |       ^^^^^^^^^^^^^^^^^^^^^^^^^^^^^^^^^^^^^^^^^^^^^^^^^^^^^^^^^^^^^^^^^^^^^^^^^^^^^^^^^^^^^^^^^^^^^^^^^^^^^^^^^^^^^^^^^^^^^^^^^^^^^^^^^^^^^^^^^^^^^^^^^^^^^^^^^^^^^^
153 | … 'necessary source inventory mismatch')
154 | …
    |

E501 Line too long (134 > 100)
   --> artifacts/research/process/20261004-ced-development/astra-repair-execution/R01/marker-v4-preparation/fix-round-1/offline/verify_sparse.py:153:101
    |
151 | …n-archive-index.json').read_text())
152 | …ashes.json').read_bytes()) == header['source_manifest_sha256'] and sha((attempt.parent/'execution-archive-index.json').read_bytes())…
153 | …en(sources) == header['source_count'] == 34, 'necessary source inventory mismatch')
    |                                                   ^^^^^^^^^^^^^^^^^^^^^^^^^^^^^^^^^^
154 | …
155 | …
    |

E702 Multiple statements on one line (semicolon)
   --> artifacts/research/process/20261004-ced-development/astra-repair-execution/R01/marker-v4-preparation/fix-round-1/offline/verify_sparse.py:156:40
    |
154 |     total = 0
155 |     for name,pin in sources.items():
156 |         live = (ROOT/name).read_bytes(); arc = (ROOT/archives[name]['archive']).read_bytes()
    |                                        ^
157 |         require(sha(live) == sha(arc) == pin == archives[name]['sha256'] and len(live) == archives[name]['bytes'], 'source/archive mi…
158 |     require(total == header['source_bytes'], 'source byte inventory mismatch')
    |

E501 Line too long (168 > 100)
   --> artifacts/research/process/20261004-ced-development/astra-repair-execution/R01/marker-v4-preparation/fix-round-1/offline/verify_sparse.py:157:101
    |
155 | …
156 | …'archive']).read_bytes()
157 | …56'] and len(live) == archives[name]['bytes'], 'source/archive mismatch: '+name); total += len(live)
    |                                  ^^^^^^^^^^^^^^^^^^^^^^^^^^^^^^^^^^^^^^^^^^^^^^^^^^^^^^^^^^^^^^^^^^^^
158 | …mismatch')
159 | …
    |

E702 Multiple statements on one line (semicolon)
   --> artifacts/research/process/20261004-ced-development/astra-repair-execution/R01/marker-v4-preparation/fix-round-1/offline/verify_sparse.py:157:149
    |
155 | …
156 | …d_bytes()
157 | …ve) == archives[name]['bytes'], 'source/archive mismatch: '+name); total += len(live)
    |                                                                   ^
158 | …
159 | …
    |

E501 Line too long (108 > 100)
   --> artifacts/research/process/20261004-ced-development/astra-repair-execution/R01/marker-v4-preparation/fix-round-1/offline/verify_sparse.py:160:101
    |
158 |     require(total == header['source_bytes'], 'source byte inventory mismatch')
159 |     for member in header['environment']['files'].values():
160 |         require(sha(Path(member['path']).read_bytes()) == member['sha256'], 'environment byte pin mismatch')
    |                                                                                                     ^^^^^^^^
161 |     selection_path = BASE/'selection-manifest.json'
162 |     require(sha(selection_path.read_bytes()) == header['selection_manifest_sha256'], 'selection manifest pin mismatch')
    |

E501 Line too long (119 > 100)
   --> artifacts/research/process/20261004-ced-development/astra-repair-execution/R01/marker-v4-preparation/fix-round-1/offline/verify_sparse.py:162:101
    |
160 |         require(sha(Path(member['path']).read_bytes()) == member['sha256'], 'environment byte pin mismatch')
161 |     selection_path = BASE/'selection-manifest.json'
162 |     require(sha(selection_path.read_bytes()) == header['selection_manifest_sha256'], 'selection manifest pin mismatch')
    |                                                                                                     ^^^^^^^^^^^^^^^^^^^
163 |     selection = json.loads(selection_path.read_text())
164 |     require(selection['selected_steps'] == header['selected_steps'] and len(selection['selected_steps']) == header['selected_frame_bu…
    |

E501 Line too long (178 > 100)
   --> artifacts/research/process/20261004-ced-development/astra-repair-execution/R01/marker-v4-preparation/fix-round-1/offline/verify_sparse.py:164:101
    |
162 | …t_sha256'], 'selection manifest pin mismatch')
163 | …
164 | …en(selection['selected_steps']) == header['selected_frame_budget'] == 201, 'fixed201 selection mismatch')
    |                             ^^^^^^^^^^^^^^^^^^^^^^^^^^^^^^^^^^^^^^^^^^^^^^^^^^^^^^^^^^^^^^^^^^^^^^^^^^^^^^
165 | …
166 | …pin mismatch: '+name)
    |

E501 Line too long (137 > 100)
   --> artifacts/research/process/20261004-ced-development/astra-repair-execution/R01/marker-v4-preparation/fix-round-1/offline/verify_sparse.py:167:101
    |
165 | …
166 | … 'old input lineage pin mismatch: '+name)
167 | …xml').read_bytes()) == ASSET_SHA == header['asset_sha256'], 'asset lineage differs')
    |                                                 ^^^^^^^^^^^^^^^^^^^^^^^^^^^^^^^^^^^^^
168 | …ker_id=7,marker_size_m=.075,marked_asset_sha256=ASSET_SHA), 'registered decoder geometry differs')
169 | …()) == header['guard_core_sha256'], 'loaded guard source differs')
    |

E501 Line too long (151 > 100)
   --> artifacts/research/process/20261004-ced-development/astra-repair-execution/R01/marker-v4-preparation/fix-round-1/offline/verify_sparse.py:168:101
    |
166 | …nput lineage pin mismatch: '+name)
167 | …ead_bytes()) == ASSET_SHA == header['asset_sha256'], 'asset lineage differs')
168 | …7,marker_size_m=.075,marked_asset_sha256=ASSET_SHA), 'registered decoder geometry differs')
    |                                          ^^^^^^^^^^^^^^^^^^^^^^^^^^^^^^^^^^^^^^^^^^^^^^^^^^^
169 | …header['guard_core_sha256'], 'loaded guard source differs')
170 | …guard_headers']['mjxmacro.h']).read_bytes(),Path(header['guard_headers']['mjdata.h']).read_bytes(),header['guard_binding_sha256'],he…
    |

E501 Line too long (119 > 100)
   --> artifacts/research/process/20261004-ced-development/astra-repair-execution/R01/marker-v4-preparation/fix-round-1/offline/verify_sparse.py:169:101
    |
167 |     require(sha((BASE/'scene_pose_marker_outboard_v4.xml').read_bytes()) == ASSET_SHA == header['asset_sha256'], 'asset lineage diffe…
168 |     require(header['marker_registration'] == dict(marker_id=7,marker_size_m=.075,marked_asset_sha256=ASSET_SHA), 'registered decoder …
169 |     require(sha(Path(state_guard.__file__).read_bytes()) == header['guard_core_sha256'], 'loaded guard source differs')
    |                                                                                                     ^^^^^^^^^^^^^^^^^^^
170 |     contract = state_guard.MujocoStateContract(Path(header['guard_headers']['mjxmacro.h']).read_bytes(),Path(header['guard_headers'][…
171 |     return contract, selection
    |

E501 Line too long (230 > 100)
   --> artifacts/research/process/20261004-ced-development/astra-repair-execution/R01/marker-v4-preparation/fix-round-1/offline/verify_sparse.py:170:101
    |
168 | …ha256=ASSET_SHA), 'registered decoder geometry differs')
169 | …d guard source differs')
170 | …_bytes(),Path(header['guard_headers']['mjdata.h']).read_bytes(),header['guard_binding_sha256'],header['environment']['mujoco_version'])
    |       ^^^^^^^^^^^^^^^^^^^^^^^^^^^^^^^^^^^^^^^^^^^^^^^^^^^^^^^^^^^^^^^^^^^^^^^^^^^^^^^^^^^^^^^^^^^^^^^^^^^^^^^^^^^^^^^^^^^^^^^^^^^^^^^^^^
171 | …
    |

E501 Line too long (137 > 100)
   --> artifacts/research/process/20261004-ced-development/astra-repair-execution/R01/marker-v4-preparation/fix-round-1/offline/verify_sparse.py:177:101
    |
175 | ….read_text())
176 | …= 'SETUP_BEGIN']
177 | …] and same(setup[0]['runtime_preflight'],r), 'setup/runtime preflight join differs')
    |                                                 ^^^^^^^^^^^^^^^^^^^^^^^^^^^^^^^^^^^^^
178 | …BEFORE_FIRST_MODEL_RESET_CAMERA' and r['models_or_data_instantiated'] == 0 and r['actual_mujoco_version'] == header['environment']['…
179 | …vironment']['files']['mujoco/__init__.py']), 'public module origin mismatch')
    |

E501 Line too long (371 > 100)
   --> artifacts/research/process/20261004-ced-development/astra-repair-execution/R01/marker-v4-preparation/fix-round-1/offline/verify_sparse.py:178:101
    |
176 | …
177 | …), 'setup/runtime preflight join differs')
178 | …dels_or_data_instantiated'] == 0 and r['actual_mujoco_version'] == header['environment']['mujoco_version'] == '3.3.7' and r['actual_numpy_version'] == header['environment']['numpy_version'] and r['contract_digest'] == contract.digest, 'runtime version/scope/contract differs')
    |       ^^^^^^^^^^^^^^^^^^^^^^^^^^^^^^^^^^^^^^^^^^^^^^^^^^^^^^^^^^^^^^^^^^^^^^^^^^^^^^^^^^^^^^^^^^^^^^^^^^^^^^^^^^^^^^^^^^^^^^^^^^^^^^^^^^^^^^^^^^^^^^^^^^^^^^^^^^^^^^^^^^^^^^^^^^^^^^^^^^^^^^^^^^^^^^^^^^^^^^^^^^^^^^^^^^^^^^^^^^^^^^^^^^^^^^^^^^^^^^^^^^^^^^^^^^^^^^^^^^^^^^^^^^^^^^^
179 | …), 'public module origin mismatch')
180 | … mismatch')
    |

E501 Line too long (130 > 100)
   --> artifacts/research/process/20261004-ced-development/astra-repair-execution/R01/marker-v4-preparation/fix-round-1/offline/verify_sparse.py:179:101
    |
177 | …ds[0] and same(setup[0]['runtime_preflight'],r), 'setup/runtime preflight join differs')
178 | …NLY_BEFORE_FIRST_MODEL_RESET_CAMERA' and r['models_or_data_instantiated'] == 0 and r['actual_mujoco_version'] == header['environment…
179 | …['environment']['files']['mujoco/__init__.py']), 'public module origin mismatch')
    |                                                     ^^^^^^^^^^^^^^^^^^^^^^^^^^^^^^
180 | …ts','_functions','_enums'}, 'binding inventory mismatch')
181 | …():
    |

E501 Line too long (106 > 100)
   --> artifacts/research/process/20261004-ced-development/astra-repair-execution/R01/marker-v4-preparation/fix-round-1/offline/verify_sparse.py:180:101
    |
178 |     require(r['scope'] == 'ACTUAL_MODULE_IMPORT_ONLY_BEFORE_FIRST_MODEL_RESET_CAMERA' and r['models_or_data_instantiated'] == 0 and r…
179 |     require(same(r['public_module_origin'],header['environment']['files']['mujoco/__init__.py']), 'public module origin mismatch')
180 |     require(set(r['binding_origins']) == {'_structs','_functions','_enums'}, 'binding inventory mismatch')
    |                                                                                                     ^^^^^^
181 |     for name,member in r['binding_origins'].items():
182 |         require(same(member,header['environment']['files']['mujoco/'+Path(member['path']).name]), 'binding origin mismatch: '+name)
    |

E501 Line too long (131 > 100)
   --> artifacts/research/process/20261004-ced-development/astra-repair-execution/R01/marker-v4-preparation/fix-round-1/offline/verify_sparse.py:182:101
    |
180 | …s','_functions','_enums'}, 'binding inventory mismatch')
181 | …):
182 | …'files']['mujoco/'+Path(member['path']).name]), 'binding origin mismatch: '+name)
    |                                                    ^^^^^^^^^^^^^^^^^^^^^^^^^^^^^^^
183 | …
184 | …'mujoco._structs',name=name,public_binding_identity=True), 'runtime class record mismatch')
    |

E501 Line too long (141 > 100)
   --> artifacts/research/process/20261004-ced-development/astra-repair-execution/R01/marker-v4-preparation/fix-round-1/offline/verify_sparse.py:184:101
    |
182 | …s']['mujoco/'+Path(member['path']).name]), 'binding origin mismatch: '+name)
183 | …
184 | …co._structs',name=name,public_binding_identity=True), 'runtime class record mismatch')
    |                                               ^^^^^^^^^^^^^^^^^^^^^^^^^^^^^^^^^^^^^^^^^
    |

E501 Line too long (121 > 100)
   --> artifacts/research/process/20261004-ced-development/astra-repair-execution/R01/marker-v4-preparation/fix-round-1/offline/verify_sparse.py:188:101
    |
187 | def owner(step, actions):
188 |     matches = [o for (o,event),r in actions.items() if event == 'ACTION_END' and r['start_step'] < step <= r['end_step']]
    |                                                                                                     ^^^^^^^^^^^^^^^^^^^^^
189 |     require(len(matches) <= 1, 'overlapping action physical spans')
190 |     return matches[0] if matches else None
    |

E702 Multiple statements on one line (semicolon)
   --> artifacts/research/process/20261004-ced-development/astra-repair-execution/R01/marker-v4-preparation/fix-round-1/offline/verify_sparse.py:194:37
    |
193 | def validate_trace(records, summary, terminal, teacher, index_rows, ends, header, helper, contract):
194 |     episode = terminal['episode_id']; final = terminal['final_step']; selected = header['selected_steps']
    |                                     ^
195 |     require([r['record_seq'] for r in records] == list(range(1,len(records)+1)), 'full journal sequence mismatch')
196 |     previous = -1
    |

E702 Multiple statements on one line (semicolon)
   --> artifacts/research/process/20261004-ced-development/astra-repair-execution/R01/marker-v4-preparation/fix-round-1/offline/verify_sparse.py:194:69
    |
193 | def validate_trace(records, summary, terminal, teacher, index_rows, ends, header, helper, contract):
194 |     episode = terminal['episode_id']; final = terminal['final_step']; selected = header['selected_steps']
    |                                                                     ^
195 |     require([r['record_seq'] for r in records] == list(range(1,len(records)+1)), 'full journal sequence mismatch')
196 |     previous = -1
    |

E501 Line too long (105 > 100)
   --> artifacts/research/process/20261004-ced-development/astra-repair-execution/R01/marker-v4-preparation/fix-round-1/offline/verify_sparse.py:194:101
    |
193 | def validate_trace(records, summary, terminal, teacher, index_rows, ends, header, helper, contract):
194 |     episode = terminal['episode_id']; final = terminal['final_step']; selected = header['selected_steps']
    |                                                                                                     ^^^^^
195 |     require([r['record_seq'] for r in records] == list(range(1,len(records)+1)), 'full journal sequence mismatch')
196 |     previous = -1
    |

E501 Line too long (114 > 100)
   --> artifacts/research/process/20261004-ced-development/astra-repair-execution/R01/marker-v4-preparation/fix-round-1/offline/verify_sparse.py:195:101
    |
193 | def validate_trace(records, summary, terminal, teacher, index_rows, ends, header, helper, contract):
194 |     episode = terminal['episode_id']; final = terminal['final_step']; selected = header['selected_steps']
195 |     require([r['record_seq'] for r in records] == list(range(1,len(records)+1)), 'full journal sequence mismatch')
    |                                                                                                     ^^^^^^^^^^^^^^
196 |     previous = -1
197 |     for r in records:
    |

E702 Multiple statements on one line (semicolon)
   --> artifacts/research/process/20261004-ced-development/astra-repair-execution/R01/marker-v4-preparation/fix-round-1/offline/verify_sparse.py:198:23
    |
196 |     previous = -1
197 |     for r in records:
198 |         c = r['clock']; b,e = c['monotonic_before_ns'],c['monotonic_after_ns']
    |                       ^
199 |         require(type(b) is int and type(e) is int and previous <= b <= e, 'journal monotonic brackets invalid'); previous=e
200 |         require(not r['event'].endswith('FAILED') and not r['event'].endswith('FAILURE'), 'retained journal failure')
    |

E501 Line too long (123 > 100)
   --> artifacts/research/process/20261004-ced-development/astra-repair-execution/R01/marker-v4-preparation/fix-round-1/offline/verify_sparse.py:199:101
    |
197 |     for r in records:
198 |         c = r['clock']; b,e = c['monotonic_before_ns'],c['monotonic_after_ns']
199 |         require(type(b) is int and type(e) is int and previous <= b <= e, 'journal monotonic brackets invalid'); previous=e
    |                                                                                                     ^^^^^^^^^^^^^^^^^^^^^^^
200 |         require(not r['event'].endswith('FAILED') and not r['event'].endswith('FAILURE'), 'retained journal failure')
201 |     operations = [r for r in records if r['event'] == 'OPERATION']
    |

E702 Multiple statements on one line (semicolon)
   --> artifacts/research/process/20261004-ced-development/astra-repair-execution/R01/marker-v4-preparation/fix-round-1/offline/verify_sparse.py:199:112
    |
197 |     for r in records:
198 |         c = r['clock']; b,e = c['monotonic_before_ns'],c['monotonic_after_ns']
199 |         require(type(b) is int and type(e) is int and previous <= b <= e, 'journal monotonic brackets invalid'); previous=e
    |                                                                                                                ^
200 |         require(not r['event'].endswith('FAILED') and not r['event'].endswith('FAILURE'), 'retained journal failure')
201 |     operations = [r for r in records if r['event'] == 'OPERATION']
    |

E501 Line too long (117 > 100)
   --> artifacts/research/process/20261004-ced-development/astra-repair-execution/R01/marker-v4-preparation/fix-round-1/offline/verify_sparse.py:200:101
    |
198 |         c = r['clock']; b,e = c['monotonic_before_ns'],c['monotonic_after_ns']
199 |         require(type(b) is int and type(e) is int and previous <= b <= e, 'journal monotonic brackets invalid'); previous=e
200 |         require(not r['event'].endswith('FAILED') and not r['event'].endswith('FAILURE'), 'retained journal failure')
    |                                                                                                     ^^^^^^^^^^^^^^^^^
201 |     operations = [r for r in records if r['event'] == 'OPERATION']
202 |     pairs = unique(operations,lambda r:(r['source']['operation_id'],r['source']['phase']))
    |

E501 Line too long (132 > 100)
   --> artifacts/research/process/20261004-ced-development/astra-repair-execution/R01/marker-v4-preparation/fix-round-1/offline/verify_sparse.py:204:101
    |
202 | …]['operation_id'],r['source']['phase']))
203 | …
204 | …en(pairs) == 2*len(ids), 'full operation allocated/terminal denominator mismatch')
    |                                                    ^^^^^^^^^^^^^^^^^^^^^^^^^^^^^^^^
205 | …ir(pairs[(operation_id,'BEGIN')],pairs[(operation_id,'END')],episode)
206 | …source']['kind']=='PHYSICS' and r['source']['phase']=='END'],lambda r:r['source']['physics_step'])
    |

E701 Multiple statements on one line (colon)
   --> artifacts/research/process/20261004-ced-development/astra-repair-execution/R01/marker-v4-preparation/fix-round-1/offline/verify_sparse.py:205:28
    |
203 |     ids = sorted(set(k[0] for k in pairs))
204 |     require(ids == list(range(1,len(ids)+1)) and len(pairs) == 2*len(ids), 'full operation allocated/terminal denominator mismatch')
205 |     for operation_id in ids: validate_operation_pair(pairs[(operation_id,'BEGIN')],pairs[(operation_id,'END')],episode)
    |                            ^
206 |     physics = unique([r for r in operations if r['source']['kind']=='PHYSICS' and r['source']['phase']=='END'],lambda r:r['source']['…
207 |     controls = unique([r for r in operations if r['source']['kind']=='CONTROL' and r['source']['phase']=='END'],lambda r:r['source'][…
    |

E501 Line too long (119 > 100)
   --> artifacts/research/process/20261004-ced-development/astra-repair-execution/R01/marker-v4-preparation/fix-round-1/offline/verify_sparse.py:205:101
    |
203 |     ids = sorted(set(k[0] for k in pairs))
204 |     require(ids == list(range(1,len(ids)+1)) and len(pairs) == 2*len(ids), 'full operation allocated/terminal denominator mismatch')
205 |     for operation_id in ids: validate_operation_pair(pairs[(operation_id,'BEGIN')],pairs[(operation_id,'END')],episode)
    |                                                                                                     ^^^^^^^^^^^^^^^^^^^
206 |     physics = unique([r for r in operations if r['source']['kind']=='PHYSICS' and r['source']['phase']=='END'],lambda r:r['source']['…
207 |     controls = unique([r for r in operations if r['source']['kind']=='CONTROL' and r['source']['phase']=='END'],lambda r:r['source'][…
    |

E501 Line too long (148 > 100)
   --> artifacts/research/process/20261004-ced-development/astra-repair-execution/R01/marker-v4-preparation/fix-round-1/offline/verify_sparse.py:206:101
    |
204 | …) == 2*len(ids), 'full operation allocated/terminal denominator mismatch')
205 | …[(operation_id,'BEGIN')],pairs[(operation_id,'END')],episode)
206 | …['kind']=='PHYSICS' and r['source']['phase']=='END'],lambda r:r['source']['physics_step'])
    |                                            ^^^^^^^^^^^^^^^^^^^^^^^^^^^^^^^^^^^^^^^^^^^^^^^^
207 | …]['kind']=='CONTROL' and r['source']['phase']=='END'],lambda r:r['source']['physics_step']+1)
208 | …'ACTUATOR'],lambda r:r['source']['physics_step'])
    |

E501 Line too long (151 > 100)
   --> artifacts/research/process/20261004-ced-development/astra-repair-execution/R01/marker-v4-preparation/fix-round-1/offline/verify_sparse.py:207:101
    |
205 | …operation_id,'BEGIN')],pairs[(operation_id,'END')],episode)
206 | …kind']=='PHYSICS' and r['source']['phase']=='END'],lambda r:r['source']['physics_step'])
207 | …'kind']=='CONTROL' and r['source']['phase']=='END'],lambda r:r['source']['physics_step']+1)
    |                                          ^^^^^^^^^^^^^^^^^^^^^^^^^^^^^^^^^^^^^^^^^^^^^^^^^^^
208 | …CTUATOR'],lambda r:r['source']['physics_step'])
209 | …tuators) == list(range(1,final+1)), 'all physical/control/actuator steps incomplete')
    |

E501 Line too long (107 > 100)
   --> artifacts/research/process/20261004-ced-development/astra-repair-execution/R01/marker-v4-preparation/fix-round-1/offline/verify_sparse.py:208:101
    |
206 |     physics = unique([r for r in operations if r['source']['kind']=='PHYSICS' and r['source']['phase']=='END'],lambda r:r['source']['…
207 |     controls = unique([r for r in operations if r['source']['kind']=='CONTROL' and r['source']['phase']=='END'],lambda r:r['source'][…
208 |     actuators = unique([r for r in records if r['event']=='ACTUATOR'],lambda r:r['source']['physics_step'])
    |                                                                                                     ^^^^^^^
209 |     require(sorted(physics) == sorted(controls) == sorted(actuators) == list(range(1,final+1)), 'all physical/control/actuator steps …
210 |     begins = unique([r for r in records if r['event']=='ACQUISITION_BEGIN'],lambda r:r['physics_step'])
    |

E501 Line too long (145 > 100)
   --> artifacts/research/process/20261004-ced-development/astra-repair-execution/R01/marker-v4-preparation/fix-round-1/offline/verify_sparse.py:209:101
    |
207 | …']['kind']=='CONTROL' and r['source']['phase']=='END'],lambda r:r['source']['physics_step']+1)
208 | …='ACTUATOR'],lambda r:r['source']['physics_step'])
209 | …(actuators) == list(range(1,final+1)), 'all physical/control/actuator steps incomplete')
    |                                             ^^^^^^^^^^^^^^^^^^^^^^^^^^^^^^^^^^^^^^^^^^^^^
210 | …CQUISITION_BEGIN'],lambda r:r['physics_step'])
211 | …']=='ACQUISITION_END'],lambda r:r['physics_step'])
    |

E501 Line too long (103 > 100)
   --> artifacts/research/process/20261004-ced-development/astra-repair-execution/R01/marker-v4-preparation/fix-round-1/offline/verify_sparse.py:210:101
    |
208 |     actuators = unique([r for r in records if r['event']=='ACTUATOR'],lambda r:r['source']['physics_step'])
209 |     require(sorted(physics) == sorted(controls) == sorted(actuators) == list(range(1,final+1)), 'all physical/control/actuator steps …
210 |     begins = unique([r for r in records if r['event']=='ACQUISITION_BEGIN'],lambda r:r['physics_step'])
    |                                                                                                     ^^^
211 |     acquisitions = unique([r for r in records if r['event']=='ACQUISITION_END'],lambda r:r['physics_step'])
212 |     require(sorted(begins) == sorted(acquisitions) == selected and summary['acquisition_allocated'] == summary['acquisition_completed…
    |

E501 Line too long (107 > 100)
   --> artifacts/research/process/20261004-ced-development/astra-repair-execution/R01/marker-v4-preparation/fix-round-1/offline/verify_sparse.py:211:101
    |
209 |     require(sorted(physics) == sorted(controls) == sorted(actuators) == list(range(1,final+1)), 'all physical/control/actuator steps …
210 |     begins = unique([r for r in records if r['event']=='ACQUISITION_BEGIN'],lambda r:r['physics_step'])
211 |     acquisitions = unique([r for r in records if r['event']=='ACQUISITION_END'],lambda r:r['physics_step'])
    |                                                                                                     ^^^^^^^
212 |     require(sorted(begins) == sorted(acquisitions) == selected and summary['acquisition_allocated'] == summary['acquisition_completed…
213 |     actions = unique([r for r in records if r['event'] in {'ACTION_BEGIN','ACTION_END'}],lambda r:(r['action_ordinal'],r['event']))
    |

E501 Line too long (255 > 100)
   --> artifacts/research/process/20261004-ced-development/astra-repair-execution/R01/marker-v4-preparation/fix-round-1/offline/verify_sparse.py:212:101
    |
210 | …_step'])
211 | …sics_step'])
212 | …ed'] == summary['acquisition_completed'] == len(selected) and summary['acquisition_failed'] == 0, 'journal acquisition allocated/terminal denominator mismatch')
    |       ^^^^^^^^^^^^^^^^^^^^^^^^^^^^^^^^^^^^^^^^^^^^^^^^^^^^^^^^^^^^^^^^^^^^^^^^^^^^^^^^^^^^^^^^^^^^^^^^^^^^^^^^^^^^^^^^^^^^^^^^^^^^^^^^^^^^^^^^^^^^^^^^^^^^^^^^^^^
213 | … r:(r['action_ordinal'],r['event']))
214 | …ction_ordinal'])
    |

E501 Line too long (131 > 100)
   --> artifacts/research/process/20261004-ced-development/astra-repair-execution/R01/marker-v4-preparation/fix-round-1/offline/verify_sparse.py:213:101
    |
211 | …['event']=='ACQUISITION_END'],lambda r:r['physics_step'])
212 | … == selected and summary['acquisition_allocated'] == summary['acquisition_completed'] == len(selected) and summary['acquisition_fail…
213 | …nt'] in {'ACTION_BEGIN','ACTION_END'}],lambda r:(r['action_ordinal'],r['event']))
    |                                                    ^^^^^^^^^^^^^^^^^^^^^^^^^^^^^^^
214 | …f r['event']=='TEACHER_ACTION'],lambda r:r['action_ordinal'])
215 | …e(header,actions,teacher_actions,summary,terminal)
    |

E501 Line too long (111 > 100)
   --> artifacts/research/process/20261004-ced-development/astra-repair-execution/R01/marker-v4-preparation/fix-round-1/offline/verify_sparse.py:214:101
    |
212 |     require(sorted(begins) == sorted(acquisitions) == selected and summary['acquisition_allocated'] == summary['acquisition_completed…
213 |     actions = unique([r for r in records if r['event'] in {'ACTION_BEGIN','ACTION_END'}],lambda r:(r['action_ordinal'],r['event']))
214 |     teacher_actions = unique([r for r in records if r['event']=='TEACHER_ACTION'],lambda r:r['action_ordinal'])
    |                                                                                                     ^^^^^^^^^^^
215 |     recipe,failures = helper.verify_original_recipe(header,actions,teacher_actions,summary,terminal)
216 |     require(not failures and recipe == 'COMPLETE_ORIGINAL_120_9_2', 'original recipe invalid: '+str(failures))
    |

E501 Line too long (110 > 100)
   --> artifacts/research/process/20261004-ced-development/astra-repair-execution/R01/marker-v4-preparation/fix-round-1/offline/verify_sparse.py:216:101
    |
214 |     teacher_actions = unique([r for r in records if r['event']=='TEACHER_ACTION'],lambda r:r['action_ordinal'])
215 |     recipe,failures = helper.verify_original_recipe(header,actions,teacher_actions,summary,terminal)
216 |     require(not failures and recipe == 'COMPLETE_ORIGINAL_120_9_2', 'original recipe invalid: '+str(failures))
    |                                                                                                     ^^^^^^^^^^
217 |     require(sorted(teacher_actions) == list(range(1,10)) and len(actions)==18 and summary['action_failed']==0, 'full action denominat…
218 |     for o in range(1,10):
    |

E501 Line too long (146 > 100)
   --> artifacts/research/process/20261004-ced-development/astra-repair-execution/R01/marker-v4-preparation/fix-round-1/offline/verify_sparse.py:217:101
    |
215 | …r,actions,teacher_actions,summary,terminal)
216 | …_120_9_2', 'original recipe invalid: '+str(failures))
217 | …and len(actions)==18 and summary['action_failed']==0, 'full action denominator mismatch')
    |                                             ^^^^^^^^^^^^^^^^^^^^^^^^^^^^^^^^^^^^^^^^^^^^^^
218 | …
219 | …N_END')]
    |

E501 Line too long (203 > 100)
   --> artifacts/research/process/20261004-ced-development/astra-repair-execution/R01/marker-v4-preparation/fix-round-1/offline/verify_sparse.py:220:101
    |
218 | …
219 | …
220 | …t_step'] and b['action_type']==e['action_type'] and b['record_seq']<e['record_seq'], 'action span identity mismatch')
    |                ^^^^^^^^^^^^^^^^^^^^^^^^^^^^^^^^^^^^^^^^^^^^^^^^^^^^^^^^^^^^^^^^^^^^^^^^^^^^^^^^^^^^^^^^^^^^^^^^^^^^^^^
221 | …s[o]['source']['start_step']==b['start_step'] and teacher_actions[o]['source']['end_step']==e['end_step'], 'teacher action span mism…
222 | …'teacher action evidence mismatch')
    |

E501 Line too long (224 > 100)
   --> artifacts/research/process/20261004-ced-development/astra-repair-execution/R01/marker-v4-preparation/fix-round-1/offline/verify_sparse.py:221:101
    |
219 | …
220 | …and b['action_type']==e['action_type'] and b['record_seq']<e['record_seq'], 'action span identity mismatch')
221 | …rce']['start_step']==b['start_step'] and teacher_actions[o]['source']['end_step']==e['end_step'], 'teacher action span mismatch')
    |       ^^^^^^^^^^^^^^^^^^^^^^^^^^^^^^^^^^^^^^^^^^^^^^^^^^^^^^^^^^^^^^^^^^^^^^^^^^^^^^^^^^^^^^^^^^^^^^^^^^^^^^^^^^^^^^^^^^^^^^^^^^^^
222 | …action evidence mismatch')
223 | …
    |

E501 Line too long (121 > 100)
   --> artifacts/research/process/20261004-ced-development/astra-repair-execution/R01/marker-v4-preparation/fix-round-1/offline/verify_sparse.py:222:101
    |
220 |         require(b['episode_id']==e['episode_id']==episode and b['start_step']==e['start_step'] and b['action_type']==e['action_type']…
221 |         require(teacher_actions[o]['source']['episode_id']==episode and teacher_actions[o]['source']['start_step']==b['start_step'] a…
222 |         require(same(teacher_actions[o]['source']['result'],teacher['actions'][o-1]), 'teacher action evidence mismatch')
    |                                                                                                     ^^^^^^^^^^^^^^^^^^^^^
223 |     physical = {0:begins[0]['physical_source']}
224 |     callbacks = {r['physics_step']:r for r in index_rows if r['event']=='PHYSICAL_CALLBACK'}
    |

E702 Multiple statements on one line (semicolon)
   --> artifacts/research/process/20261004-ced-development/astra-repair-execution/R01/marker-v4-preparation/fix-round-1/offline/verify_sparse.py:229:40
    |
227 | …     pb,cb=pairs[(p['source']['operation_id'],'BEGIN')],pairs[(c['source']['operation_id'],'BEGIN')]
228 | …     physical[step]=p['source']['result']['physics_state']
229 | …     ident=identity(callbacks[step]); prior=identity(callbacks[step-1])
    |                                      ^
230 | …     require(same(identity(p['source']),ident) and same(identity(physical[step]),ident) and same(identity(pb['source']),prior) and s…
231 | …     require(same(identity(a['source']),dict(episode_id=episode,physics_step=step,sim_time_s=prior['sim_time_s'])) and a['control_op…
    |

E501 Line too long (260 > 100)
   --> artifacts/research/process/20261004-ced-development/astra-repair-execution/R01/marker-v4-preparation/fix-round-1/offline/verify_sparse.py:230:101
    |
228 | …
229 | …
230 | …same(identity(pb['source']),prior) and same(identity(c['source']),prior) and same(identity(cb['source']),prior), 'full physical/control begin/end identity mismatch')
    |       ^^^^^^^^^^^^^^^^^^^^^^^^^^^^^^^^^^^^^^^^^^^^^^^^^^^^^^^^^^^^^^^^^^^^^^^^^^^^^^^^^^^^^^^^^^^^^^^^^^^^^^^^^^^^^^^^^^^^^^^^^^^^^^^^^^^^^^^^^^^^^^^^^^^^^^^^^^^^^^^^
231 | …=prior['sim_time_s'])) and a['control_operation_id']==c['source']['operation_id'] and same(a['source'],c['source']['result']['control_state']), 'upcoming-n actuator/contr…
232 | …['record_seq']<pb['record_seq']<p['record_seq'], 'full control/actuator/physics owner or sequence mismatch')
    |

E501 Line too long (278 > 100)
   --> artifacts/research/process/20261004-ced-development/astra-repair-execution/R01/marker-v4-preparation/fix-round-1/offline/verify_sparse.py:231:101
    |
229 | …
230 | …same(identity(pb['source']),prior) and same(identity(c['source']),prior) and same(identity(cb['source']),prior), 'full physical/control begin/end identity mismatch')
231 | …=prior['sim_time_s'])) and a['control_operation_id']==c['source']['operation_id'] and same(a['source'],c['source']['result']['control_state']), 'upcoming-n actuator/control mismatch')
    |       ^^^^^^^^^^^^^^^^^^^^^^^^^^^^^^^^^^^^^^^^^^^^^^^^^^^^^^^^^^^^^^^^^^^^^^^^^^^^^^^^^^^^^^^^^^^^^^^^^^^^^^^^^^^^^^^^^^^^^^^^^^^^^^^^^^^^^^^^^^^^^^^^^^^^^^^^^^^^^^^^^^^^^^^^^^^^^^^^^^
232 | …['record_seq']<pb['record_seq']<p['record_seq'], 'full control/actuator/physics owner or sequence mismatch')
233 | …']['phase']=='END' for command in r['source']['result']['command_records']]
    |

E501 Line too long (203 > 100)
   --> artifacts/research/process/20261004-ced-development/astra-repair-execution/R01/marker-v4-preparation/fix-round-1/offline/verify_sparse.py:232:101
    |
230 | …ent) and same(identity(pb['source']),prior) and same(identity(c['source']),prior) and same(identity(cb['source']),prior), 'full phys…
231 | …im_time_s=prior['sim_time_s'])) and a['control_operation_id']==c['source']['operation_id'] and same(a['source'],c['source']['result'…
232 | …d_seq']<a['record_seq']<pb['record_seq']<p['record_seq'], 'full control/actuator/physics owner or sequence mismatch')
    |                ^^^^^^^^^^^^^^^^^^^^^^^^^^^^^^^^^^^^^^^^^^^^^^^^^^^^^^^^^^^^^^^^^^^^^^^^^^^^^^^^^^^^^^^^^^^^^^^^^^^^^^^
233 | …r['source']['phase']=='END' for command in r['source']['result']['command_records']]
234 | …mand_rows]==list(range(1,len(command_rows)+1)) and len(command_rows)==743, 'command inventory/source mismatch')
    |

E501 Line too long (170 > 100)
   --> artifacts/research/process/20261004-ced-development/astra-repair-execution/R01/marker-v4-preparation/fix-round-1/offline/verify_sparse.py:233:101
    |
231 | …ysics_step=step,sim_time_s=prior['sim_time_s'])) and a['control_operation_id']==c['source']['operation_id'] and same(a['source'],c['…
232 | …rd_seq']<c['record_seq']<a['record_seq']<pb['record_seq']<p['record_seq'], 'full control/actuator/physics owner or sequence mismatch…
233 | …]=='COMMAND' and r['source']['phase']=='END' for command in r['source']['result']['command_records']]
    |                                 ^^^^^^^^^^^^^^^^^^^^^^^^^^^^^^^^^^^^^^^^^^^^^^^^^^^^^^^^^^^^^^^^^^^^^^
234 | …eq'] for c in command_rows]==list(range(1,len(command_rows)+1)) and len(command_rows)==743, 'command inventory/source mismatch')
235 | …'] and len(teacher['physical_samples'])==final+1 and summary['whole_step_capture_calls']==len(selected), 'terminal/evidence horizon …
    |

E501 Line too long (197 > 100)
   --> artifacts/research/process/20261004-ced-development/astra-repair-execution/R01/marker-v4-preparation/fix-round-1/offline/verify_sparse.py:234:101
    |
232 | …cord_seq']<a['record_seq']<pb['record_seq']<p['record_seq'], 'full control/actuator/physics owner or sequence mismatch')
233 | …nd r['source']['phase']=='END' for command in r['source']['result']['command_records']]
234 | …command_rows]==list(range(1,len(command_rows)+1)) and len(command_rows)==743, 'command inventory/source mismatch')
    |                   ^^^^^^^^^^^^^^^^^^^^^^^^^^^^^^^^^^^^^^^^^^^^^^^^^^^^^^^^^^^^^^^^^^^^^^^^^^^^^^^^^^^^^^^^^^^^^^^^^
235 | …cher['physical_samples'])==final+1 and summary['whole_step_capture_calls']==len(selected), 'terminal/evidence horizon mismatch')
236 | …
    |

E501 Line too long (211 > 100)
   --> artifacts/research/process/20261004-ced-development/astra-repair-execution/R01/marker-v4-preparation/fix-round-1/offline/verify_sparse.py:235:101
    |
233 | …ource']['phase']=='END' for command in r['source']['result']['command_records']]
234 | …_rows]==list(range(1,len(command_rows)+1)) and len(command_rows)==743, 'command inventory/source mismatch')
235 | …hysical_samples'])==final+1 and summary['whole_step_capture_calls']==len(selected), 'terminal/evidence horizon mismatch')
    |            ^^^^^^^^^^^^^^^^^^^^^^^^^^^^^^^^^^^^^^^^^^^^^^^^^^^^^^^^^^^^^^^^^^^^^^^^^^^^^^^^^^^^^^^^^^^^^^^^^^^^^^^^^^^^^^^
236 | …
237 | …
    |

E501 Line too long (118 > 100)
   --> artifacts/research/process/20261004-ced-development/astra-repair-execution/R01/marker-v4-preparation/fix-round-1/offline/verify_sparse.py:239:101
    |
237 |     for step in range(final+1):
238 |         sample=asdict(sample_physical_observation(PhysicsStepObservation(**physical[step]),criteria))
239 |         require(same(sample,teacher['physical_samples'][step]), 'physical scorer evidence differs at step '+str(step))
    |                                                                                                     ^^^^^^^^^^^^^^^^^^
240 |     full_states = []
241 |     for step in selected:
    |

E702 Multiple statements on one line (semicolon)
   --> artifacts/research/process/20261004-ced-development/astra-repair-execution/R01/marker-v4-preparation/fix-round-1/offline/verify_sparse.py:242:44
    |
240 |     full_states = []
241 |     for step in selected:
242 |         b,e=begins[step],acquisitions[step]; camera=e['camera']; saved={k:v for k,v in ends[step].items() if k!='event'}
    |                                            ^
243 |         require(same(identity(b),identity(e)) and same(identity(b),identity(callbacks[step])) and same(b['physical_source'],physical[…
244 |         require(b['action_ordinal']==e['action_ordinal']==owner(step,actions) and b['control_operation_id']==e['control_operation_id'…
    |

E702 Multiple statements on one line (semicolon)
   --> artifacts/research/process/20261004-ced-development/astra-repair-execution/R01/marker-v4-preparation/fix-round-1/offline/verify_sparse.py:242:64
    |
240 |     full_states = []
241 |     for step in selected:
242 |         b,e=begins[step],acquisitions[step]; camera=e['camera']; saved={k:v for k,v in ends[step].items() if k!='event'}
    |                                                                ^
243 |         require(same(identity(b),identity(e)) and same(identity(b),identity(callbacks[step])) and same(b['physical_source'],physical[…
244 |         require(b['action_ordinal']==e['action_ordinal']==owner(step,actions) and b['control_operation_id']==e['control_operation_id'…
    |

E501 Line too long (120 > 100)
   --> artifacts/research/process/20261004-ced-development/astra-repair-execution/R01/marker-v4-preparation/fix-round-1/offline/verify_sparse.py:242:101
    |
240 |     full_states = []
241 |     for step in selected:
242 |         b,e=begins[step],acquisitions[step]; camera=e['camera']; saved={k:v for k,v in ends[step].items() if k!='event'}
    |                                                                                                     ^^^^^^^^^^^^^^^^^^^^
243 |         require(same(identity(b),identity(e)) and same(identity(b),identity(callbacks[step])) and same(b['physical_source'],physical[…
244 |         require(b['action_ordinal']==e['action_ordinal']==owner(step,actions) and b['control_operation_id']==e['control_operation_id'…
    |

E501 Line too long (185 > 100)
   --> artifacts/research/process/20261004-ced-development/astra-repair-execution/R01/marker-v4-preparation/fix-round-1/offline/verify_sparse.py:243:101
    |
241 | …
242 | …or k,v in ends[step].items() if k!='event'}
243 | …allbacks[step])) and same(b['physical_source'],physical[step]), 'capture physical identity/source mismatch')
    |                         ^^^^^^^^^^^^^^^^^^^^^^^^^^^^^^^^^^^^^^^^^^^^^^^^^^^^^^^^^^^^^^^^^^^^^^^^^^^^^^^^^^^^^
244 | … and b['control_operation_id']==e['control_operation_id'] and b['physics_operation_id']==e['physics_operation_id'], 'capture unique …
245 | …
    |

E501 Line too long (246 > 100)
   --> artifacts/research/process/20261004-ced-development/astra-repair-execution/R01/marker-v4-preparation/fix-round-1/offline/verify_sparse.py:244:101
    |
242 | …p].items() if k!='event'}
243 | …nd same(b['physical_source'],physical[step]), 'capture physical identity/source mismatch')
244 | …eration_id']==e['control_operation_id'] and b['physics_operation_id']==e['physics_operation_id'], 'capture unique action/operation ownership mismatch')
    |       ^^^^^^^^^^^^^^^^^^^^^^^^^^^^^^^^^^^^^^^^^^^^^^^^^^^^^^^^^^^^^^^^^^^^^^^^^^^^^^^^^^^^^^^^^^^^^^^^^^^^^^^^^^^^^^^^^^^^^^^^^^^^^^^^^^^^^^^^^^^^^^^^^^
245 | …
246 | …physics_operation_id']==physics[step]['source']['operation_id'] and physics[step]['record_seq']<b['record_seq'], 'capture operation join mismatch')
    |

E501 Line too long (242 > 100)
   --> artifacts/research/process/20261004-ced-development/astra-repair-execution/R01/marker-v4-preparation/fix-round-1/offline/verify_sparse.py:246:101
    |
244 | …eration_id']==e['control_operation_id'] and b['physics_operation_id']==e['physics_operation_id'], 'capture unique action/operation ownership mismatch')
245 | …
246 | …physics_operation_id']==physics[step]['source']['operation_id'] and physics[step]['record_seq']<b['record_seq'], 'capture operation join mismatch')
    |       ^^^^^^^^^^^^^^^^^^^^^^^^^^^^^^^^^^^^^^^^^^^^^^^^^^^^^^^^^^^^^^^^^^^^^^^^^^^^^^^^^^^^^^^^^^^^^^^^^^^^^^^^^^^^^^^^^^^^^^^^^^^^^^^^^^^^^^^^^^^^^^
247 | …'initial capture operation identity differs')
248 | …END saved identity mismatch')
    |

E701 Multiple statements on one line (colon)
   --> artifacts/research/process/20261004-ced-development/astra-repair-execution/R01/marker-v4-preparation/fix-round-1/offline/verify_sparse.py:247:13
    |
245 | …     if step:
246 | …         require(b['control_operation_id']==controls[step]['source']['operation_id'] and b['physics_operation_id']==physics[step]['s…
247 | …     else: require(b['control_operation_id'] is None and b['physics_operation_id'] is None, 'initial capture operation identity diff…
    |           ^
248 | …     require(same(e['saved'],saved) and e['record_seq']>b['record_seq'], 'acquisition/index END saved identity mismatch')
249 | …     helper.verify_camera_guard(camera,contract)
    |

E501 Line too long (140 > 100)
   --> artifacts/research/process/20261004-ced-development/astra-repair-execution/R01/marker-v4-preparation/fix-round-1/offline/verify_sparse.py:247:101
    |
245 | …
246 | …s[step]['source']['operation_id'] and b['physics_operation_id']==physics[step]['source']['operation_id'] and physics[step]['record_s…
247 | …e and b['physics_operation_id'] is None, 'initial capture operation identity differs')
    |                                                ^^^^^^^^^^^^^^^^^^^^^^^^^^^^^^^^^^^^^^^^
248 | …eq']>b['record_seq'], 'acquisition/index END saved identity mismatch')
249 | …
    |

E501 Line too long (124 > 100)
   --> artifacts/research/process/20261004-ced-development/astra-repair-execution/R01/marker-v4-preparation/fix-round-1/offline/verify_sparse.py:248:101
    |
246 | …         require(b['control_operation_id']==controls[step]['source']['operation_id'] and b['physics_operation_id']==physics[step]['s…
247 | …     else: require(b['control_operation_id'] is None and b['physics_operation_id'] is None, 'initial capture operation identity diff…
248 | …     require(same(e['saved'],saved) and e['record_seq']>b['record_seq'], 'acquisition/index END saved identity mismatch')
    |                                                                                                   ^^^^^^^^^^^^^^^^^^^^^^^^
249 | …     helper.verify_camera_guard(camera,contract)
250 | …     require(camera['state_unchanged'] is True and camera['before_state']['sensor_noise_std_m']==0., 'capture non-mutating/noise con…
    |

E501 Line too long (151 > 100)
   --> artifacts/research/process/20261004-ced-development/astra-repair-execution/R01/marker-v4-preparation/fix-round-1/offline/verify_sparse.py:250:101
    |
248 | …['record_seq'], 'acquisition/index END saved identity mismatch')
249 | …
250 | …['before_state']['sensor_noise_std_m']==0., 'capture non-mutating/noise contract mismatch')
    |                                          ^^^^^^^^^^^^^^^^^^^^^^^^^^^^^^^^^^^^^^^^^^^^^^^^^^^
251 | …te(full,camera['before_state'],camera['before_guard']['arrays']['fields'],identity(e)); full_states.append(full)
252 | …['capture_monotonic_begin_ns'] for r in index_rows if r['event']=='BEGIN' and r['physics_step']==step)
    |

E702 Multiple statements on one line (semicolon)
   --> artifacts/research/process/20261004-ced-development/astra-repair-execution/R01/marker-v4-preparation/fix-round-1/offline/verify_sparse.py:251:42
    |
249 | …     helper.verify_camera_guard(camera,contract)
250 | …     require(camera['state_unchanged'] is True and camera['before_state']['sensor_noise_std_m']==0., 'capture non-mutating/noise con…
251 | …     full=camera['full_capture_state']; validate_full_state(full,camera['before_state'],camera['before_guard']['arrays']['fields'],i…
    |                                        ^
252 | …     lo,hi=ends[step]['capture_monotonic_end_ns'], next(r['capture_monotonic_begin_ns'] for r in index_rows if r['event']=='BEGIN' a…
253 | …     require(b['clock']['monotonic_after_ns']<=hi<=camera['capture_monotonic_begin_ns']<=camera['capture_monotonic_end_ns']<=lo<=e['…
    |

E501 Line too long (172 > 100)
   --> artifacts/research/process/20261004-ced-development/astra-repair-execution/R01/marker-v4-preparation/fix-round-1/offline/verify_sparse.py:251:101
    |
249 | …
250 | …tate']['sensor_noise_std_m']==0., 'capture non-mutating/noise contract mismatch')
251 | …mera['before_state'],camera['before_guard']['arrays']['fields'],identity(e)); full_states.append(full)
    |                                ^^^^^^^^^^^^^^^^^^^^^^^^^^^^^^^^^^^^^^^^^^^^^^^^^^^^^^^^^^^^^^^^^^^^^^^^
252 | …monotonic_begin_ns'] for r in index_rows if r['event']=='BEGIN' and r['physics_step']==step)
253 | …monotonic_begin_ns']<=camera['capture_monotonic_end_ns']<=lo<=e['clock']['monotonic_before_ns'], 'capture complete nested clocks mis…
    |

E702 Multiple statements on one line (semicolon)
   --> artifacts/research/process/20261004-ced-development/astra-repair-execution/R01/marker-v4-preparation/fix-round-1/offline/verify_sparse.py:251:147
    |
249 | …
250 | …sor_noise_std_m']==0., 'capture non-mutating/noise contract mismatch')
251 | …e_state'],camera['before_guard']['arrays']['fields'],identity(e)); full_states.append(full)
    |                                                                   ^
252 | …egin_ns'] for r in index_rows if r['event']=='BEGIN' and r['physics_step']==step)
253 | …egin_ns']<=camera['capture_monotonic_end_ns']<=lo<=e['clock']['monotonic_before_ns'], 'capture complete nested clocks mismatch')
    |

E501 Line too long (162 > 100)
   --> artifacts/research/process/20261004-ced-development/astra-repair-execution/R01/marker-v4-preparation/fix-round-1/offline/verify_sparse.py:252:101
    |
250 | …ore_state']['sensor_noise_std_m']==0., 'capture non-mutating/noise contract mismatch')
251 | …ll,camera['before_state'],camera['before_guard']['arrays']['fields'],identity(e)); full_states.append(full)
252 | …ture_monotonic_begin_ns'] for r in index_rows if r['event']=='BEGIN' and r['physics_step']==step)
    |                                     ^^^^^^^^^^^^^^^^^^^^^^^^^^^^^^^^^^^^^^^^^^^^^^^^^^^^^^^^^^^^^^
253 | …ture_monotonic_begin_ns']<=camera['capture_monotonic_end_ns']<=lo<=e['clock']['monotonic_before_ns'], 'capture complete nested clock…
254 | …perations=len(ids),physical_callbacks=final+1,selected_frames=len(selected),actions=9,commands=len(command_rows),recipe=recipe,all_f…
    |

E501 Line too long (209 > 100)
   --> artifacts/research/process/20261004-ced-development/astra-repair-execution/R01/marker-v4-preparation/fix-round-1/offline/verify_sparse.py:253:101
    |
251 | …],camera['before_guard']['arrays']['fields'],identity(e)); full_states.append(full)
252 | …] for r in index_rows if r['event']=='BEGIN' and r['physics_step']==step)
253 | …]<=camera['capture_monotonic_end_ns']<=lo<=e['clock']['monotonic_before_ns'], 'capture complete nested clocks mismatch')
    |             ^^^^^^^^^^^^^^^^^^^^^^^^^^^^^^^^^^^^^^^^^^^^^^^^^^^^^^^^^^^^^^^^^^^^^^^^^^^^^^^^^^^^^^^^^^^^^^^^^^^^^^^^^^^^^
254 | …cal_callbacks=final+1,selected_frames=len(selected),actions=9,commands=len(command_rows),recipe=recipe,all_full_capture_states_verif…
    |

E501 Line too long (370 > 100)
   --> artifacts/research/process/20261004-ced-development/astra-repair-execution/R01/marker-v4-preparation/fix-round-1/offline/verify_sparse.py:254:101
    |
252 | …r in index_rows if r['event']=='BEGIN' and r['physics_step']==step)
253 | …era['capture_monotonic_end_ns']<=lo<=e['clock']['monotonic_before_ns'], 'capture complete nested clocks mismatch')
254 | …llbacks=final+1,selected_frames=len(selected),actions=9,commands=len(command_rows),recipe=recipe,all_full_capture_states_verified=len(full_states),all_teacher_physical_samples_verified=final+1,guard_scope='ALL_RECORDED_DATA_BACKED_ARRAY_DOMAINS_AND_ALL_PROTECTED_COMPONENTS')
    |       ^^^^^^^^^^^^^^^^^^^^^^^^^^^^^^^^^^^^^^^^^^^^^^^^^^^^^^^^^^^^^^^^^^^^^^^^^^^^^^^^^^^^^^^^^^^^^^^^^^^^^^^^^^^^^^^^^^^^^^^^^^^^^^^^^^^^^^^^^^^^^^^^^^^^^^^^^^^^^^^^^^^^^^^^^^^^^^^^^^^^^^^^^^^^^^^^^^^^^^^^^^^^^^^^^^^^^^^^^^^^^^^^^^^^^^^^^^^^^^^^^^^^^^^^^^^^^^^^^^^^^^^^^^^^^^
    |

E501 Line too long (159 > 100)
   --> artifacts/research/process/20261004-ced-development/astra-repair-execution/R01/marker-v4-preparation/fix-round-1/offline/verify_sparse.py:258:101
    |
257 | …
258 | …lse str(p):dict(bytes=p.stat().st_size,sha256=sha(p.read_bytes())) for p in sorted(set(paths))}
    |                                      ^^^^^^^^^^^^^^^^^^^^^^^^^^^^^^^^^^^^^^^^^^^^^^^^^^^^^^^^^^^
    |

E702 Multiple statements on one line (semicolon)
   --> artifacts/research/process/20261004-ced-development/astra-repair-execution/R01/marker-v4-preparation/fix-round-1/offline/verify_sparse.py:262:37
    |
261 | def main():
262 |     parser=argparse.ArgumentParser(); parser.add_argument('--decode-once',action='store_true',required=True); parser.parse_args()
    |                                     ^
263 |     output=HERE/'offline-verification.json'; markers=HERE/'offline-markers.jsonl'
264 |     require(not output.exists() and not markers.exists(), 'single reader output already exists; no decode retry')
    |

E501 Line too long (129 > 100)
   --> artifacts/research/process/20261004-ced-development/astra-repair-execution/R01/marker-v4-preparation/fix-round-1/offline/verify_sparse.py:262:101
    |
261 | def main():
262 |     parser=argparse.ArgumentParser(); parser.add_argument('--decode-once',action='store_true',required=True); parser.parse_args()
    |                                                                                                     ^^^^^^^^^^^^^^^^^^^^^^^^^^^^^
263 |     output=HERE/'offline-verification.json'; markers=HERE/'offline-markers.jsonl'
264 |     require(not output.exists() and not markers.exists(), 'single reader output already exists; no decode retry')
    |

E702 Multiple statements on one line (semicolon)
   --> artifacts/research/process/20261004-ced-development/astra-repair-execution/R01/marker-v4-preparation/fix-round-1/offline/verify_sparse.py:262:109
    |
261 | def main():
262 |     parser=argparse.ArgumentParser(); parser.add_argument('--decode-once',action='store_true',required=True); parser.parse_args()
    |                                                                                                             ^
263 |     output=HERE/'offline-verification.json'; markers=HERE/'offline-markers.jsonl'
264 |     require(not output.exists() and not markers.exists(), 'single reader output already exists; no decode retry')
    |

E702 Multiple statements on one line (semicolon)
   --> artifacts/research/process/20261004-ced-development/astra-repair-execution/R01/marker-v4-preparation/fix-round-1/offline/verify_sparse.py:263:44
    |
261 | def main():
262 |     parser=argparse.ArgumentParser(); parser.add_argument('--decode-once',action='store_true',required=True); parser.parse_args()
263 |     output=HERE/'offline-verification.json'; markers=HERE/'offline-markers.jsonl'
    |                                            ^
264 |     require(not output.exists() and not markers.exists(), 'single reader output already exists; no decode retry')
265 |     attempt=HERE.parent/'pilot-protocol/attempt-1'; summary=json.loads((attempt/'summary.json').read_text()); terminal=json.loads((at…
    |

E501 Line too long (113 > 100)
   --> artifacts/research/process/20261004-ced-development/astra-repair-execution/R01/marker-v4-preparation/fix-round-1/offline/verify_sparse.py:264:101
    |
262 |     parser=argparse.ArgumentParser(); parser.add_argument('--decode-once',action='store_true',required=True); parser.parse_args()
263 |     output=HERE/'offline-verification.json'; markers=HERE/'offline-markers.jsonl'
264 |     require(not output.exists() and not markers.exists(), 'single reader output already exists; no decode retry')
    |                                                                                                     ^^^^^^^^^^^^^
265 |     attempt=HERE.parent/'pilot-protocol/attempt-1'; summary=json.loads((attempt/'summary.json').read_text()); terminal=json.loads((at…
266 |     helper=load_helper(); contract,selection=source_contract(attempt,header,summary)
    |

E702 Multiple statements on one line (semicolon)
   --> artifacts/research/process/20261004-ced-development/astra-repair-execution/R01/marker-v4-preparation/fix-round-1/offline/verify_sparse.py:265:51
    |
263 |     output=HERE/'offline-verification.json'; markers=HERE/'offline-markers.jsonl'
264 |     require(not output.exists() and not markers.exists(), 'single reader output already exists; no decode retry')
265 |     attempt=HERE.parent/'pilot-protocol/attempt-1'; summary=json.loads((attempt/'summary.json').read_text()); terminal=json.loads((at…
    |                                                   ^
266 |     helper=load_helper(); contract,selection=source_contract(attempt,header,summary)
267 |     source_files=[ROOT/name for name in json.loads((attempt.parent/'execution-source-hashes.json').read_text())]
    |

E501 Line too long (234 > 100)
   --> artifacts/research/process/20261004-ced-development/astra-repair-execution/R01/marker-v4-preparation/fix-round-1/offline/verify_sparse.py:265:101
    |
263 | …
264 | … no decode retry')
265 | ….read_text()); terminal=json.loads((attempt/'terminal.json').read_text()); header=json.loads((attempt/'execution-header.json').read_text())
    |       ^^^^^^^^^^^^^^^^^^^^^^^^^^^^^^^^^^^^^^^^^^^^^^^^^^^^^^^^^^^^^^^^^^^^^^^^^^^^^^^^^^^^^^^^^^^^^^^^^^^^^^^^^^^^^^^^^^^^^^^^^^^^^^^^^^^^^^
266 | …
267 | …n').read_text())]
    |

E702 Multiple statements on one line (semicolon)
   --> artifacts/research/process/20261004-ced-development/astra-repair-execution/R01/marker-v4-preparation/fix-round-1/offline/verify_sparse.py:265:109
    |
263 |     output=HERE/'offline-verification.json'; markers=HERE/'offline-markers.jsonl'
264 |     require(not output.exists() and not markers.exists(), 'single reader output already exists; no decode retry')
265 |     attempt=HERE.parent/'pilot-protocol/attempt-1'; summary=json.loads((attempt/'summary.json').read_text()); terminal=json.loads((at…
    |                                                                                                             ^
266 |     helper=load_helper(); contract,selection=source_contract(attempt,header,summary)
267 |     source_files=[ROOT/name for name in json.loads((attempt.parent/'execution-source-hashes.json').read_text())]
    |

E702 Multiple statements on one line (semicolon)
   --> artifacts/research/process/20261004-ced-development/astra-repair-execution/R01/marker-v4-preparation/fix-round-1/offline/verify_sparse.py:265:169
    |
263 | …
264 | …de retry')
265 | …xt()); terminal=json.loads((attempt/'terminal.json').read_text()); header=json.loads((attempt/'execution-header.json').read_text())
    |                                                                   ^
266 | …
267 | …_text())]
    |

E702 Multiple statements on one line (semicolon)
   --> artifacts/research/process/20261004-ced-development/astra-repair-execution/R01/marker-v4-preparation/fix-round-1/offline/verify_sparse.py:266:25
    |
264 |     require(not output.exists() and not markers.exists(), 'single reader output already exists; no decode retry')
265 |     attempt=HERE.parent/'pilot-protocol/attempt-1'; summary=json.loads((attempt/'summary.json').read_text()); terminal=json.loads((at…
266 |     helper=load_helper(); contract,selection=source_contract(attempt,header,summary)
    |                         ^
267 |     source_files=[ROOT/name for name in json.loads((attempt.parent/'execution-source-hashes.json').read_text())]
268 |     input_paths=list(attempt.rglob('*')); input_paths=[p for p in input_paths if p.is_file()]+source_files+[attempt.parent/'header.js…
    |

E501 Line too long (112 > 100)
   --> artifacts/research/process/20261004-ced-development/astra-repair-execution/R01/marker-v4-preparation/fix-round-1/offline/verify_sparse.py:267:101
    |
265 |     attempt=HERE.parent/'pilot-protocol/attempt-1'; summary=json.loads((attempt/'summary.json').read_text()); terminal=json.loads((at…
266 |     helper=load_helper(); contract,selection=source_contract(attempt,header,summary)
267 |     source_files=[ROOT/name for name in json.loads((attempt.parent/'execution-source-hashes.json').read_text())]
    |                                                                                                     ^^^^^^^^^^^^
268 |     input_paths=list(attempt.rglob('*')); input_paths=[p for p in input_paths if p.is_file()]+source_files+[attempt.parent/'header.js…
269 |     before=inventory(input_paths); (HERE/'input-inventory-before.json').write_text(json.dumps(before,indent=2)+'\n')
    |

E702 Multiple statements on one line (semicolon)
   --> artifacts/research/process/20261004-ced-development/astra-repair-execution/R01/marker-v4-preparation/fix-round-1/offline/verify_sparse.py:268:41
    |
266 |     helper=load_helper(); contract,selection=source_contract(attempt,header,summary)
267 |     source_files=[ROOT/name for name in json.loads((attempt.parent/'execution-source-hashes.json').read_text())]
268 |     input_paths=list(attempt.rglob('*')); input_paths=[p for p in input_paths if p.is_file()]+source_files+[attempt.parent/'header.js…
    |                                         ^
269 |     before=inventory(input_paths); (HERE/'input-inventory-before.json').write_text(json.dumps(before,indent=2)+'\n')
270 |     records=read_journal(attempt/'nominal-journal.jsonl.gz'); validate_runtime(attempt,records,header,contract)
    |

E501 Line too long (425 > 100)
   --> artifacts/research/process/20261004-ced-development/astra-repair-execution/R01/marker-v4-preparation/fix-round-1/offline/verify_sparse.py:268:101
    |
266 | …
267 | …n').read_text())]
268 | …ource_files+[attempt.parent/'header.json',attempt.parent/'execution-source-hashes.json',attempt.parent/'execution-archive-index.json',BASE/'selection-manifest.json',OLD/'nominal-journal.jsonl.gz',OLD/'terminal.json',OLD/'teacher-evidence.json',DEVELOPMENT/'astra-repair-execution/R01/offline/offline-markers.jsonl',Path(__file__)]
    |       ^^^^^^^^^^^^^^^^^^^^^^^^^^^^^^^^^^^^^^^^^^^^^^^^^^^^^^^^^^^^^^^^^^^^^^^^^^^^^^^^^^^^^^^^^^^^^^^^^^^^^^^^^^^^^^^^^^^^^^^^^^^^^^^^^^^^^^^^^^^^^^^^^^^^^^^^^^^^^^^^^^^^^^^^^^^^^^^^^^^^^^^^^^^^^^^^^^^^^^^^^^^^^^^^^^^^^^^^^^^^^^^^^^^^^^^^^^^^^^^^^^^^^^^^^^^^^^^^^^^^^^^^^^^^^^^^^^^^^^^^^^^^^^^^^^^^^^^^^^^^^^^^^^^^^^^^^^^^^^^^^^^^^
269 | …efore,indent=2)+'\n')
270 | …header,contract)
    |

E702 Multiple statements on one line (semicolon)
   --> artifacts/research/process/20261004-ced-development/astra-repair-execution/R01/marker-v4-preparation/fix-round-1/offline/verify_sparse.py:269:34
    |
267 |     source_files=[ROOT/name for name in json.loads((attempt.parent/'execution-source-hashes.json').read_text())]
268 |     input_paths=list(attempt.rglob('*')); input_paths=[p for p in input_paths if p.is_file()]+source_files+[attempt.parent/'header.js…
269 |     before=inventory(input_paths); (HERE/'input-inventory-before.json').write_text(json.dumps(before,indent=2)+'\n')
    |                                  ^
270 |     records=read_journal(attempt/'nominal-journal.jsonl.gz'); validate_runtime(attempt,records,header,contract)
271 |     index_rows=[json.loads(line) for line in (attempt/'whole-step/index.jsonl').read_text().splitlines()]; series=json.loads((attempt…
    |

E501 Line too long (116 > 100)
   --> artifacts/research/process/20261004-ced-development/astra-repair-execution/R01/marker-v4-preparation/fix-round-1/offline/verify_sparse.py:269:101
    |
267 |     source_files=[ROOT/name for name in json.loads((attempt.parent/'execution-source-hashes.json').read_text())]
268 |     input_paths=list(attempt.rglob('*')); input_paths=[p for p in input_paths if p.is_file()]+source_files+[attempt.parent/'header.js…
269 |     before=inventory(input_paths); (HERE/'input-inventory-before.json').write_text(json.dumps(before,indent=2)+'\n')
    |                                                                                                     ^^^^^^^^^^^^^^^^
270 |     records=read_journal(attempt/'nominal-journal.jsonl.gz'); validate_runtime(attempt,records,header,contract)
271 |     index_rows=[json.loads(line) for line in (attempt/'whole-step/index.jsonl').read_text().splitlines()]; series=json.loads((attempt…
    |

E702 Multiple statements on one line (semicolon)
   --> artifacts/research/process/20261004-ced-development/astra-repair-execution/R01/marker-v4-preparation/fix-round-1/offline/verify_sparse.py:270:61
    |
268 |     input_paths=list(attempt.rglob('*')); input_paths=[p for p in input_paths if p.is_file()]+source_files+[attempt.parent/'header.js…
269 |     before=inventory(input_paths); (HERE/'input-inventory-before.json').write_text(json.dumps(before,indent=2)+'\n')
270 |     records=read_journal(attempt/'nominal-journal.jsonl.gz'); validate_runtime(attempt,records,header,contract)
    |                                                             ^
271 |     index_rows=[json.loads(line) for line in (attempt/'whole-step/index.jsonl').read_text().splitlines()]; series=json.loads((attempt…
272 |     selected=header['selected_steps']; ends=validate_index(index_rows,series,selected,terminal['final_step'],terminal['episode_id']);…
    |

E501 Line too long (111 > 100)
   --> artifacts/research/process/20261004-ced-development/astra-repair-execution/R01/marker-v4-preparation/fix-round-1/offline/verify_sparse.py:270:101
    |
268 |     input_paths=list(attempt.rglob('*')); input_paths=[p for p in input_paths if p.is_file()]+source_files+[attempt.parent/'header.js…
269 |     before=inventory(input_paths); (HERE/'input-inventory-before.json').write_text(json.dumps(before,indent=2)+'\n')
270 |     records=read_journal(attempt/'nominal-journal.jsonl.gz'); validate_runtime(attempt,records,header,contract)
    |                                                                                                     ^^^^^^^^^^^
271 |     index_rows=[json.loads(line) for line in (attempt/'whole-step/index.jsonl').read_text().splitlines()]; series=json.loads((attempt…
272 |     selected=header['selected_steps']; ends=validate_index(index_rows,series,selected,terminal['final_step'],terminal['episode_id']);…
    |

E501 Line too long (173 > 100)
   --> artifacts/research/process/20261004-ced-development/astra-repair-execution/R01/marker-v4-preparation/fix-round-1/offline/verify_sparse.py:271:101
    |
269 | ….write_text(json.dumps(before,indent=2)+'\n')
270 | …runtime(attempt,records,header,contract)
271 | ….jsonl').read_text().splitlines()]; series=json.loads((attempt/'whole-step/summary.json').read_text())
    |                               ^^^^^^^^^^^^^^^^^^^^^^^^^^^^^^^^^^^^^^^^^^^^^^^^^^^^^^^^^^^^^^^^^^^^^^^^^
272 | …eries,selected,terminal['final_step'],terminal['episode_id']); teacher=json.loads((attempt/'teacher-evidence.json').read_text())
273 | …acher,index_rows,ends,header,helper,contract)
    |

E702 Multiple statements on one line (semicolon)
   --> artifacts/research/process/20261004-ced-development/astra-repair-execution/R01/marker-v4-preparation/fix-round-1/offline/verify_sparse.py:271:106
    |
269 |     before=inventory(input_paths); (HERE/'input-inventory-before.json').write_text(json.dumps(before,indent=2)+'\n')
270 |     records=read_journal(attempt/'nominal-journal.jsonl.gz'); validate_runtime(attempt,records,header,contract)
271 |     index_rows=[json.loads(line) for line in (attempt/'whole-step/index.jsonl').read_text().splitlines()]; series=json.loads((attempt…
    |                                                                                                          ^
272 |     selected=header['selected_steps']; ends=validate_index(index_rows,series,selected,terminal['final_step'],terminal['episode_id']);…
273 |     physical,actuators,trace=validate_trace(records,summary,terminal,teacher,index_rows,ends,header,helper,contract)
    |

E702 Multiple statements on one line (semicolon)
   --> artifacts/research/process/20261004-ced-development/astra-repair-execution/R01/marker-v4-preparation/fix-round-1/offline/verify_sparse.py:272:38
    |
270 |     records=read_journal(attempt/'nominal-journal.jsonl.gz'); validate_runtime(attempt,records,header,contract)
271 |     index_rows=[json.loads(line) for line in (attempt/'whole-step/index.jsonl').read_text().splitlines()]; series=json.loads((attempt…
272 |     selected=header['selected_steps']; ends=validate_index(index_rows,series,selected,terminal['final_step'],terminal['episode_id']);…
    |                                      ^
273 |     physical,actuators,trace=validate_trace(records,summary,terminal,teacher,index_rows,ends,header,helper,contract)
274 |     old_records=read_journal(OLD/'nominal-journal.jsonl.gz'); old_terminal=json.loads((OLD/'terminal.json').read_text()); old_teacher…
    |

E501 Line too long (199 > 100)
   --> artifacts/research/process/20261004-ced-development/astra-repair-execution/R01/marker-v4-preparation/fix-round-1/offline/verify_sparse.py:272:101
    |
270 | …pt,records,header,contract)
271 | …_text().splitlines()]; series=json.loads((attempt/'whole-step/summary.json').read_text())
272 | …d,terminal['final_step'],terminal['episode_id']); teacher=json.loads((attempt/'teacher-evidence.json').read_text())
    |                  ^^^^^^^^^^^^^^^^^^^^^^^^^^^^^^^^^^^^^^^^^^^^^^^^^^^^^^^^^^^^^^^^^^^^^^^^^^^^^^^^^^^^^^^^^^^^^^^^^^^
273 | …ows,ends,header,helper,contract)
274 | …s((OLD/'terminal.json').read_text()); old_teacher=json.loads((OLD/'teacher-evidence.json').read_text())
    |

E702 Multiple statements on one line (semicolon)
   --> artifacts/research/process/20261004-ced-development/astra-repair-execution/R01/marker-v4-preparation/fix-round-1/offline/verify_sparse.py:272:133
    |
270 | …ate_runtime(attempt,records,header,contract)
271 | …ndex.jsonl').read_text().splitlines()]; series=json.loads((attempt/'whole-step/summary.json').read_text())
272 | …ws,series,selected,terminal['final_step'],terminal['episode_id']); teacher=json.loads((attempt/'teacher-evidence.json').read_text())
    |                                                                   ^
273 | …l,teacher,index_rows,ends,header,helper,contract)
274 | …erminal=json.loads((OLD/'terminal.json').read_text()); old_teacher=json.loads((OLD/'teacher-evidence.json').read_text())
    |

E702 Multiple statements on one line (semicolon)
   --> artifacts/research/process/20261004-ced-development/astra-repair-execution/R01/marker-v4-preparation/fix-round-1/offline/verify_sparse.py:274:61
    |
272 |     selected=header['selected_steps']; ends=validate_index(index_rows,series,selected,terminal['final_step'],terminal['episode_id']);…
273 |     physical,actuators,trace=validate_trace(records,summary,terminal,teacher,index_rows,ends,header,helper,contract)
274 |     old_records=read_journal(OLD/'nominal-journal.jsonl.gz'); old_terminal=json.loads((OLD/'terminal.json').read_text()); old_teacher…
    |                                                             ^
275 |     old_physical=[r['physical_source'] for r in old_records if r['event']=='ACQUISITION_BEGIN' and r['physics_step']==0]+[r['source']…
276 |     comparison=dict(physical_states=compare_recorded(old_physical,[physical[s] for s in range(terminal['final_step']+1)]),actuator_st…
    |

E501 Line too long (187 > 100)
   --> artifacts/research/process/20261004-ced-development/astra-repair-execution/R01/marker-v4-preparation/fix-round-1/offline/verify_sparse.py:274:101
    |
272 | …elected,terminal['final_step'],terminal['episode_id']); teacher=json.loads((attempt/'teacher-evidence.json').read_text())
273 | …ndex_rows,ends,header,helper,contract)
274 | …n.loads((OLD/'terminal.json').read_text()); old_teacher=json.loads((OLD/'teacher-evidence.json').read_text())
    |                        ^^^^^^^^^^^^^^^^^^^^^^^^^^^^^^^^^^^^^^^^^^^^^^^^^^^^^^^^^^^^^^^^^^^^^^^^^^^^^^^^^^^^^^^
275 | …QUISITION_BEGIN' and r['physics_step']==0]+[r['source']['result']['physics_state'] for r in old_records if r['event']=='OPERATION' a…
276 | … for s in range(terminal['final_step']+1)]),actuator_states=compare_recorded([r['source'] for r in old_records if r['event']=='ACTUA…
    |

E702 Multiple statements on one line (semicolon)
   --> artifacts/research/process/20261004-ced-development/astra-repair-execution/R01/marker-v4-preparation/fix-round-1/offline/verify_sparse.py:274:121
    |
272 |     selected=header['selected_steps']; ends=validate_index(index_rows,series,selected,terminal['final_step'],terminal['episode_id']);…
273 |     physical,actuators,trace=validate_trace(records,summary,terminal,teacher,index_rows,ends,header,helper,contract)
274 |     old_records=read_journal(OLD/'nominal-journal.jsonl.gz'); old_terminal=json.loads((OLD/'terminal.json').read_text()); old_teacher…
    |                                                                                                                         ^
275 |     old_physical=[r['physical_source'] for r in old_records if r['event']=='ACQUISITION_BEGIN' and r['physics_step']==0]+[r['source']…
276 |     comparison=dict(physical_states=compare_recorded(old_physical,[physical[s] for s in range(terminal['final_step']+1)]),actuator_st…
    |

E501 Line too long (276 > 100)
   --> artifacts/research/process/20261004-ced-development/astra-repair-execution/R01/marker-v4-preparation/fix-round-1/offline/verify_sparse.py:275:101
    |
273 | …ader,helper,contract)
274 | …minal.json').read_text()); old_teacher=json.loads((OLD/'teacher-evidence.json').read_text())
275 | …and r['physics_step']==0]+[r['source']['result']['physics_state'] for r in old_records if r['event']=='OPERATION' and r['source']['kind']=='PHYSICS' and r['source']['phase']=='END']
    |       ^^^^^^^^^^^^^^^^^^^^^^^^^^^^^^^^^^^^^^^^^^^^^^^^^^^^^^^^^^^^^^^^^^^^^^^^^^^^^^^^^^^^^^^^^^^^^^^^^^^^^^^^^^^^^^^^^^^^^^^^^^^^^^^^^^^^^^^^^^^^^^^^^^^^^^^^^^^^^^^^^^^^^^^^^^^^^^^^
276 | …erminal['final_step']+1)]),actuator_states=compare_recorded([r['source'] for r in old_records if r['event']=='ACTUATOR'],[actuators[s]['source'] for s in range(1,terminal['final_step']+1…
277 | …ra-repair-execution/R01/offline/offline-markers.jsonl').read_text().splitlines())}
    |

E501 Line too long (451 > 100)
   --> artifacts/research/process/20261004-ced-development/astra-repair-execution/R01/marker-v4-preparation/fix-round-1/offline/verify_sparse.py:276:101
    |
274 | …minal.json').read_text()); old_teacher=json.loads((OLD/'teacher-evidence.json').read_text())
275 | …and r['physics_step']==0]+[r['source']['result']['physics_state'] for r in old_records if r['event']=='OPERATION' and r['source']['kind']=='PHYSICS' and r['source']['phase']=='END']
276 | …erminal['final_step']+1)]),actuator_states=compare_recorded([r['source'] for r in old_records if r['event']=='ACTUATOR'],[actuators[s]['source'] for s in range(1,terminal['final_step']+1)]),commands=compare_recorded(old_terminal['commands'],terminal['commands']),scorer_samples=compare_recorded(old_teacher['physical_samples'],teacher['physical_samples']))
    |       ^^^^^^^^^^^^^^^^^^^^^^^^^^^^^^^^^^^^^^^^^^^^^^^^^^^^^^^^^^^^^^^^^^^^^^^^^^^^^^^^^^^^^^^^^^^^^^^^^^^^^^^^^^^^^^^^^^^^^^^^^^^^^^^^^^^^^^^^^^^^^^^^^^^^^^^^^^^^^^^^^^^^^^^^^^^^^^^^^^^^^^^^^^^^^^^^^^^^^^^^^^^^^^^^^^^^^^^^^^^^^^^^^^^^^^^^^^^^^^^^^^^^^^^^^^^^^^^^^^^^^^^^^^^^^^^^^^^^^^^^^^^^^^^^^^^^^^^^^^^^^^^^^^^^^^^^^^^^^^^^^^^^^^^^^^^^^^^^^^^^^^^^^^^^^^^
277 | …ra-repair-execution/R01/offline/offline-markers.jsonl').read_text().splitlines())}
278 | …Counter(); ids=set(); camera_context=None; valid=0; compressed_bytes=original_bytes=0; decoder_calls=0
    |

E501 Line too long (177 > 100)
   --> artifacts/research/process/20261004-ced-development/astra-repair-execution/R01/marker-v4-preparation/fix-round-1/offline/verify_sparse.py:277:101
    |
275 | …=='ACQUISITION_BEGIN' and r['physics_step']==0]+[r['source']['result']['physics_state'] for r in old_records if r['event']=='OPERATI…
276 | …al[s] for s in range(terminal['final_step']+1)]),actuator_states=compare_recorded([r['source'] for r in old_records if r['event']=='…
277 | …oads,(DEVELOPMENT/'astra-repair-execution/R01/offline/offline-markers.jsonl').read_text().splitlines())}
    |                             ^^^^^^^^^^^^^^^^^^^^^^^^^^^^^^^^^^^^^^^^^^^^^^^^^^^^^^^^^^^^^^^^^^^^^^^^^^^^^
278 | … statuses={}; reasons=Counter(); ids=set(); camera_context=None; valid=0; compressed_bytes=original_bytes=0; decoder_calls=0
279 | …
    |

E702 Multiple statements on one line (semicolon)
   --> artifacts/research/process/20261004-ced-development/astra-repair-execution/R01/marker-v4-preparation/fix-round-1/offline/verify_sparse.py:278:73
    |
276 |     comparison=dict(physical_states=compare_recorded(old_physical,[physical[s] for s in range(terminal['final_step']+1)]),actuator_st…
277 |     old_markers={r['physics_step']:r['decode_status'] for r in map(json.loads,(DEVELOPMENT/'astra-repair-execution/R01/offline/offlin…
278 |     registration=PoseMarkerRegistration(**header['marker_registration']); statuses={}; reasons=Counter(); ids=set(); camera_context=N…
    |                                                                         ^
279 |     with markers.open('x') as stream:
280 |         for step in selected:
    |

E702 Multiple statements on one line (semicolon)
   --> artifacts/research/process/20261004-ced-development/astra-repair-execution/R01/marker-v4-preparation/fix-round-1/offline/verify_sparse.py:278:86
    |
276 |     comparison=dict(physical_states=compare_recorded(old_physical,[physical[s] for s in range(terminal['final_step']+1)]),actuator_st…
277 |     old_markers={r['physics_step']:r['decode_status'] for r in map(json.loads,(DEVELOPMENT/'astra-repair-execution/R01/offline/offlin…
278 |     registration=PoseMarkerRegistration(**header['marker_registration']); statuses={}; reasons=Counter(); ids=set(); camera_context=N…
    |                                                                                      ^
279 |     with markers.open('x') as stream:
280 |         for step in selected:
    |

E501 Line too long (197 > 100)
   --> artifacts/research/process/20261004-ced-development/astra-repair-execution/R01/marker-v4-preparation/fix-round-1/offline/verify_sparse.py:278:101
    |
276 | …s in range(terminal['final_step']+1)]),actuator_states=compare_recorded([r['source'] for r in old_records if r['event']=='ACTUATOR']…
277 | …LOPMENT/'astra-repair-execution/R01/offline/offline-markers.jsonl').read_text().splitlines())}
278 | …{}; reasons=Counter(); ids=set(); camera_context=None; valid=0; compressed_bytes=original_bytes=0; decoder_calls=0
    |                   ^^^^^^^^^^^^^^^^^^^^^^^^^^^^^^^^^^^^^^^^^^^^^^^^^^^^^^^^^^^^^^^^^^^^^^^^^^^^^^^^^^^^^^^^^^^^^^^^^
279 | …
280 | …
    |

E702 Multiple statements on one line (semicolon)
   --> artifacts/research/process/20261004-ced-development/astra-repair-execution/R01/marker-v4-preparation/fix-round-1/offline/verify_sparse.py:278:105
    |
276 |     comparison=dict(physical_states=compare_recorded(old_physical,[physical[s] for s in range(terminal['final_step']+1)]),actuator_st…
277 |     old_markers={r['physics_step']:r['decode_status'] for r in map(json.loads,(DEVELOPMENT/'astra-repair-execution/R01/offline/offlin…
278 |     registration=PoseMarkerRegistration(**header['marker_registration']); statuses={}; reasons=Counter(); ids=set(); camera_context=N…
    |                                                                                                         ^
279 |     with markers.open('x') as stream:
280 |         for step in selected:
    |

E702 Multiple statements on one line (semicolon)
   --> artifacts/research/process/20261004-ced-development/astra-repair-execution/R01/marker-v4-preparation/fix-round-1/offline/verify_sparse.py:278:116
    |
276 |     comparison=dict(physical_states=compare_recorded(old_physical,[physical[s] for s in range(terminal['final_step']+1)]),actuator_st…
277 |     old_markers={r['physics_step']:r['decode_status'] for r in map(json.loads,(DEVELOPMENT/'astra-repair-execution/R01/offline/offlin…
278 |     registration=PoseMarkerRegistration(**header['marker_registration']); statuses={}; reasons=Counter(); ids=set(); camera_context=N…
    |                                                                                                                    ^
279 |     with markers.open('x') as stream:
280 |         for step in selected:
    |

E702 Multiple statements on one line (semicolon)
   --> artifacts/research/process/20261004-ced-development/astra-repair-execution/R01/marker-v4-preparation/fix-round-1/offline/verify_sparse.py:278:137
    |
276 | …ical[s] for s in range(terminal['final_step']+1)]),actuator_states=compare_recorded([r['source'] for r in old_records if r['event']=…
277 | ….loads,(DEVELOPMENT/'astra-repair-execution/R01/offline/offline-markers.jsonl').read_text().splitlines())}
278 | …); statuses={}; reasons=Counter(); ids=set(); camera_context=None; valid=0; compressed_bytes=original_bytes=0; decoder_calls=0
    |                                                                   ^
279 | …
280 | …
    |

E702 Multiple statements on one line (semicolon)
   --> artifacts/research/process/20261004-ced-development/astra-repair-execution/R01/marker-v4-preparation/fix-round-1/offline/verify_sparse.py:278:146
    |
276 | …or s in range(terminal['final_step']+1)]),actuator_states=compare_recorded([r['source'] for r in old_records if r['event']=='ACTUATO…
277 | …EVELOPMENT/'astra-repair-execution/R01/offline/offline-markers.jsonl').read_text().splitlines())}
278 | …es={}; reasons=Counter(); ids=set(); camera_context=None; valid=0; compressed_bytes=original_bytes=0; decoder_calls=0
    |                                                                   ^
279 | …
280 | …
    |

E702 Multiple statements on one line (semicolon)
   --> artifacts/research/process/20261004-ced-development/astra-repair-execution/R01/marker-v4-preparation/fix-round-1/offline/verify_sparse.py:278:181
    |
276 | …]+1)]),actuator_states=compare_recorded([r['source'] for r in old_records if r['event']=='ACTUATOR'],[actuators[s]['source'] for s i…
277 | …R01/offline/offline-markers.jsonl').read_text().splitlines())}
278 | …; camera_context=None; valid=0; compressed_bytes=original_bytes=0; decoder_calls=0
    |                                                                   ^
279 | …
280 | …
    |

E702 Multiple statements on one line (semicolon)
   --> artifacts/research/process/20261004-ced-development/astra-repair-execution/R01/marker-v4-preparation/fix-round-1/offline/verify_sparse.py:283:31
    |
281 | …     measured=dict(physics_step=step,old_decode_status=old_markers[step],decode_status='UNAVAILABLE_INVALID_RAW')
282 | …     try:
283 | …         row=ends[step]; require(row['file']==f'frames/{step:07d}.json.gz','noncanonical raw path')
    |                         ^
284 | …         compressed=(attempt/'whole-step'/row['file']).read_bytes(); raw=gzip.decompress(compressed)
285 | …         require(sha(compressed)==row['compressed_sha256'] and sha(raw)==row['original_sha256'] and len(raw)==row['original_bytes'] …
    |

E501 Line too long (106 > 100)
   --> artifacts/research/process/20261004-ced-development/astra-repair-execution/R01/marker-v4-preparation/fix-round-1/offline/verify_sparse.py:283:101
    |
281 | …     measured=dict(physics_step=step,old_decode_status=old_markers[step],decode_status='UNAVAILABLE_INVALID_RAW')
282 | …     try:
283 | …         row=ends[step]; require(row['file']==f'frames/{step:07d}.json.gz','noncanonical raw path')
    |                                                                                               ^^^^^^
284 | …         compressed=(attempt/'whole-step'/row['file']).read_bytes(); raw=gzip.decompress(compressed)
285 | …         require(sha(compressed)==row['compressed_sha256'] and sha(raw)==row['original_sha256'] and len(raw)==row['original_bytes'] …
    |

E702 Multiple statements on one line (semicolon)
   --> artifacts/research/process/20261004-ced-development/astra-repair-execution/R01/marker-v4-preparation/fix-round-1/offline/verify_sparse.py:284:75
    |
282 | …     try:
283 | …         row=ends[step]; require(row['file']==f'frames/{step:07d}.json.gz','noncanonical raw path')
284 | …         compressed=(attempt/'whole-step'/row['file']).read_bytes(); raw=gzip.decompress(compressed)
    |                                                                     ^
285 | …         require(sha(compressed)==row['compressed_sha256'] and sha(raw)==row['original_sha256'] and len(raw)==row['original_bytes'] …
286 | …         observation=RGBDObservation.model_validate_json(raw)
    |

E501 Line too long (107 > 100)
   --> artifacts/research/process/20261004-ced-development/astra-repair-execution/R01/marker-v4-preparation/fix-round-1/offline/verify_sparse.py:284:101
    |
282 | …     try:
283 | …         row=ends[step]; require(row['file']==f'frames/{step:07d}.json.gz','noncanonical raw path')
284 | …         compressed=(attempt/'whole-step'/row['file']).read_bytes(); raw=gzip.decompress(compressed)
    |                                                                                               ^^^^^^^
285 | …         require(sha(compressed)==row['compressed_sha256'] and sha(raw)==row['original_sha256'] and len(raw)==row['original_bytes'] …
286 | …         observation=RGBDObservation.model_validate_json(raw)
    |

E501 Line too long (220 > 100)
   --> artifacts/research/process/20261004-ced-development/astra-repair-execution/R01/marker-v4-preparation/fix-round-1/offline/verify_sparse.py:285:101
    |
283 | …l raw path')
284 | …s(compressed)
285 | …sha256'] and len(raw)==row['original_bytes'] and len(compressed)==row['compressed_bytes'], 'original raw bytes/hash mismatch')
    |        ^^^^^^^^^^^^^^^^^^^^^^^^^^^^^^^^^^^^^^^^^^^^^^^^^^^^^^^^^^^^^^^^^^^^^^^^^^^^^^^^^^^^^^^^^^^^^^^^^^^^^^^^^^^^^^^^^^^^^^^^
286 | …
287 | …e_s==row['sim_time_s'] and observation.observation_id==row['observation_id'] and observation.checksum_sha256==row['checksum'] and ob…
    |

E501 Line too long (313 > 100)
   --> artifacts/research/process/20261004-ced-development/astra-repair-execution/R01/marker-v4-preparation/fix-round-1/offline/verify_sparse.py:287:101
    |
285 | …ha256'] and len(raw)==row['original_bytes'] and len(compressed)==row['compressed_bytes'], 'original raw bytes/hash mismatch')
286 | …
287 | …_s==row['sim_time_s'] and observation.observation_id==row['observation_id'] and observation.checksum_sha256==row['checksum'] and observation.observation_id not in ids, 'original observation identity/checksum mismatch')
    |       ^^^^^^^^^^^^^^^^^^^^^^^^^^^^^^^^^^^^^^^^^^^^^^^^^^^^^^^^^^^^^^^^^^^^^^^^^^^^^^^^^^^^^^^^^^^^^^^^^^^^^^^^^^^^^^^^^^^^^^^^^^^^^^^^^^^^^^^^^^^^^^^^^^^^^^^^^^^^^^^^^^^^^^^^^^^^^^^^^^^^^^^^^^^^^^^^^^^^^^^^^^^^^^^^^^^^^
288 | …nsions differ')
289 | …n.camera_to_world,observation.calibration_version,observation.scene_id,observation.source)
    |

E501 Line too long (110 > 100)
   --> artifacts/research/process/20261004-ced-development/astra-repair-execution/R01/marker-v4-preparation/fix-round-1/offline/verify_sparse.py:288:101
    |
286 | …     observation=RGBDObservation.model_validate_json(raw)
287 | …     require(observation.episode_id==terminal['episode_id'] and observation.sim_time_s==row['sim_time_s'] and observation.observatio…
288 | …     require((observation.width,observation.height)==(640,480),'original camera dimensions differ')
    |                                                                                           ^^^^^^^^^^
289 | …     context=(observation.width,observation.height,observation.intrinsics,observation.camera_to_world,observation.calibration_versio…
290 | …     require(camera_context is None or camera_context==context,'original camera context changed'); camera_context=context; ids.add(o…
    |

E501 Line too long (169 > 100)
   --> artifacts/research/process/20261004-ced-development/astra-repair-execution/R01/marker-v4-preparation/fix-round-1/offline/verify_sparse.py:290:101
    |
288 | …480),'original camera dimensions differ')
289 | …tion.intrinsics,observation.camera_to_world,observation.calibration_version,observation.scene_id,observation.source)
290 | …text,'original camera context changed'); camera_context=context; ids.add(observation.observation_id)
    |                                 ^^^^^^^^^^^^^^^^^^^^^^^^^^^^^^^^^^^^^^^^^^^^^^^^^^^^^^^^^^^^^^^^^^^^^
291 | …before_state']['physics_state_sha256'] for r in records if r['event']=='ACQUISITION_END' and r['physics_step']==step)]*2,'original c…
292 | …_time_s=observation.sim_time_s,observation_id=observation.observation_id,checksum=observation.checksum_sha256,compressed_sha256=sha(…
    |

E702 Multiple statements on one line (semicolon)
   --> artifacts/research/process/20261004-ced-development/astra-repair-execution/R01/marker-v4-preparation/fix-round-1/offline/verify_sparse.py:290:109
    |
288 | …     require((observation.width,observation.height)==(640,480),'original camera dimensions differ')
289 | …     context=(observation.width,observation.height,observation.intrinsics,observation.camera_to_world,observation.calibration_versio…
290 | …     require(camera_context is None or camera_context==context,'original camera context changed'); camera_context=context; ids.add(o…
    |                                                                                                   ^
291 | …     require(row['pass_state_hashes']==[next(r['camera']['before_state']['physics_state_sha256'] for r in records if r['event']=='AC…
292 | …     measured.update(episode_id=observation.episode_id,sim_time_s=observation.sim_time_s,observation_id=observation.observation_id,c…
    |

E702 Multiple statements on one line (semicolon)
   --> artifacts/research/process/20261004-ced-development/astra-repair-execution/R01/marker-v4-preparation/fix-round-1/offline/verify_sparse.py:290:133
    |
288 | …     require((observation.width,observation.height)==(640,480),'original camera dimensions differ')
289 | …     context=(observation.width,observation.height,observation.intrinsics,observation.camera_to_world,observation.calibration_versio…
290 | …     require(camera_context is None or camera_context==context,'original camera context changed'); camera_context=context; ids.add(o…
    |                                                                                                                           ^
291 | …     require(row['pass_state_hashes']==[next(r['camera']['before_state']['physics_state_sha256'] for r in records if r['event']=='AC…
292 | …     measured.update(episode_id=observation.episode_id,sim_time_s=observation.sim_time_s,observation_id=observation.observation_id,c…
    |

E501 Line too long (222 > 100)
   --> artifacts/research/process/20261004-ced-development/astra-repair-execution/R01/marker-v4-preparation/fix-round-1/offline/verify_sparse.py:291:101
    |
289 | …n.camera_to_world,observation.calibration_version,observation.scene_id,observation.source)
290 | …ext changed'); camera_context=context; ids.add(observation.observation_id)
291 | …ate_sha256'] for r in records if r['event']=='ACQUISITION_END' and r['physics_step']==step)]*2,'original camera passes differ')
    |       ^^^^^^^^^^^^^^^^^^^^^^^^^^^^^^^^^^^^^^^^^^^^^^^^^^^^^^^^^^^^^^^^^^^^^^^^^^^^^^^^^^^^^^^^^^^^^^^^^^^^^^^^^^^^^^^^^^^^^^^^^^
292 | …me_s,observation_id=observation.observation_id,checksum=observation.checksum_sha256,compressed_sha256=sha(compressed),original_sha25…
293 | …['decode_status']='DECODE_ERROR'; decoder_calls+=1
    |

E501 Line too long (451 > 100)
   --> artifacts/research/process/20261004-ced-development/astra-repair-execution/R01/marker-v4-preparation/fix-round-1/offline/verify_sparse.py:292:101
    |
290 | …ext changed'); camera_context=context; ids.add(observation.observation_id)
291 | …ate_sha256'] for r in records if r['event']=='ACQUISITION_END' and r['physics_step']==step)]*2,'original camera passes differ')
292 | …me_s,observation_id=observation.observation_id,checksum=observation.checksum_sha256,compressed_sha256=sha(compressed),original_sha256=sha(raw),raw_member_sha256={name:sha(base64.b64decode(getattr(observation,field),validate=True)) for name,field in [('rgb.png','rgb_png_base64'),('depth.f32','depth_float32_base64'),('valid_mask.u8','valid_mask_base64')]})
    |       ^^^^^^^^^^^^^^^^^^^^^^^^^^^^^^^^^^^^^^^^^^^^^^^^^^^^^^^^^^^^^^^^^^^^^^^^^^^^^^^^^^^^^^^^^^^^^^^^^^^^^^^^^^^^^^^^^^^^^^^^^^^^^^^^^^^^^^^^^^^^^^^^^^^^^^^^^^^^^^^^^^^^^^^^^^^^^^^^^^^^^^^^^^^^^^^^^^^^^^^^^^^^^^^^^^^^^^^^^^^^^^^^^^^^^^^^^^^^^^^^^^^^^^^^^^^^^^^^^^^^^^^^^^^^^^^^^^^^^^^^^^^^^^^^^^^^^^^^^^^^^^^^^^^^^^^^^^^^^^^^^^^^^^^^^^^^^^^^^^^^^^^^^^^^^^^
293 | …['decode_status']='DECODE_ERROR'; decoder_calls+=1
294 | …
    |

E702 Multiple statements on one line (semicolon)
   --> artifacts/research/process/20261004-ced-development/astra-repair-execution/R01/marker-v4-preparation/fix-round-1/offline/verify_sparse.py:293:25
    |
291 | …     require(row['pass_state_hashes']==[next(r['camera']['before_state']['physics_state_sha256'] for r in records if r['event']=='AC…
292 | …     measured.update(episode_id=observation.episode_id,sim_time_s=observation.sim_time_s,observation_id=observation.observation_id,c…
293 | …     valid+=1; compressed_bytes+=len(compressed); original_bytes+=len(raw); measured['decode_status']='DECODE_ERROR'; decoder_calls+…
    |               ^
294 | …     estimate=detect_pose_marker(observation,registration)
295 | …     marker=asdict(estimate); marker['captured_at']=estimate.captured_at.isoformat(); measured.update(marker=marker,decode_status=es…
    |

E702 Multiple statements on one line (semicolon)
   --> artifacts/research/process/20261004-ced-development/astra-repair-execution/R01/marker-v4-preparation/fix-round-1/offline/verify_sparse.py:293:60
    |
291 | …     require(row['pass_state_hashes']==[next(r['camera']['before_state']['physics_state_sha256'] for r in records if r['event']=='AC…
292 | …     measured.update(episode_id=observation.episode_id,sim_time_s=observation.sim_time_s,observation_id=observation.observation_id,c…
293 | …     valid+=1; compressed_bytes+=len(compressed); original_bytes+=len(raw); measured['decode_status']='DECODE_ERROR'; decoder_calls+…
    |                                                  ^
294 | …     estimate=detect_pose_marker(observation,registration)
295 | …     marker=asdict(estimate); marker['captured_at']=estimate.captured_at.isoformat(); measured.update(marker=marker,decode_status=es…
    |

E702 Multiple statements on one line (semicolon)
   --> artifacts/research/process/20261004-ced-development/astra-repair-execution/R01/marker-v4-preparation/fix-round-1/offline/verify_sparse.py:293:86
    |
291 | …     require(row['pass_state_hashes']==[next(r['camera']['before_state']['physics_state_sha256'] for r in records if r['event']=='AC…
292 | …     measured.update(episode_id=observation.episode_id,sim_time_s=observation.sim_time_s,observation_id=observation.observation_id,c…
293 | …     valid+=1; compressed_bytes+=len(compressed); original_bytes+=len(raw); measured['decode_status']='DECODE_ERROR'; decoder_calls+…
    |                                                                            ^
294 | …     estimate=detect_pose_marker(observation,registration)
295 | …     marker=asdict(estimate); marker['captured_at']=estimate.captured_at.isoformat(); measured.update(marker=marker,decode_status=es…
    |

E501 Line too long (145 > 100)
   --> artifacts/research/process/20261004-ced-development/astra-repair-execution/R01/marker-v4-preparation/fix-round-1/offline/verify_sparse.py:293:101
    |
291 | …['camera']['before_state']['physics_state_sha256'] for r in records if r['event']=='ACQUISITION_END' and r['physics_step']==step)]*2…
292 | …isode_id,sim_time_s=observation.sim_time_s,observation_id=observation.observation_id,checksum=observation.checksum_sha256,compressed…
293 | …d); original_bytes+=len(raw); measured['decode_status']='DECODE_ERROR'; decoder_calls+=1
    |                                             ^^^^^^^^^^^^^^^^^^^^^^^^^^^^^^^^^^^^^^^^^^^^^
294 | …egistration)
295 | …_at']=estimate.captured_at.isoformat(); measured.update(marker=marker,decode_status=estimate.status); reasons[estimate.reason]+=1
    |

E702 Multiple statements on one line (semicolon)
   --> artifacts/research/process/20261004-ced-development/astra-repair-execution/R01/marker-v4-preparation/fix-round-1/offline/verify_sparse.py:293:128
    |
291 | …     require(row['pass_state_hashes']==[next(r['camera']['before_state']['physics_state_sha256'] for r in records if r['event']=='AC…
292 | …     measured.update(episode_id=observation.episode_id,sim_time_s=observation.sim_time_s,observation_id=observation.observation_id,c…
293 | …     valid+=1; compressed_bytes+=len(compressed); original_bytes+=len(raw); measured['decode_status']='DECODE_ERROR'; decoder_calls+…
    |                                                                                                                      ^
294 | …     estimate=detect_pose_marker(observation,registration)
295 | …     marker=asdict(estimate); marker['captured_at']=estimate.captured_at.isoformat(); measured.update(marker=marker,decode_status=es…
    |

E702 Multiple statements on one line (semicolon)
   --> artifacts/research/process/20261004-ced-development/astra-repair-execution/R01/marker-v4-preparation/fix-round-1/offline/verify_sparse.py:295:40
    |
293 | …         valid+=1; compressed_bytes+=len(compressed); original_bytes+=len(raw); measured['decode_status']='DECODE_ERROR'; decoder_ca…
294 | …         estimate=detect_pose_marker(observation,registration)
295 | …         marker=asdict(estimate); marker['captured_at']=estimate.captured_at.isoformat(); measured.update(marker=marker,decode_statu…
    |                                  ^
296 | …     except Exception as error:
297 | …         measured['failure']=dict(type=type(error).__name__,message=str(error)); reasons[measured['decode_status']]+=1
    |

E702 Multiple statements on one line (semicolon)
   --> artifacts/research/process/20261004-ced-development/astra-repair-execution/R01/marker-v4-preparation/fix-round-1/offline/verify_sparse.py:295:96
    |
293 | …         valid+=1; compressed_bytes+=len(compressed); original_bytes+=len(raw); measured['decode_status']='DECODE_ERROR'; decoder_ca…
294 | …         estimate=detect_pose_marker(observation,registration)
295 | …         marker=asdict(estimate); marker['captured_at']=estimate.captured_at.isoformat(); measured.update(marker=marker,decode_statu…
    |                                                                                          ^
296 | …     except Exception as error:
297 | …         measured['failure']=dict(type=type(error).__name__,message=str(error)); reasons[measured['decode_status']]+=1
    |

E501 Line too long (186 > 100)
   --> artifacts/research/process/20261004-ced-development/astra-repair-execution/R01/marker-v4-preparation/fix-round-1/offline/verify_sparse.py:295:101
    |
293 | …len(raw); measured['decode_status']='DECODE_ERROR'; decoder_calls+=1
294 | …
295 | …red_at.isoformat(); measured.update(marker=marker,decode_status=estimate.status); reasons[estimate.reason]+=1
    |                         ^^^^^^^^^^^^^^^^^^^^^^^^^^^^^^^^^^^^^^^^^^^^^^^^^^^^^^^^^^^^^^^^^^^^^^^^^^^^^^^^^^^^^^
296 | …
297 | …r(error)); reasons[measured['decode_status']]+=1
    |

E702 Multiple statements on one line (semicolon)
   --> artifacts/research/process/20261004-ced-development/astra-repair-execution/R01/marker-v4-preparation/fix-round-1/offline/verify_sparse.py:295:158
    |
293 | …red['decode_status']='DECODE_ERROR'; decoder_calls+=1
294 | …
295 | …t(); measured.update(marker=marker,decode_status=estimate.status); reasons[estimate.reason]+=1
    |                                                                   ^
296 | …
297 | …ons[measured['decode_status']]+=1
    |

E702 Multiple statements on one line (semicolon)
   --> artifacts/research/process/20261004-ced-development/astra-repair-execution/R01/marker-v4-preparation/fix-round-1/offline/verify_sparse.py:297:87
    |
295 |                 marker=asdict(estimate); marker['captured_at']=estimate.captured_at.isoformat(); measured.update(marker=marker,decode…
296 |             except Exception as error:
297 |                 measured['failure']=dict(type=type(error).__name__,message=str(error)); reasons[measured['decode_status']]+=1
    |                                                                                       ^
298 |             statuses[step]=measured['decode_status']; stream.write(json.dumps(measured,allow_nan=False)+'\n'); stream.flush()
299 |     after=inventory(input_paths); require(same(before,after),'immutable input changed during offline analysis'); (HERE/'input-invento…
    |

E501 Line too long (125 > 100)
   --> artifacts/research/process/20261004-ced-development/astra-repair-execution/R01/marker-v4-preparation/fix-round-1/offline/verify_sparse.py:297:101
    |
295 |                 marker=asdict(estimate); marker['captured_at']=estimate.captured_at.isoformat(); measured.update(marker=marker,decode…
296 |             except Exception as error:
297 |                 measured['failure']=dict(type=type(error).__name__,message=str(error)); reasons[measured['decode_status']]+=1
    |                                                                                                     ^^^^^^^^^^^^^^^^^^^^^^^^^
298 |             statuses[step]=measured['decode_status']; stream.write(json.dumps(measured,allow_nan=False)+'\n'); stream.flush()
299 |     after=inventory(input_paths); require(same(before,after),'immutable input changed during offline analysis'); (HERE/'input-invento…
    |

E702 Multiple statements on one line (semicolon)
   --> artifacts/research/process/20261004-ced-development/astra-repair-execution/R01/marker-v4-preparation/fix-round-1/offline/verify_sparse.py:298:53
    |
296 |             except Exception as error:
297 |                 measured['failure']=dict(type=type(error).__name__,message=str(error)); reasons[measured['decode_status']]+=1
298 |             statuses[step]=measured['decode_status']; stream.write(json.dumps(measured,allow_nan=False)+'\n'); stream.flush()
    |                                                     ^
299 |     after=inventory(input_paths); require(same(before,after),'immutable input changed during offline analysis'); (HERE/'input-invento…
300 |     comparison['marker_status']=compare_markers(selected,old_markers,statuses)
    |

E501 Line too long (125 > 100)
   --> artifacts/research/process/20261004-ced-development/astra-repair-execution/R01/marker-v4-preparation/fix-round-1/offline/verify_sparse.py:298:101
    |
296 |             except Exception as error:
297 |                 measured['failure']=dict(type=type(error).__name__,message=str(error)); reasons[measured['decode_status']]+=1
298 |             statuses[step]=measured['decode_status']; stream.write(json.dumps(measured,allow_nan=False)+'\n'); stream.flush()
    |                                                                                                     ^^^^^^^^^^^^^^^^^^^^^^^^^
299 |     after=inventory(input_paths); require(same(before,after),'immutable input changed during offline analysis'); (HERE/'input-invento…
300 |     comparison['marker_status']=compare_markers(selected,old_markers,statuses)
    |

E702 Multiple statements on one line (semicolon)
   --> artifacts/research/process/20261004-ced-development/astra-repair-execution/R01/marker-v4-preparation/fix-round-1/offline/verify_sparse.py:298:110
    |
296 |             except Exception as error:
297 |                 measured['failure']=dict(type=type(error).__name__,message=str(error)); reasons[measured['decode_status']]+=1
298 |             statuses[step]=measured['decode_status']; stream.write(json.dumps(measured,allow_nan=False)+'\n'); stream.flush()
    |                                                                                                              ^
299 |     after=inventory(input_paths); require(same(before,after),'immutable input changed during offline analysis'); (HERE/'input-invento…
300 |     comparison['marker_status']=compare_markers(selected,old_markers,statuses)
    |

E702 Multiple statements on one line (semicolon)
   --> artifacts/research/process/20261004-ced-development/astra-repair-execution/R01/marker-v4-preparation/fix-round-1/offline/verify_sparse.py:299:33
    |
297 |                 measured['failure']=dict(type=type(error).__name__,message=str(error)); reasons[measured['decode_status']]+=1
298 |             statuses[step]=measured['decode_status']; stream.write(json.dumps(measured,allow_nan=False)+'\n'); stream.flush()
299 |     after=inventory(input_paths); require(same(before,after),'immutable input changed during offline analysis'); (HERE/'input-invento…
    |                                 ^
300 |     comparison['marker_status']=compare_markers(selected,old_markers,statuses)
301 |     result=dict(reader_version='research.custom-sparse-marker-v4-offline.v1',integrity_status='VERIFIED_SPARSE_RAW_AND_RECORDED_TRACE…
    |

E501 Line too long (192 > 100)
   --> artifacts/research/process/20261004-ced-development/astra-repair-execution/R01/marker-v4-preparation/fix-round-1/offline/verify_sparse.py:299:101
    |
297 | …rror)); reasons[measured['decode_status']]+=1
298 | …asured,allow_nan=False)+'\n'); stream.flush()
299 | …anged during offline analysis'); (HERE/'input-inventory-after.json').write_text(json.dumps(after,indent=2)+'\n')
    |                      ^^^^^^^^^^^^^^^^^^^^^^^^^^^^^^^^^^^^^^^^^^^^^^^^^^^^^^^^^^^^^^^^^^^^^^^^^^^^^^^^^^^^^^^^^^^^
300 | …
301 | …egrity_status='VERIFIED_SPARSE_RAW_AND_RECORDED_TRACE' if valid==201 else 'INCOMPLETE_INVALID_RAW',scope='EXCLUDED_SAME_COMPONENT_SP…
    |

E702 Multiple statements on one line (semicolon)
   --> artifacts/research/process/20261004-ced-development/astra-repair-execution/R01/marker-v4-preparation/fix-round-1/offline/verify_sparse.py:299:112
    |
297 |                 measured['failure']=dict(type=type(error).__name__,message=str(error)); reasons[measured['decode_status']]+=1
298 |             statuses[step]=measured['decode_status']; stream.write(json.dumps(measured,allow_nan=False)+'\n'); stream.flush()
299 |     after=inventory(input_paths); require(same(before,after),'immutable input changed during offline analysis'); (HERE/'input-invento…
    |                                                                                                                ^
300 |     comparison['marker_status']=compare_markers(selected,old_markers,statuses)
301 |     result=dict(reader_version='research.custom-sparse-marker-v4-offline.v1',integrity_status='VERIFIED_SPARSE_RAW_AND_RECORDED_TRACE…
    |

E501 Line too long (1635 > 100)
   --> artifacts/research/process/20261004-ced-development/astra-repair-execution/R01/marker-v4-preparation/fix-round-1/offline/verify_sparse.py:301:101
    |
299 | …fline analysis'); (HERE/'input-inventory-after.json').write_text(json.dumps(after,indent=2)+'\n')
300 | …
301 | …VERIFIED_SPARSE_RAW_AND_RECORDED_TRACE' if valid==201 else 'INCOMPLETE_INVALID_RAW',scope='EXCLUDED_SAME_COMPONENT_SPARSE_VISIBILITY_DIAGNOSIS',source_authenticity='UNKNOWN',independent_calibration_group=False,formal_accepted=False,native_admission='NOT_PROMOTED',continuous_visibility='NOT_ESTABLISHED',future_stability='UNAVAILABLE',external_utc_uncertainty='UNAVAILABLE',original_max_sample_gap_s=.005,sparse_max_gap_s=series['sparse_max_gap_s'],selected_denominator=201,raw_verified_frames=valid,decoder_calls=decoder_calls,decoder_status_counts=dict(Counter(statuses.values())),decoder_reason_counts=dict(reasons),trace=trace,comparison=comparison,source_count=34,environment_pins=len(header['environment']['files']),execution_header_sha256=HEADER_SHA,detector_source_sha256=sha(Path(__import__('cloud_edge_robot_arm.vision.pose_markers',fromlist=['']).__file__).read_bytes()),reader_source_sha256=sha(Path(__file__).read_bytes()),helper_source_sha256=HELPER_SHA,asset_sha256=ASSET_SHA,marker_registration=header['marker_registration'],registration_digest=registration.digest(),original_json_bytes=original_bytes,compressed_frame_bytes=compressed_bytes,immutable_input_files=len(before),immutable_input_bytes=sum(p['bytes'] for p in before.values()),immutable_inputs_unchanged=True,actual_simulator_calls=0,acquisition_script_wall_s=summary['wall_s'] if 'wall_s' in summary else summary.get('wall_elapsed_s',summary.get('wall_seconds')),camera_counts_scope='RECORDED_COUNTS_ONLY_NO_MEASURED_RENDER_TOTAL',no_old_pose_substitution=True)
    |       ^^^^^^^^^^^^^^^^^^^^^^^^^^^^^^^^^^^^^^^^^^^^^^^^^^^^^^^^^^^^^^^^^^^^^^^^^^^^^^^^^^^^^^^^^^^^^^^^^^^^^^^^^^^^^^^^^^^^^^^^^^^^^^^^^^^^^^^^^^^^^^^^^^^^^^^^^^^^^^^^^^^^^^^^^^^^^^^^^^^^^^^^^^^^^^^^^^^^^^^^^^^^^^^^^^^^^^^^^^^^^^^^^^^^^^^^^^^^^^^^^^^^^^^^^^^^^^^^^^^^^^^^^^^^^^^^^^^^^^^^^^^^^^^^^^^^^^^^^^^^^^^^^^^^^^^^^^^^^^^^^^^^^^^^^^^^^^^^^^^^^^^^^^^^^^^^^^^^^^^^^^^^^^^^^^^^^^^^^^^^^^^^^^^^^^^^^^^^^^^^^^^^^^^^^^^^^^^^^^^^^^^^^^^^^^^^^^^^^^^^^^^^^^^^^^^^^^^^^^^^^^^^^^^^^^^^^^^^^^^^^^^^^^^^^^^^^^^^^^^^^^^^^^^^^^^^^^^^^^^^^^^^^^^^^^^^^^^^^^^^^^^^^^^^^^^^^^^^^^^^^^^^^^^^^^^^^^^^^^^^^^^^^^^^^^^^^^^^^^^^^^^^^^^^^^^^^^^^^^^^^^^^^^^^^^^^^^^^^^^^^^^^^^^^^^^^^^^^^^^^^^^^^^^^^^^^^^^^^^^^^^^^^^^^^^^^^^^^^^^^^^^^^^^^^^^^^^^^^^^^^^^^^^^^^^^^^^^^^^^^^^^^^^^^^^^^^^^^^^^^^^^^^^^^^^^^^^^^^^^^^^^^^^^^^^^^^^^^^^^^^^^^^^^^^^^^^^^^^^^^^^^^^^^^^^^^^^^^^^^^^^^^^^^^^^^^^^^^^^^^^^^^^^^^^^^^^^^^^^^^^^^^^^^^^^^^^^^^^^^^^^^^^^^^^^^^^^^^^^^^^^^^^^^^^^^^^^^^^^^^^^^^^^^^^^^^^^^^^^^^^^^^^^^^^^^^^^^^^^^^^^^^^^^^^^^^^^^^^^^^^^^^^^^^^^^^^^^^^^^^^^^^^^^^^^^^^^^^^^^^^^^^^^^^^^^^^^^^^^^^^^^^^^^^^^^^^^^^^^^^^^^^^^^^^^^^^^^^^^^^^^^^^^^^^^^^^^^^^^^^^^^^^^^^^^^^^^^^^^^^^^^^^^^^^^^^^^^^^^^^^^^^^^^^^^^^^^^^^^^^^^^^^^^^^^^^^^^^^^^^^^^^^^^^^^^^^^^^^^^^^^^^^^^^^^^^^^^^^^^^^^^^^^^^^^^^^^^^^^^^^^^^^^^^^^^^^^^^^^^^^^^^^^^^^^^^^^^^^^^^^^^^^^^^^^^^^^^^^^^^^^^^^^^^^^^^^^^^^^^^^^^^^^^^^^^^^^^^^^^^^^^^^^^^^^^^^^^^^^^^^^^^^^^^^^^^^^^^^^^^^^^^^^^^^^^^^^^^^^^^^^^^^^^^^^^^^^^^^^^^^^^^^^^^^^^^^^^^^^^^^^^^^^^^^^^^^^^^^^^^^^^^^^^^^^^^^^^^^^^^^^^^^^^^^^^^^^^^^^^^^^^^^^^^^^^^^^^
302 | …sult[k] for k in ('integrity_status','selected_denominator','raw_verified_frames','decoder_calls','decoder_status_counts','comparison')},allow_nan=False))
    |

E702 Multiple statements on one line (semicolon)
   --> artifacts/research/process/20261004-ced-development/astra-repair-execution/R01/marker-v4-preparation/fix-round-1/offline/verify_sparse.py:302:72
    |
300 |     comparison['marker_status']=compare_markers(selected,old_markers,statuses)
301 |     result=dict(reader_version='research.custom-sparse-marker-v4-offline.v1',integrity_status='VERIFIED_SPARSE_RAW_AND_RECORDED_TRACE…
302 |     output.write_text(json.dumps(result,indent=2,allow_nan=False)+'\n'); print(json.dumps({k:result[k] for k in ('integrity_status','…
    |                                                                        ^
    |

E501 Line too long (249 > 100)
   --> artifacts/research/process/20261004-ced-development/astra-repair-execution/R01/marker-v4-preparation/fix-round-1/offline/verify_sparse.py:302:101
    |
300 | …
301 | …VERIFIED_SPARSE_RAW_AND_RECORDED_TRACE' if valid==201 else 'INCOMPLETE_INVALID_RAW',scope='EXCLUDED_SAME_COMPONENT_SPARSE_VISIBILITY_DIAGNOSIS',source_authenti…
302 | …sult[k] for k in ('integrity_status','selected_denominator','raw_verified_frames','decoder_calls','decoder_status_counts','comparison')},allow_nan=False))
    |       ^^^^^^^^^^^^^^^^^^^^^^^^^^^^^^^^^^^^^^^^^^^^^^^^^^^^^^^^^^^^^^^^^^^^^^^^^^^^^^^^^^^^^^^^^^^^^^^^^^^^^^^^^^^^^^^^^^^^^^^^^^^^^^^^^^^^^^^^^^^^^^^^^^^^^
    |

Found 199 errors.
No fixes available (3 hidden fixes can be enabled with the `--unsafe-fixes` option).
