E501 Line too long (109 > 100)
  --> artifacts/research/process/20261004-ced-development/astra-repair-execution/R01/marker-v4-preparation/fix-round-1/offline/test_cpu.py:10:101
   |
 8 | import pytest
 9 |
10 | spec = importlib.util.spec_from_file_location('sparse_offline', Path(__file__).with_name('verify_sparse.py'))
   |                                                                                                     ^^^^^^^^^
11 | V = importlib.util.module_from_spec(spec)
12 | spec.loader.exec_module(V)
   |

E501 Line too long (107 > 100)
  --> artifacts/research/process/20261004-ced-development/astra-repair-execution/R01/marker-v4-preparation/fix-round-1/offline/test_cpu.py:28:101
   |
26 |                    final_sim_time_s=.2, episode_id='e', recipe_range_status='MATCH',
27 |                    physical_callback_attempts=3, physical_callbacks=3, allocated_steps=selected,
28 |                    saved_steps=selected, failed_steps=[], missing_selected_steps=[], publication_errors=[])
   |                                                                                                     ^^^^^^^
29 |     rows.append(dict(event='FINISH', **summary))
30 |     return rows, summary, selected
   |

E501 Line too long (128 > 100)
  --> artifacts/research/process/20261004-ced-development/astra-repair-execution/R01/marker-v4-preparation/fix-round-1/offline/test_cpu.py:38:101
   |
38 | @pytest.mark.parametrize('variant', ['extra_callback', 'duplicate_end', 'failed', 'hanging', 'wrong_selected', 'wrong_episode'])
   |                                                                                                     ^^^^^^^^^^^^^^^^^^^^^^^^^^^^
39 | def test_full_callback_and_selected_denominator_rejects_drift(variant):
40 |     rows, summary, selected = index_fixture()
   |

E701 Multiple statements on one line (colon)
  --> artifacts/research/process/20261004-ced-development/astra-repair-execution/R01/marker-v4-preparation/fix-round-1/offline/test_cpu.py:41:35
   |
39 | def test_full_callback_and_selected_denominator_rejects_drift(variant):
40 |     rows, summary, selected = index_fixture()
41 |     if variant == 'extra_callback': rows.insert(-1, dict(event='PHYSICAL_CALLBACK', selected=False, episode_id='e', physics_step=3, si…
   |                                   ^
42 |     elif variant == 'duplicate_end': rows.insert(-1, copy.deepcopy(rows[2]))
43 |     elif variant == 'failed': rows.insert(-1, dict(event='FAILED', episode_id='e', physics_step=3, sim_time_s=.3))
   |

E501 Line too long (147 > 100)
  --> artifacts/research/process/20261004-ced-development/astra-repair-execution/R01/marker-v4-preparation/fix-round-1/offline/test_cpu.py:41:101
   |
39 | …rift(variant):
40 | …
41 | …event='PHYSICAL_CALLBACK', selected=False, episode_id='e', physics_step=3, sim_time_s=.3))
   |                                             ^^^^^^^^^^^^^^^^^^^^^^^^^^^^^^^^^^^^^^^^^^^^^^^
42 | ….deepcopy(rows[2]))
43 | …'FAILED', episode_id='e', physics_step=3, sim_time_s=.3))
   |

E701 Multiple statements on one line (colon)
  --> artifacts/research/process/20261004-ced-development/astra-repair-execution/R01/marker-v4-preparation/fix-round-1/offline/test_cpu.py:42:36
   |
40 |     rows, summary, selected = index_fixture()
41 |     if variant == 'extra_callback': rows.insert(-1, dict(event='PHYSICAL_CALLBACK', selected=False, episode_id='e', physics_step=3, si…
42 |     elif variant == 'duplicate_end': rows.insert(-1, copy.deepcopy(rows[2]))
   |                                    ^
43 |     elif variant == 'failed': rows.insert(-1, dict(event='FAILED', episode_id='e', physics_step=3, sim_time_s=.3))
44 |     elif variant == 'hanging': rows.pop(-2)
   |

E701 Multiple statements on one line (colon)
  --> artifacts/research/process/20261004-ced-development/astra-repair-execution/R01/marker-v4-preparation/fix-round-1/offline/test_cpu.py:43:29
   |
41 |     if variant == 'extra_callback': rows.insert(-1, dict(event='PHYSICAL_CALLBACK', selected=False, episode_id='e', physics_step=3, si…
42 |     elif variant == 'duplicate_end': rows.insert(-1, copy.deepcopy(rows[2]))
43 |     elif variant == 'failed': rows.insert(-1, dict(event='FAILED', episode_id='e', physics_step=3, sim_time_s=.3))
   |                             ^
44 |     elif variant == 'hanging': rows.pop(-2)
45 |     elif variant == 'wrong_selected': rows[0]['selected'] = False
   |

E501 Line too long (114 > 100)
  --> artifacts/research/process/20261004-ced-development/astra-repair-execution/R01/marker-v4-preparation/fix-round-1/offline/test_cpu.py:43:101
   |
41 |     if variant == 'extra_callback': rows.insert(-1, dict(event='PHYSICAL_CALLBACK', selected=False, episode_id='e', physics_step=3, si…
42 |     elif variant == 'duplicate_end': rows.insert(-1, copy.deepcopy(rows[2]))
43 |     elif variant == 'failed': rows.insert(-1, dict(event='FAILED', episode_id='e', physics_step=3, sim_time_s=.3))
   |                                                                                                     ^^^^^^^^^^^^^^
44 |     elif variant == 'hanging': rows.pop(-2)
45 |     elif variant == 'wrong_selected': rows[0]['selected'] = False
   |

E701 Multiple statements on one line (colon)
  --> artifacts/research/process/20261004-ced-development/astra-repair-execution/R01/marker-v4-preparation/fix-round-1/offline/test_cpu.py:44:30
   |
42 |     elif variant == 'duplicate_end': rows.insert(-1, copy.deepcopy(rows[2]))
43 |     elif variant == 'failed': rows.insert(-1, dict(event='FAILED', episode_id='e', physics_step=3, sim_time_s=.3))
44 |     elif variant == 'hanging': rows.pop(-2)
   |                              ^
45 |     elif variant == 'wrong_selected': rows[0]['selected'] = False
46 |     elif variant == 'wrong_episode': rows[0]['episode_id'] = 'other'
   |

E701 Multiple statements on one line (colon)
  --> artifacts/research/process/20261004-ced-development/astra-repair-execution/R01/marker-v4-preparation/fix-round-1/offline/test_cpu.py:45:37
   |
43 |     elif variant == 'failed': rows.insert(-1, dict(event='FAILED', episode_id='e', physics_step=3, sim_time_s=.3))
44 |     elif variant == 'hanging': rows.pop(-2)
45 |     elif variant == 'wrong_selected': rows[0]['selected'] = False
   |                                     ^
46 |     elif variant == 'wrong_episode': rows[0]['episode_id'] = 'other'
47 |     with pytest.raises(ValueError): V.validate_index(rows, summary, selected, 2, 'e')
   |

E701 Multiple statements on one line (colon)
  --> artifacts/research/process/20261004-ced-development/astra-repair-execution/R01/marker-v4-preparation/fix-round-1/offline/test_cpu.py:46:36
   |
44 |     elif variant == 'hanging': rows.pop(-2)
45 |     elif variant == 'wrong_selected': rows[0]['selected'] = False
46 |     elif variant == 'wrong_episode': rows[0]['episode_id'] = 'other'
   |                                    ^
47 |     with pytest.raises(ValueError): V.validate_index(rows, summary, selected, 2, 'e')
   |

E701 Multiple statements on one line (colon)
  --> artifacts/research/process/20261004-ced-development/astra-repair-execution/R01/marker-v4-preparation/fix-round-1/offline/test_cpu.py:47:35
   |
45 |     elif variant == 'wrong_selected': rows[0]['selected'] = False
46 |     elif variant == 'wrong_episode': rows[0]['episode_id'] = 'other'
47 |     with pytest.raises(ValueError): V.validate_index(rows, summary, selected, 2, 'e')
   |                                   ^
   |

E501 Line too long (194 > 100)
  --> artifacts/research/process/20261004-ced-development/astra-repair-execution/R01/marker-v4-preparation/fix-round-1/offline/test_cpu.py:51:101
   |
50 | …
51 | …de_id='e', physics_step=0, sim_time_s=0., parameters={}, result=None, error=None, error_type=None), record_seq=1)
   |                     ^^^^^^^^^^^^^^^^^^^^^^^^^^^^^^^^^^^^^^^^^^^^^^^^^^^^^^^^^^^^^^^^^^^^^^^^^^^^^^^^^^^^^^^^^^^^^^
52 | …
53 | …
   |

E501 Line too long (105 > 100)
  --> artifacts/research/process/20261004-ced-development/astra-repair-execution/R01/marker-v4-preparation/fix-round-1/offline/test_cpu.py:62:101
   |
62 | @pytest.mark.parametrize('key,value', [('kind','COMMAND'), ('episode_id','wrong'), ('physics_step',999)])
   |                                                                                                     ^^^^^
63 | def test_operation_rejects_unrelated_begin(key, value):
64 |     begin, end = operation_fixture(); begin['source'][key]=value
   |

E702 Multiple statements on one line (semicolon)
  --> artifacts/research/process/20261004-ced-development/astra-repair-execution/R01/marker-v4-preparation/fix-round-1/offline/test_cpu.py:64:37
   |
62 | @pytest.mark.parametrize('key,value', [('kind','COMMAND'), ('episode_id','wrong'), ('physics_step',999)])
63 | def test_operation_rejects_unrelated_begin(key, value):
64 |     begin, end = operation_fixture(); begin['source'][key]=value
   |                                     ^
65 |     with pytest.raises(ValueError): V.validate_operation_pair(begin, end, 'e')
   |

E701 Multiple statements on one line (colon)
  --> artifacts/research/process/20261004-ced-development/astra-repair-execution/R01/marker-v4-preparation/fix-round-1/offline/test_cpu.py:65:35
   |
63 | def test_operation_rejects_unrelated_begin(key, value):
64 |     begin, end = operation_fixture(); begin['source'][key]=value
65 |     with pytest.raises(ValueError): V.validate_operation_pair(begin, end, 'e')
   |                                   ^
   |

E501 Line too long (162 > 100)
  --> artifacts/research/process/20261004-ced-development/astra-repair-execution/R01/marker-v4-preparation/fix-round-1/offline/test_cpu.py:70:101
   |
68 | …
69 | …[], ctrl=[0.]*9)
70 | …amera[n]))+struct.pack('<'+'d'*len(camera[n]), *camera[n]) for n in ('qpos','qvel','act','ctrl'))
   |                                     ^^^^^^^^^^^^^^^^^^^^^^^^^^^^^^^^^^^^^^^^^^^^^^^^^^^^^^^^^^^^^^
71 | …mera_state=camera)
72 | … physics_state_sha256=hashlib.sha256(raw).hexdigest())
   |

E501 Line too long (119 > 100)
  --> artifacts/research/process/20261004-ced-development/astra-repair-execution/R01/marker-v4-preparation/fix-round-1/offline/test_cpu.py:72:101
   |
70 |     raw = struct.pack('<d', .1) + b''.join(struct.pack('<I',len(camera[n]))+struct.pack('<'+'d'*len(camera[n]), *camera[n]) for n in (…
71 |     full = dict(episode_id='e', physics_step=1, sim_time_s=.1, camera_state=camera)
72 |     before = dict(episode_id='e', physical_step=1, sim_time_s=.1, physics_state_sha256=hashlib.sha256(raw).hexdigest())
   |                                                                                                     ^^^^^^^^^^^^^^^^^^^
73 |     fields = [dict(name=n, dtype='<f8', shape=[len(camera[n])], status='DATA_BACKED' if camera[n] else 'EMPTY', byte_sha256=hashlib.sh…
74 |     return full, before, fields, dict(episode_id='e', physics_step=1, sim_time_s=.1)
   |

E501 Line too long (262 > 100)
  --> artifacts/research/process/20261004-ced-development/astra-repair-execution/R01/marker-v4-preparation/fix-round-1/offline/test_cpu.py:73:101
   |
71 | …
72 | …sha256(raw).hexdigest())
73 | …n] else 'EMPTY', byte_sha256=hashlib.sha256(struct.pack('<'+'d'*len(camera[n]), *camera[n])).hexdigest() if camera[n] else None) for n in ('qpos','qvel','act','ctrl')]
   |       ^^^^^^^^^^^^^^^^^^^^^^^^^^^^^^^^^^^^^^^^^^^^^^^^^^^^^^^^^^^^^^^^^^^^^^^^^^^^^^^^^^^^^^^^^^^^^^^^^^^^^^^^^^^^^^^^^^^^^^^^^^^^^^^^^^^^^^^^^^^^^^^^^^^^^^^^^^^^^^^^^^
74 | …
   |

E701 Multiple statements on one line (colon)
  --> artifacts/research/process/20261004-ced-development/astra-repair-execution/R01/marker-v4-preparation/fix-round-1/offline/test_cpu.py:84:29
   |
82 | def test_full_capture_state_rejects_forgery(variant):
83 |     full, before, fields, identity = full_fixture()
84 |     if variant=='qpos_bytes': full['camera_state']['qpos'][0]=1.
   |                             ^
85 |     elif variant=='missing_qpos': full['camera_state']['qpos'].pop()
86 |     else: full['physics_step']=2
   |

E701 Multiple statements on one line (colon)
  --> artifacts/research/process/20261004-ced-development/astra-repair-execution/R01/marker-v4-preparation/fix-round-1/offline/test_cpu.py:85:33
   |
83 |     full, before, fields, identity = full_fixture()
84 |     if variant=='qpos_bytes': full['camera_state']['qpos'][0]=1.
85 |     elif variant=='missing_qpos': full['camera_state']['qpos'].pop()
   |                                 ^
86 |     else: full['physics_step']=2
87 |     with pytest.raises(ValueError): V.validate_full_state(full,before,fields,identity)
   |

E701 Multiple statements on one line (colon)
  --> artifacts/research/process/20261004-ced-development/astra-repair-execution/R01/marker-v4-preparation/fix-round-1/offline/test_cpu.py:86:9
   |
84 |     if variant=='qpos_bytes': full['camera_state']['qpos'][0]=1.
85 |     elif variant=='missing_qpos': full['camera_state']['qpos'].pop()
86 |     else: full['physics_step']=2
   |         ^
87 |     with pytest.raises(ValueError): V.validate_full_state(full,before,fields,identity)
   |

E701 Multiple statements on one line (colon)
  --> artifacts/research/process/20261004-ced-development/astra-repair-execution/R01/marker-v4-preparation/fix-round-1/offline/test_cpu.py:87:35
   |
85 |     elif variant=='missing_qpos': full['camera_state']['qpos'].pop()
86 |     else: full['physics_step']=2
87 |     with pytest.raises(ValueError): V.validate_full_state(full,before,fields,identity)
   |                                   ^
   |

E501 Line too long (126 > 100)
  --> artifacts/research/process/20261004-ced-development/astra-repair-execution/R01/marker-v4-preparation/fix-round-1/offline/test_cpu.py:91:101
   |
90 | def test_recorded_comparison_excludes_only_episode():
91 |     assert V.compare_recorded([dict(episode_id='old', value=[1.])], [dict(episode_id='new', value=[1.])])['different_rows']==0
   |                                                                                                     ^^^^^^^^^^^^^^^^^^^^^^^^^^
92 |     assert V.compare_recorded([dict(episode_id='old', value=[1.])], [dict(episode_id='new', value=[2.])])['different_rows']==1
   |

E501 Line too long (126 > 100)
  --> artifacts/research/process/20261004-ced-development/astra-repair-execution/R01/marker-v4-preparation/fix-round-1/offline/test_cpu.py:92:101
   |
90 | def test_recorded_comparison_excludes_only_episode():
91 |     assert V.compare_recorded([dict(episode_id='old', value=[1.])], [dict(episode_id='new', value=[1.])])['different_rows']==0
92 |     assert V.compare_recorded([dict(episode_id='old', value=[1.])], [dict(episode_id='new', value=[2.])])['different_rows']==1
   |                                                                                                     ^^^^^^^^^^^^^^^^^^^^^^^^^^
   |

E501 Line too long (117 > 100)
  --> artifacts/research/process/20261004-ced-development/astra-repair-execution/R01/marker-v4-preparation/fix-round-1/offline/test_cpu.py:96:101
   |
95 | def test_marker_comparison_retains_unknown_and_exception_denominator():
96 |     r=V.compare_markers([1,2,3], {1:'UNKNOWN',2:'OBSERVED',3:'UNKNOWN'}, {1:'OBSERVED',2:'UNKNOWN',3:'DECODE_ERROR'})
   |                                                                                                     ^^^^^^^^^^^^^^^^^
97 |     assert r['selected_denominator']==3
98 |     assert r['transitions']=={'UNKNOWN->OBSERVED':1,'OBSERVED->UNKNOWN':1,'UNKNOWN->DECODE_ERROR':1}
   |

E501 Line too long (160 > 100)
  --> artifacts/research/process/20261004-ced-development/astra-repair-execution/R01/marker-v4-preparation/fix-round-1/offline/verify_sparse.py:45:101
   |
44 | …
45 | …), allow_nan=False) == json.dumps(right, sort_keys=True, separators=(',', ':'), allow_nan=False)
   |                                      ^^^^^^^^^^^^^^^^^^^^^^^^^^^^^^^^^^^^^^^^^^^^^^^^^^^^^^^^^^^^
   |

E501 Line too long (143 > 100)
  --> artifacts/research/process/20261004-ced-development/astra-repair-execution/R01/marker-v4-preparation/fix-round-1/offline/verify_sparse.py:68:101
   |
66 | …ode):
67 | … final range')
68 | …ype(s) is int and 0 <= s <= final for s in selected), 'invalid selected step inventory')
   |                                               ^^^^^^^^^^^^^^^^^^^^^^^^^^^^^^^^^^^^^^^^^^^
69 | …ICAL_CALLBACK']
70 | …BEGIN'], lambda r: r['physics_step'])
   |

E501 Line too long (136 > 100)
  --> artifacts/research/process/20261004-ced-development/astra-repair-execution/R01/marker-v4-preparation/fix-round-1/offline/verify_sparse.py:73:101
   |
71 | …'END'], lambda r: r['physics_step'])
72 | …NISH']
73 | …'BEGIN', 'END', 'FINISH'} for r in rows), 'retained failure or unknown index event')
   |                                                  ^^^^^^^^^^^^^^^^^^^^^^^^^^^^^^^^^^^^
74 | …= list(range(final + 1)), 'full physical callback range mismatch')
75 | …s), 'selected allocated/saved denominator mismatch')
   |

E501 Line too long (118 > 100)
  --> artifacts/research/process/20261004-ced-development/astra-repair-execution/R01/marker-v4-preparation/fix-round-1/offline/verify_sparse.py:74:101
   |
72 |     finishes = [r for r in rows if r['event'] == 'FINISH']
73 |     require(all(r['event'] in {'PHYSICAL_CALLBACK', 'BEGIN', 'END', 'FINISH'} for r in rows), 'retained failure or unknown index event…
74 |     require([r['physics_step'] for r in callbacks] == list(range(final + 1)), 'full physical callback range mismatch')
   |                                                                                                     ^^^^^^^^^^^^^^^^^^
75 |     require(sorted(begins) == selected == sorted(ends), 'selected allocated/saved denominator mismatch')
76 |     require(len(finishes) == 1 and same({k:v for k,v in finishes[0].items() if k != 'event'}, summary), 'index FINISH/summary mismatch…
   |

E501 Line too long (104 > 100)
  --> artifacts/research/process/20261004-ced-development/astra-repair-execution/R01/marker-v4-preparation/fix-round-1/offline/verify_sparse.py:75:101
   |
73 |     require(all(r['event'] in {'PHYSICAL_CALLBACK', 'BEGIN', 'END', 'FINISH'} for r in rows), 'retained failure or unknown index event…
74 |     require([r['physics_step'] for r in callbacks] == list(range(final + 1)), 'full physical callback range mismatch')
75 |     require(sorted(begins) == selected == sorted(ends), 'selected allocated/saved denominator mismatch')
   |                                                                                                     ^^^^
76 |     require(len(finishes) == 1 and same({k:v for k,v in finishes[0].items() if k != 'event'}, summary), 'index FINISH/summary mismatch…
77 |     require(summary['status'] == 'COMPLETE' and summary['recipe_range_status'] == 'MATCH' and summary['expected_physics_steps'] == fin…
   |

E501 Line too long (136 > 100)
  --> artifacts/research/process/20261004-ced-development/astra-repair-execution/R01/marker-v4-preparation/fix-round-1/offline/verify_sparse.py:76:101
   |
74 | …= list(range(final + 1)), 'full physical callback range mismatch')
75 | …s), 'selected allocated/saved denominator mismatch')
76 | … in finishes[0].items() if k != 'event'}, summary), 'index FINISH/summary mismatch')
   |                                                  ^^^^^^^^^^^^^^^^^^^^^^^^^^^^^^^^^^^^
77 | …ary['recipe_range_status'] == 'MATCH' and summary['expected_physics_steps'] == final and summary['final_physics_step'] == final, 'exa…
78 | … final+1 == summary['physical_callbacks'], 'physical callback counter mismatch')
   |

E501 Line too long (213 > 100)
  --> artifacts/research/process/20261004-ced-development/astra-repair-execution/R01/marker-v4-preparation/fix-round-1/offline/verify_sparse.py:77:101
   |
75 | …tor mismatch')
76 | …'}, summary), 'index FINISH/summary mismatch')
77 | …and summary['expected_physics_steps'] == final and summary['final_physics_step'] == final, 'exact recipe range incomplete')
   |            ^^^^^^^^^^^^^^^^^^^^^^^^^^^^^^^^^^^^^^^^^^^^^^^^^^^^^^^^^^^^^^^^^^^^^^^^^^^^^^^^^^^^^^^^^^^^^^^^^^^^^^^^^^^^^^^^^
78 | …s'], 'physical callback counter mismatch')
79 | …ry['failed_steps'] and not summary['missing_selected_steps'] and not summary['publication_errors'], 'retained acquisition denominator…
   |

E501 Line too long (132 > 100)
  --> artifacts/research/process/20261004-ced-development/astra-repair-execution/R01/marker-v4-preparation/fix-round-1/offline/verify_sparse.py:78:101
   |
76 | …,v in finishes[0].items() if k != 'event'}, summary), 'index FINISH/summary mismatch')
77 | …mmary['recipe_range_status'] == 'MATCH' and summary['expected_physics_steps'] == final and summary['final_physics_step'] == final, 'e…
78 | …== final+1 == summary['physical_callbacks'], 'physical callback counter mismatch')
   |                                                    ^^^^^^^^^^^^^^^^^^^^^^^^^^^^^^^^
79 | … == summary['saved_steps'] and not summary['failed_steps'] and not summary['missing_selected_steps'] and not summary['publication_err…
80 | …
   |

E501 Line too long (236 > 100)
  --> artifacts/research/process/20261004-ced-development/astra-repair-execution/R01/marker-v4-preparation/fix-round-1/offline/verify_sparse.py:79:101
   |
77 | …ummary['expected_physics_steps'] == final and summary['final_physics_step'] == final, 'exact recipe range incomplete')
78 | …'physical callback counter mismatch')
79 | …ailed_steps'] and not summary['missing_selected_steps'] and not summary['publication_errors'], 'retained acquisition denominator incomplete')
   |       ^^^^^^^^^^^^^^^^^^^^^^^^^^^^^^^^^^^^^^^^^^^^^^^^^^^^^^^^^^^^^^^^^^^^^^^^^^^^^^^^^^^^^^^^^^^^^^^^^^^^^^^^^^^^^^^^^^^^^^^^^^^^^^^^^^^^^^^^
80 | …
81 | …
   |

E501 Line too long (174 > 100)
  --> artifacts/research/process/20261004-ced-development/astra-repair-execution/R01/marker-v4-preparation/fix-round-1/offline/verify_sparse.py:83:101
   |
81 | …
82 | …
83 | …lected']) is bool and callback['selected'] == (step in begins), 'callback identity/selection mismatch')
   |                               ^^^^^^^^^^^^^^^^^^^^^^^^^^^^^^^^^^^^^^^^^^^^^^^^^^^^^^^^^^^^^^^^^^^^^^^^^^
84 | …_time_s'] > previous, 'callback simulation clock invalid')
85 | …
   |

E501 Line too long (129 > 100)
  --> artifacts/research/process/20261004-ced-development/astra-repair-execution/R01/marker-v4-preparation/fix-round-1/offline/verify_sparse.py:84:101
   |
82 | …     step = callback['physics_step']
83 | …     require(callback['episode_id'] == episode and type(callback['selected']) is bool and callback['selected'] == (step in begins), '…
84 | …     require(math.isfinite(callback['sim_time_s']) and callback['sim_time_s'] > previous, 'callback simulation clock invalid')
   |                                                                                                   ^^^^^^^^^^^^^^^^^^^^^^^^^^^^^
85 | …     previous = callback['sim_time_s']
86 | …     if step in begins:
   |

E501 Line too long (165 > 100)
  --> artifacts/research/process/20261004-ced-development/astra-repair-execution/R01/marker-v4-preparation/fix-round-1/offline/verify_sparse.py:87:101
   |
85 | …
86 | …
87 | …)) and same(identity(callback), identity(ends[step])), 'selected frame/callback identity mismatch')
   |                                    ^^^^^^^^^^^^^^^^^^^^^^^^^^^^^^^^^^^^^^^^^^^^^^^^^^^^^^^^^^^^^^^^^
88 | …]) is int and type(ends[step]['capture_monotonic_end_ns']) is int and begins[step]['capture_monotonic_begin_ns'] <= ends[step]['captu…
89 | …m_time_s'] == previous, 'index terminal episode/time mismatch')
   |

E501 Line too long (254 > 100)
  --> artifacts/research/process/20261004-ced-development/astra-repair-execution/R01/marker-v4-preparation/fix-round-1/offline/verify_sparse.py:88:101
   |
86 | …
87 | …), identity(ends[step])), 'selected frame/callback identity mismatch')
88 | …['capture_monotonic_end_ns']) is int and begins[step]['capture_monotonic_begin_ns'] <= ends[step]['capture_monotonic_end_ns'], 'index capture bracket invalid')
   |       ^^^^^^^^^^^^^^^^^^^^^^^^^^^^^^^^^^^^^^^^^^^^^^^^^^^^^^^^^^^^^^^^^^^^^^^^^^^^^^^^^^^^^^^^^^^^^^^^^^^^^^^^^^^^^^^^^^^^^^^^^^^^^^^^^^^^^^^^^^^^^^^^^^^^^^^^^^
89 | …x terminal episode/time mismatch')
90 | …
   |

E501 Line too long (129 > 100)
  --> artifacts/research/process/20261004-ced-development/astra-repair-execution/R01/marker-v4-preparation/fix-round-1/offline/verify_sparse.py:89:101
   |
87 |             require(same(identity(callback), identity(begins[step])) and same(identity(callback), identity(ends[step])), 'selected fra…
88 |             require(type(begins[step]['capture_monotonic_begin_ns']) is int and type(ends[step]['capture_monotonic_end_ns']) is int an…
89 |     require(summary['episode_id'] == episode and summary['final_sim_time_s'] == previous, 'index terminal episode/time mismatch')
   |                                                                                                     ^^^^^^^^^^^^^^^^^^^^^^^^^^^^^
90 |     return ends
   |

E501 Line too long (202 > 100)
  --> artifacts/research/process/20261004-ced-development/astra-repair-execution/R01/marker-v4-preparation/fix-round-1/offline/verify_sparse.py:96:101
   |
94 | …
95 | …plete')
96 | … and b['kind'] == e['kind'] and b['kind'] in {'PHYSICS','CONTROL','COMMAND','CAPTURE'}, 'operation id/kind mismatch')
   |                 ^^^^^^^^^^^^^^^^^^^^^^^^^^^^^^^^^^^^^^^^^^^^^^^^^^^^^^^^^^^^^^^^^^^^^^^^^^^^^^^^^^^^^^^^^^^^^^^^^^^^^^
97 | …'parameters']), 'operation episode/parameters mismatch')
98 | …ror'] is None and e['error'] is None and b['error_type'] is None and e['error_type'] is None, 'operation publication/failure mismatch…
   |

E501 Line too long (141 > 100)
  --> artifacts/research/process/20261004-ced-development/astra-repair-execution/R01/marker-v4-preparation/fix-round-1/offline/verify_sparse.py:97:101
   |
95 | …D', 'operation lifecycle incomplete')
96 | …tion_id'] == e['operation_id'] and b['kind'] == e['kind'] and b['kind'] in {'PHYSICS','CONTROL','COMMAND','CAPTURE'}, 'operation id/…
97 | …de and same(b['parameters'],e['parameters']), 'operation episode/parameters mismatch')
   |                                               ^^^^^^^^^^^^^^^^^^^^^^^^^^^^^^^^^^^^^^^^^
98 | … b['result'] is None and b['error'] is None and e['error'] is None and b['error_type'] is None and e['error_type'] is None, 'operati…
99 | …
   |

E501 Line too long (220 > 100)
   --> artifacts/research/process/20261004-ced-development/astra-repair-execution/R01/marker-v4-preparation/fix-round-1/offline/verify_sparse.py:98:101
    |
 96 | …ind'] == e['kind'] and b['kind'] in {'PHYSICS','CONTROL','COMMAND','CAPTURE'}, 'operation id/kind mismatch')
 97 | …rs']), 'operation episode/parameters mismatch')
 98 | …None and e['error'] is None and b['error_type'] is None and e['error_type'] is None, 'operation publication/failure mismatch')
    |        ^^^^^^^^^^^^^^^^^^^^^^^^^^^^^^^^^^^^^^^^^^^^^^^^^^^^^^^^^^^^^^^^^^^^^^^^^^^^^^^^^^^^^^^^^^^^^^^^^^^^^^^^^^^^^^^^^^^^^^^^
 99 | …
100 | …tep']+advance == e['physics_step'], 'operation step bracket mismatch')
    |

E501 Line too long (164 > 100)
   --> artifacts/research/process/20261004-ced-development/astra-repair-execution/R01/marker-v4-preparation/fix-round-1/offline/verify_sparse.py:100:101
    |
 98 | …] is None and b['error'] is None and e['error'] is None and b['error_type'] is None and e['error_type'] is None, 'operation publicat…
 99 | …
100 | …p']) is int and b['physics_step']+advance == e['physics_step'], 'operation step bracket mismatch')
    |                                    ^^^^^^^^^^^^^^^^^^^^^^^^^^^^^^^^^^^^^^^^^^^^^^^^^^^^^^^^^^^^^^^^
101 | …['sim_time_s'] == b['sim_time_s']), 'operation simulation-time bracket mismatch')
    |

E501 Line too long (147 > 100)
   --> artifacts/research/process/20261004-ced-development/astra-repair-execution/R01/marker-v4-preparation/fix-round-1/offline/verify_sparse.py:101:101
    |
 99 | …
100 | …sics_step']) is int and b['physics_step']+advance == e['physics_step'], 'operation step bracket mismatch')
101 | … else (e['sim_time_s'] == b['sim_time_s']), 'operation simulation-time bracket mismatch')
    |                                            ^^^^^^^^^^^^^^^^^^^^^^^^^^^^^^^^^^^^^^^^^^^^^^^
    |

E501 Line too long (228 > 100)
   --> artifacts/research/process/20261004-ced-development/astra-repair-execution/R01/marker-v4-preparation/fix-round-1/offline/verify_sparse.py:106:101
    |
104 | …
105 | …
106 | …im_time_s'] and before.get('episode_id',full['episode_id']) == full['episode_id'], 'protected scalar/full capture identity mismatch')
    |       ^^^^^^^^^^^^^^^^^^^^^^^^^^^^^^^^^^^^^^^^^^^^^^^^^^^^^^^^^^^^^^^^^^^^^^^^^^^^^^^^^^^^^^^^^^^^^^^^^^^^^^^^^^^^^^^^^^^^^^^^^^^^^^^^
107 | …
108 | …= full['sim_time_s'], 'full camera inventory/time mismatch')
    |

E501 Line too long (155 > 100)
   --> artifacts/research/process/20261004-ced-development/astra-repair-execution/R01/marker-v4-preparation/fix-round-1/offline/verify_sparse.py:108:101
    |
106 | …d before['sim_time_s'] == full['sim_time_s'] and before.get('episode_id',full['episode_id']) == full['episode_id'], 'protected scala…
107 | …
108 | …ctrl'} and camera['sim_time_s'] == full['sim_time_s'], 'full camera inventory/time mismatch')
    |                                        ^^^^^^^^^^^^^^^^^^^^^^^^^^^^^^^^^^^^^^^^^^^^^^^^^^^^^^^
109 | …
110 | …s']))
    |

E501 Line too long (183 > 100)
   --> artifacts/research/process/20261004-ced-development/astra-repair-execution/R01/marker-v4-preparation/fix-round-1/offline/verify_sparse.py:113:101
    |
111 | …
112 | …
113 | …) in {int,float} and math.isfinite(v) for v in values), 'full camera numeric length/values invalid: '+name)
    |                          ^^^^^^^^^^^^^^^^^^^^^^^^^^^^^^^^^^^^^^^^^^^^^^^^^^^^^^^^^^^^^^^^^^^^^^^^^^^^^^^^^^^
114 | …
115 | …
    |

E702 Multiple statements on one line (semicolon)
   --> artifacts/research/process/20261004-ced-development/astra-repair-execution/R01/marker-v4-preparation/fix-round-1/offline/verify_sparse.py:115:47
    |
113 | …     require(type(values) is list and len(values) == count and all(type(v) in {int,float} and math.isfinite(v) for v in values), 'fu…
114 | …     raw = struct.pack('<'+'d'*count,*values)
115 | …     digest.update(struct.pack('<I',count)); digest.update(raw)
    |                                             ^
116 | …     f = fields[name]
117 | …     require(f['shape'] == [count] and f['dtype'] == '<f8' and f['status'] == ('DATA_BACKED' if count else 'EMPTY') and f['byte_sha2…
    |

E501 Line too long (222 > 100)
   --> artifacts/research/process/20261004-ced-development/astra-repair-execution/R01/marker-v4-preparation/fix-round-1/offline/verify_sparse.py:117:101
    |
115 | …
116 | …
117 | … if count else 'EMPTY') and f['byte_sha256'] == (sha(raw) if count else None), 'full camera/guard byte domain mismatch: '+name)
    |       ^^^^^^^^^^^^^^^^^^^^^^^^^^^^^^^^^^^^^^^^^^^^^^^^^^^^^^^^^^^^^^^^^^^^^^^^^^^^^^^^^^^^^^^^^^^^^^^^^^^^^^^^^^^^^^^^^^^^^^^^^^
118 | …ash mismatch')
    |

E501 Line too long (109 > 100)
   --> artifacts/research/process/20261004-ced-development/astra-repair-execution/R01/marker-v4-preparation/fix-round-1/offline/verify_sparse.py:118:101
    |
116 |         f = fields[name]
117 |         require(f['shape'] == [count] and f['dtype'] == '<f8' and f['status'] == ('DATA_BACKED' if count else 'EMPTY') and f['byte_sh…
118 |     require(digest.hexdigest() == before['physics_state_sha256'], 'full camera physical-state hash mismatch')
    |                                                                                                     ^^^^^^^^^
    |

E501 Line too long (113 > 100)
   --> artifacts/research/process/20261004-ced-development/astra-repair-execution/R01/marker-v4-preparation/fix-round-1/offline/verify_sparse.py:124:101
    |
122 |     def normalize(row):
123 |         return {k:v for k,v in row.items() if k != 'episode_id'}
124 |     differences = [i for i,(a,b) in enumerate(zip(old,new, strict=False)) if not same(normalize(a),normalize(b))]
    |                                                                                                     ^^^^^^^^^^^^^
125 |     return dict(old_rows=len(old),new_rows=len(new),different_rows=len(differences)+abs(len(old)-len(new)),different_row_indices=diff…
    |

E501 Line too long (236 > 100)
   --> artifacts/research/process/20261004-ced-development/astra-repair-execution/R01/marker-v4-preparation/fix-round-1/offline/verify_sparse.py:125:101
    |
123 | …
124 | …(a),normalize(b))]
125 | …)-len(new)),different_row_indices=differences,excluded_fields=['episode_id'],scope='ALL_RECORDED_FIELDS_ONLY_NOT_ALL_INTERNAL_RUNTIME_STATE')
    |       ^^^^^^^^^^^^^^^^^^^^^^^^^^^^^^^^^^^^^^^^^^^^^^^^^^^^^^^^^^^^^^^^^^^^^^^^^^^^^^^^^^^^^^^^^^^^^^^^^^^^^^^^^^^^^^^^^^^^^^^^^^^^^^^^^^^^^^^^
    |

E501 Line too long (111 > 100)
   --> artifacts/research/process/20261004-ced-development/astra-repair-execution/R01/marker-v4-preparation/fix-round-1/offline/verify_sparse.py:129:101
    |
128 | def compare_markers(selected, old, new):
129 |     require(set(selected) <= old.keys() and set(selected) == new.keys(), 'fixed marker denominator incomplete')
    |                                                                                                     ^^^^^^^^^^^
130 |     return dict(selected_denominator=len(selected), old_status_counts=dict(Counter(old[s] for s in selected)),new_status_counts=dict(…
    |

E501 Line too long (232 > 100)
   --> artifacts/research/process/20261004-ced-development/astra-repair-execution/R01/marker-v4-preparation/fix-round-1/offline/verify_sparse.py:130:101
    |
128 | …
129 | …tor incomplete')
130 | … in selected)),new_status_counts=dict(Counter(new[s] for s in selected)),transitions=dict(Counter(old[s]+'->'+new[s] for s in selected)))
    |       ^^^^^^^^^^^^^^^^^^^^^^^^^^^^^^^^^^^^^^^^^^^^^^^^^^^^^^^^^^^^^^^^^^^^^^^^^^^^^^^^^^^^^^^^^^^^^^^^^^^^^^^^^^^^^^^^^^^^^^^^^^^^^^^^^^^^
    |

E702 Multiple statements on one line (semicolon)
   --> artifacts/research/process/20261004-ced-development/astra-repair-execution/R01/marker-v4-preparation/fix-round-1/offline/verify_sparse.py:137:51
    |
135 |     require(sha(path.read_bytes()) == HELPER_SHA, 'immutable helper source differs')
136 |     spec = importlib.util.spec_from_file_location('v3_pure_reader_helpers', path)
137 |     module = importlib.util.module_from_spec(spec); spec.loader.exec_module(module)
    |                                                   ^
138 |     return module
    |

E501 Line too long (201 > 100)
   --> artifacts/research/process/20261004-ced-development/astra-repair-execution/R01/marker-v4-preparation/fix-round-1/offline/verify_sparse.py:147:101
    |
146 | …
147 | …ary['execution_header_sha256'] == sha((attempt.parent/'header.json').read_bytes()), 'execution header pin mismatch')
    |                 ^^^^^^^^^^^^^^^^^^^^^^^^^^^^^^^^^^^^^^^^^^^^^^^^^^^^^^^^^^^^^^^^^^^^^^^^^^^^^^^^^^^^^^^^^^^^^^^^^^^^^
148 | … == 'EXCLUDED_SAME_COMPONENT_SPARSE_MARKER_V4_PILOT' and header['raw_v3_status'] == 'CUSTOM_PROTOCOL_NOT_RAW_V3', 'custom sparse pro…
149 | …ation_group'] is False and header['native_admission'] == 'NOT_PROMOTED' and header['formal_accepted'] is False, 'authority boundary …
    |

E501 Line too long (233 > 100)
   --> artifacts/research/process/20261004-ced-development/astra-repair-execution/R01/marker-v4-preparation/fix-round-1/offline/verify_sparse.py:148:101
    |
146 | …
147 | …tion_header_sha256'] == sha((attempt.parent/'header.json').read_bytes()), 'execution header pin mismatch')
148 | …DED_SAME_COMPONENT_SPARSE_MARKER_V4_PILOT' and header['raw_v3_status'] == 'CUSTOM_PROTOCOL_NOT_RAW_V3', 'custom sparse protocol mismatch')
    |       ^^^^^^^^^^^^^^^^^^^^^^^^^^^^^^^^^^^^^^^^^^^^^^^^^^^^^^^^^^^^^^^^^^^^^^^^^^^^^^^^^^^^^^^^^^^^^^^^^^^^^^^^^^^^^^^^^^^^^^^^^^^^^^^^^^^^^
149 | …p'] is False and header['native_admission'] == 'NOT_PROMOTED' and header['formal_accepted'] is False, 'authority boundary mismatch')
150 | …ssion_gate'] is True and header['range_policy'] == 'RETAIN_ALL_ACTUAL_CALLBACKS_REQUIRE_EXACT_ORIGINAL_HORIZON', 'frozen horizon policy mismatc…
    |

E501 Line too long (227 > 100)
   --> artifacts/research/process/20261004-ced-development/astra-repair-execution/R01/marker-v4-preparation/fix-round-1/offline/verify_sparse.py:149:101
    |
147 | …tion_header_sha256'] == sha((attempt.parent/'header.json').read_bytes()), 'execution header pin mismatch')
148 | …DED_SAME_COMPONENT_SPARSE_MARKER_V4_PILOT' and header['raw_v3_status'] == 'CUSTOM_PROTOCOL_NOT_RAW_V3', 'custom sparse protocol mismatch')
149 | …p'] is False and header['native_admission'] == 'NOT_PROMOTED' and header['formal_accepted'] is False, 'authority boundary mismatch')
    |       ^^^^^^^^^^^^^^^^^^^^^^^^^^^^^^^^^^^^^^^^^^^^^^^^^^^^^^^^^^^^^^^^^^^^^^^^^^^^^^^^^^^^^^^^^^^^^^^^^^^^^^^^^^^^^^^^^^^^^^^^^^^^^^^
150 | …ssion_gate'] is True and header['range_policy'] == 'RETAIN_ALL_ACTUAL_CALLBACKS_REQUIRE_EXACT_ORIGINAL_HORIZON', 'frozen horizon policy m…
151 | …
    |

E501 Line too long (241 > 100)
   --> artifacts/research/process/20261004-ced-development/astra-repair-execution/R01/marker-v4-preparation/fix-round-1/offline/verify_sparse.py:150:101
    |
148 | …DED_SAME_COMPONENT_SPARSE_MARKER_V4_PILOT' and header['raw_v3_status'] == 'CUSTOM_PROTOCOL_NOT_RAW_V3', 'custom sparse protocol mismatch')
149 | …p'] is False and header['native_admission'] == 'NOT_PROMOTED' and header['formal_accepted'] is False, 'authority boundary mismatch')
150 | …ssion_gate'] is True and header['range_policy'] == 'RETAIN_ALL_ACTUAL_CALLBACKS_REQUIRE_EXACT_ORIGINAL_HORIZON', 'frozen horizon policy mismatch')
    |       ^^^^^^^^^^^^^^^^^^^^^^^^^^^^^^^^^^^^^^^^^^^^^^^^^^^^^^^^^^^^^^^^^^^^^^^^^^^^^^^^^^^^^^^^^^^^^^^^^^^^^^^^^^^^^^^^^^^^^^^^^^^^^^^^^^^^^^^^^^^^^
151 | …
152 | …
    |

E501 Line too long (258 > 100)
   --> artifacts/research/process/20261004-ced-development/astra-repair-execution/R01/marker-v4-preparation/fix-round-1/offline/verify_sparse.py:153:101
    |
151 | …
152 | …
153 | …_manifest_sha256'] and sha((attempt.parent/'execution-archive-index.json').read_bytes()) == header['source_archive_index_sha256'], 'source metadata pins mismatch')
    |       ^^^^^^^^^^^^^^^^^^^^^^^^^^^^^^^^^^^^^^^^^^^^^^^^^^^^^^^^^^^^^^^^^^^^^^^^^^^^^^^^^^^^^^^^^^^^^^^^^^^^^^^^^^^^^^^^^^^^^^^^^^^^^^^^^^^^^^^^^^^^^^^^^^^^^^^^^^^^^^
154 | … 'necessary source inventory mismatch')
155 | …
    |

E501 Line too long (134 > 100)
   --> artifacts/research/process/20261004-ced-development/astra-repair-execution/R01/marker-v4-preparation/fix-round-1/offline/verify_sparse.py:154:101
    |
152 | …n-archive-index.json').read_text())
153 | …ashes.json').read_bytes()) == header['source_manifest_sha256'] and sha((attempt.parent/'execution-archive-index.json').read_bytes())…
154 | …en(sources) == header['source_count'] == 34, 'necessary source inventory mismatch')
    |                                                   ^^^^^^^^^^^^^^^^^^^^^^^^^^^^^^^^^^
155 | …
156 | …
    |

E702 Multiple statements on one line (semicolon)
   --> artifacts/research/process/20261004-ced-development/astra-repair-execution/R01/marker-v4-preparation/fix-round-1/offline/verify_sparse.py:157:40
    |
155 |     total = 0
156 |     for name,pin in sources.items():
157 |         live = (ROOT/name).read_bytes(); arc = (ROOT/archives[name]['archive']).read_bytes()
    |                                        ^
158 |         require(sha(live) == sha(arc) == pin == archives[name]['sha256'] and len(live) == archives[name]['bytes'], 'source/archive mi…
159 |     require(total == header['source_bytes'], 'source byte inventory mismatch')
    |

E501 Line too long (168 > 100)
   --> artifacts/research/process/20261004-ced-development/astra-repair-execution/R01/marker-v4-preparation/fix-round-1/offline/verify_sparse.py:158:101
    |
156 | …
157 | …'archive']).read_bytes()
158 | …56'] and len(live) == archives[name]['bytes'], 'source/archive mismatch: '+name); total += len(live)
    |                                  ^^^^^^^^^^^^^^^^^^^^^^^^^^^^^^^^^^^^^^^^^^^^^^^^^^^^^^^^^^^^^^^^^^^^
159 | …mismatch')
160 | …
    |

E702 Multiple statements on one line (semicolon)
   --> artifacts/research/process/20261004-ced-development/astra-repair-execution/R01/marker-v4-preparation/fix-round-1/offline/verify_sparse.py:158:149
    |
156 | …
157 | …d_bytes()
158 | …ve) == archives[name]['bytes'], 'source/archive mismatch: '+name); total += len(live)
    |                                                                   ^
159 | …
160 | …
    |

E501 Line too long (108 > 100)
   --> artifacts/research/process/20261004-ced-development/astra-repair-execution/R01/marker-v4-preparation/fix-round-1/offline/verify_sparse.py:161:101
    |
159 |     require(total == header['source_bytes'], 'source byte inventory mismatch')
160 |     for member in header['environment']['files'].values():
161 |         require(sha(Path(member['path']).read_bytes()) == member['sha256'], 'environment byte pin mismatch')
    |                                                                                                     ^^^^^^^^
162 |     selection_path = BASE/'selection-manifest.json'
163 |     require(sha(selection_path.read_bytes()) == header['selection_manifest_sha256'], 'selection manifest pin mismatch')
    |

E501 Line too long (119 > 100)
   --> artifacts/research/process/20261004-ced-development/astra-repair-execution/R01/marker-v4-preparation/fix-round-1/offline/verify_sparse.py:163:101
    |
161 |         require(sha(Path(member['path']).read_bytes()) == member['sha256'], 'environment byte pin mismatch')
162 |     selection_path = BASE/'selection-manifest.json'
163 |     require(sha(selection_path.read_bytes()) == header['selection_manifest_sha256'], 'selection manifest pin mismatch')
    |                                                                                                     ^^^^^^^^^^^^^^^^^^^
164 |     selection = json.loads(selection_path.read_text())
165 |     require(selection['selected_steps'] == header['selected_steps'] and len(selection['selected_steps']) == header['selected_frame_bu…
    |

E501 Line too long (178 > 100)
   --> artifacts/research/process/20261004-ced-development/astra-repair-execution/R01/marker-v4-preparation/fix-round-1/offline/verify_sparse.py:165:101
    |
163 | …t_sha256'], 'selection manifest pin mismatch')
164 | …
165 | …en(selection['selected_steps']) == header['selected_frame_budget'] == 201, 'fixed201 selection mismatch')
    |                             ^^^^^^^^^^^^^^^^^^^^^^^^^^^^^^^^^^^^^^^^^^^^^^^^^^^^^^^^^^^^^^^^^^^^^^^^^^^^^^
166 | …
167 | …pin mismatch: '+name)
    |

E501 Line too long (137 > 100)
   --> artifacts/research/process/20261004-ced-development/astra-repair-execution/R01/marker-v4-preparation/fix-round-1/offline/verify_sparse.py:168:101
    |
166 | …
167 | … 'old input lineage pin mismatch: '+name)
168 | …xml').read_bytes()) == ASSET_SHA == header['asset_sha256'], 'asset lineage differs')
    |                                                 ^^^^^^^^^^^^^^^^^^^^^^^^^^^^^^^^^^^^^
169 | …ker_id=7,marker_size_m=.075,marked_asset_sha256=ASSET_SHA), 'registered decoder geometry differs')
170 | …()) == header['guard_core_sha256'], 'loaded guard source differs')
    |

E501 Line too long (151 > 100)
   --> artifacts/research/process/20261004-ced-development/astra-repair-execution/R01/marker-v4-preparation/fix-round-1/offline/verify_sparse.py:169:101
    |
167 | …nput lineage pin mismatch: '+name)
168 | …ead_bytes()) == ASSET_SHA == header['asset_sha256'], 'asset lineage differs')
169 | …7,marker_size_m=.075,marked_asset_sha256=ASSET_SHA), 'registered decoder geometry differs')
    |                                          ^^^^^^^^^^^^^^^^^^^^^^^^^^^^^^^^^^^^^^^^^^^^^^^^^^^
170 | …header['guard_core_sha256'], 'loaded guard source differs')
171 | …guard_headers']['mjxmacro.h']).read_bytes(),Path(header['guard_headers']['mjdata.h']).read_bytes(),header['guard_binding_sha256'],he…
    |

E501 Line too long (119 > 100)
   --> artifacts/research/process/20261004-ced-development/astra-repair-execution/R01/marker-v4-preparation/fix-round-1/offline/verify_sparse.py:170:101
    |
168 |     require(sha((BASE/'scene_pose_marker_outboard_v4.xml').read_bytes()) == ASSET_SHA == header['asset_sha256'], 'asset lineage diffe…
169 |     require(header['marker_registration'] == dict(marker_id=7,marker_size_m=.075,marked_asset_sha256=ASSET_SHA), 'registered decoder …
170 |     require(sha(Path(state_guard.__file__).read_bytes()) == header['guard_core_sha256'], 'loaded guard source differs')
    |                                                                                                     ^^^^^^^^^^^^^^^^^^^
171 |     contract = state_guard.MujocoStateContract(Path(header['guard_headers']['mjxmacro.h']).read_bytes(),Path(header['guard_headers'][…
172 |     return contract, selection
    |

E501 Line too long (230 > 100)
   --> artifacts/research/process/20261004-ced-development/astra-repair-execution/R01/marker-v4-preparation/fix-round-1/offline/verify_sparse.py:171:101
    |
169 | …ha256=ASSET_SHA), 'registered decoder geometry differs')
170 | …d guard source differs')
171 | …_bytes(),Path(header['guard_headers']['mjdata.h']).read_bytes(),header['guard_binding_sha256'],header['environment']['mujoco_version'])
    |       ^^^^^^^^^^^^^^^^^^^^^^^^^^^^^^^^^^^^^^^^^^^^^^^^^^^^^^^^^^^^^^^^^^^^^^^^^^^^^^^^^^^^^^^^^^^^^^^^^^^^^^^^^^^^^^^^^^^^^^^^^^^^^^^^^^
172 | …
    |

E501 Line too long (137 > 100)
   --> artifacts/research/process/20261004-ced-development/astra-repair-execution/R01/marker-v4-preparation/fix-round-1/offline/verify_sparse.py:178:101
    |
176 | ….read_text())
177 | …= 'SETUP_BEGIN']
178 | …] and same(setup[0]['runtime_preflight'],r), 'setup/runtime preflight join differs')
    |                                                 ^^^^^^^^^^^^^^^^^^^^^^^^^^^^^^^^^^^^^
179 | …BEFORE_FIRST_MODEL_RESET_CAMERA' and r['models_or_data_instantiated'] == 0 and r['actual_mujoco_version'] == header['environment']['…
180 | …vironment']['files']['mujoco/__init__.py']), 'public module origin mismatch')
    |

E501 Line too long (371 > 100)
   --> artifacts/research/process/20261004-ced-development/astra-repair-execution/R01/marker-v4-preparation/fix-round-1/offline/verify_sparse.py:179:101
    |
177 | …
178 | …), 'setup/runtime preflight join differs')
179 | …dels_or_data_instantiated'] == 0 and r['actual_mujoco_version'] == header['environment']['mujoco_version'] == '3.3.7' and r['actual_numpy_version'] == header['environment']['numpy_version'] and r['contract_digest'] == contract.digest, 'runtime version/scope/contract differs')
    |       ^^^^^^^^^^^^^^^^^^^^^^^^^^^^^^^^^^^^^^^^^^^^^^^^^^^^^^^^^^^^^^^^^^^^^^^^^^^^^^^^^^^^^^^^^^^^^^^^^^^^^^^^^^^^^^^^^^^^^^^^^^^^^^^^^^^^^^^^^^^^^^^^^^^^^^^^^^^^^^^^^^^^^^^^^^^^^^^^^^^^^^^^^^^^^^^^^^^^^^^^^^^^^^^^^^^^^^^^^^^^^^^^^^^^^^^^^^^^^^^^^^^^^^^^^^^^^^^^^^^^^^^^^^^^^^^
180 | …), 'public module origin mismatch')
181 | … mismatch')
    |

E501 Line too long (130 > 100)
   --> artifacts/research/process/20261004-ced-development/astra-repair-execution/R01/marker-v4-preparation/fix-round-1/offline/verify_sparse.py:180:101
    |
178 | …ds[0] and same(setup[0]['runtime_preflight'],r), 'setup/runtime preflight join differs')
179 | …NLY_BEFORE_FIRST_MODEL_RESET_CAMERA' and r['models_or_data_instantiated'] == 0 and r['actual_mujoco_version'] == header['environment…
180 | …['environment']['files']['mujoco/__init__.py']), 'public module origin mismatch')
    |                                                     ^^^^^^^^^^^^^^^^^^^^^^^^^^^^^^
181 | …ts','_functions','_enums'}, 'binding inventory mismatch')
182 | …():
    |

E501 Line too long (106 > 100)
   --> artifacts/research/process/20261004-ced-development/astra-repair-execution/R01/marker-v4-preparation/fix-round-1/offline/verify_sparse.py:181:101
    |
179 |     require(r['scope'] == 'ACTUAL_MODULE_IMPORT_ONLY_BEFORE_FIRST_MODEL_RESET_CAMERA' and r['models_or_data_instantiated'] == 0 and r…
180 |     require(same(r['public_module_origin'],header['environment']['files']['mujoco/__init__.py']), 'public module origin mismatch')
181 |     require(set(r['binding_origins']) == {'_structs','_functions','_enums'}, 'binding inventory mismatch')
    |                                                                                                     ^^^^^^
182 |     for name,member in r['binding_origins'].items():
183 |         require(same(member,header['environment']['files']['mujoco/'+Path(member['path']).name]), 'binding origin mismatch: '+name)
    |

E501 Line too long (131 > 100)
   --> artifacts/research/process/20261004-ced-development/astra-repair-execution/R01/marker-v4-preparation/fix-round-1/offline/verify_sparse.py:183:101
    |
181 | …s','_functions','_enums'}, 'binding inventory mismatch')
182 | …):
183 | …'files']['mujoco/'+Path(member['path']).name]), 'binding origin mismatch: '+name)
    |                                                    ^^^^^^^^^^^^^^^^^^^^^^^^^^^^^^^
184 | …
185 | …'mujoco._structs',name=name,public_binding_identity=True), 'runtime class record mismatch')
    |

E501 Line too long (141 > 100)
   --> artifacts/research/process/20261004-ced-development/astra-repair-execution/R01/marker-v4-preparation/fix-round-1/offline/verify_sparse.py:185:101
    |
183 | …s']['mujoco/'+Path(member['path']).name]), 'binding origin mismatch: '+name)
184 | …
185 | …co._structs',name=name,public_binding_identity=True), 'runtime class record mismatch')
    |                                               ^^^^^^^^^^^^^^^^^^^^^^^^^^^^^^^^^^^^^^^^^
    |

E501 Line too long (121 > 100)
   --> artifacts/research/process/20261004-ced-development/astra-repair-execution/R01/marker-v4-preparation/fix-round-1/offline/verify_sparse.py:189:101
    |
188 | def owner(step, actions):
189 |     matches = [o for (o,event),r in actions.items() if event == 'ACTION_END' and r['start_step'] < step <= r['end_step']]
    |                                                                                                     ^^^^^^^^^^^^^^^^^^^^^
190 |     require(len(matches) <= 1, 'overlapping action physical spans')
191 |     return matches[0] if matches else None
    |

E702 Multiple statements on one line (semicolon)
   --> artifacts/research/process/20261004-ced-development/astra-repair-execution/R01/marker-v4-preparation/fix-round-1/offline/verify_sparse.py:195:37
    |
194 | def validate_trace(records, summary, terminal, teacher, index_rows, ends, header, helper, contract):
195 |     episode = terminal['episode_id']; final = terminal['final_step']; selected = header['selected_steps']
    |                                     ^
196 |     require([r['record_seq'] for r in records] == list(range(1,len(records)+1)), 'full journal sequence mismatch')
197 |     previous = -1
    |

E702 Multiple statements on one line (semicolon)
   --> artifacts/research/process/20261004-ced-development/astra-repair-execution/R01/marker-v4-preparation/fix-round-1/offline/verify_sparse.py:195:69
    |
194 | def validate_trace(records, summary, terminal, teacher, index_rows, ends, header, helper, contract):
195 |     episode = terminal['episode_id']; final = terminal['final_step']; selected = header['selected_steps']
    |                                                                     ^
196 |     require([r['record_seq'] for r in records] == list(range(1,len(records)+1)), 'full journal sequence mismatch')
197 |     previous = -1
    |

E501 Line too long (105 > 100)
   --> artifacts/research/process/20261004-ced-development/astra-repair-execution/R01/marker-v4-preparation/fix-round-1/offline/verify_sparse.py:195:101
    |
194 | def validate_trace(records, summary, terminal, teacher, index_rows, ends, header, helper, contract):
195 |     episode = terminal['episode_id']; final = terminal['final_step']; selected = header['selected_steps']
    |                                                                                                     ^^^^^
196 |     require([r['record_seq'] for r in records] == list(range(1,len(records)+1)), 'full journal sequence mismatch')
197 |     previous = -1
    |

E501 Line too long (114 > 100)
   --> artifacts/research/process/20261004-ced-development/astra-repair-execution/R01/marker-v4-preparation/fix-round-1/offline/verify_sparse.py:196:101
    |
194 | def validate_trace(records, summary, terminal, teacher, index_rows, ends, header, helper, contract):
195 |     episode = terminal['episode_id']; final = terminal['final_step']; selected = header['selected_steps']
196 |     require([r['record_seq'] for r in records] == list(range(1,len(records)+1)), 'full journal sequence mismatch')
    |                                                                                                     ^^^^^^^^^^^^^^
197 |     previous = -1
198 |     for r in records:
    |

E702 Multiple statements on one line (semicolon)
   --> artifacts/research/process/20261004-ced-development/astra-repair-execution/R01/marker-v4-preparation/fix-round-1/offline/verify_sparse.py:199:23
    |
197 |     previous = -1
198 |     for r in records:
199 |         c = r['clock']; b,e = c['monotonic_before_ns'],c['monotonic_after_ns']
    |                       ^
200 |         require(type(b) is int and type(e) is int and previous <= b <= e, 'journal monotonic brackets invalid'); previous=e
201 |         require(not r['event'].endswith('FAILED') and not r['event'].endswith('FAILURE'), 'retained journal failure')
    |

E501 Line too long (123 > 100)
   --> artifacts/research/process/20261004-ced-development/astra-repair-execution/R01/marker-v4-preparation/fix-round-1/offline/verify_sparse.py:200:101
    |
198 |     for r in records:
199 |         c = r['clock']; b,e = c['monotonic_before_ns'],c['monotonic_after_ns']
200 |         require(type(b) is int and type(e) is int and previous <= b <= e, 'journal monotonic brackets invalid'); previous=e
    |                                                                                                     ^^^^^^^^^^^^^^^^^^^^^^^
201 |         require(not r['event'].endswith('FAILED') and not r['event'].endswith('FAILURE'), 'retained journal failure')
202 |     operations = [r for r in records if r['event'] == 'OPERATION']
    |

E702 Multiple statements on one line (semicolon)
   --> artifacts/research/process/20261004-ced-development/astra-repair-execution/R01/marker-v4-preparation/fix-round-1/offline/verify_sparse.py:200:112
    |
198 |     for r in records:
199 |         c = r['clock']; b,e = c['monotonic_before_ns'],c['monotonic_after_ns']
200 |         require(type(b) is int and type(e) is int and previous <= b <= e, 'journal monotonic brackets invalid'); previous=e
    |                                                                                                                ^
201 |         require(not r['event'].endswith('FAILED') and not r['event'].endswith('FAILURE'), 'retained journal failure')
202 |     operations = [r for r in records if r['event'] == 'OPERATION']
    |

E501 Line too long (117 > 100)
   --> artifacts/research/process/20261004-ced-development/astra-repair-execution/R01/marker-v4-preparation/fix-round-1/offline/verify_sparse.py:201:101
    |
199 |         c = r['clock']; b,e = c['monotonic_before_ns'],c['monotonic_after_ns']
200 |         require(type(b) is int and type(e) is int and previous <= b <= e, 'journal monotonic brackets invalid'); previous=e
201 |         require(not r['event'].endswith('FAILED') and not r['event'].endswith('FAILURE'), 'retained journal failure')
    |                                                                                                     ^^^^^^^^^^^^^^^^^
202 |     operations = [r for r in records if r['event'] == 'OPERATION']
203 |     pairs = unique(operations,lambda r:(r['source']['operation_id'],r['source']['phase']))
    |

E501 Line too long (132 > 100)
   --> artifacts/research/process/20261004-ced-development/astra-repair-execution/R01/marker-v4-preparation/fix-round-1/offline/verify_sparse.py:205:101
    |
203 | …]['operation_id'],r['source']['phase']))
204 | …
205 | …en(pairs) == 2*len(ids), 'full operation allocated/terminal denominator mismatch')
    |                                                    ^^^^^^^^^^^^^^^^^^^^^^^^^^^^^^^^
206 | …ir(pairs[(operation_id,'BEGIN')],pairs[(operation_id,'END')],episode)
207 | …source']['kind']=='PHYSICS' and r['source']['phase']=='END'],lambda r:r['source']['physics_step'])
    |

E701 Multiple statements on one line (colon)
   --> artifacts/research/process/20261004-ced-development/astra-repair-execution/R01/marker-v4-preparation/fix-round-1/offline/verify_sparse.py:206:28
    |
204 |     ids = sorted(set(k[0] for k in pairs))
205 |     require(ids == list(range(1,len(ids)+1)) and len(pairs) == 2*len(ids), 'full operation allocated/terminal denominator mismatch')
206 |     for operation_id in ids: validate_operation_pair(pairs[(operation_id,'BEGIN')],pairs[(operation_id,'END')],episode)
    |                            ^
207 |     physics = unique([r for r in operations if r['source']['kind']=='PHYSICS' and r['source']['phase']=='END'],lambda r:r['source']['…
208 |     controls = unique([r for r in operations if r['source']['kind']=='CONTROL' and r['source']['phase']=='END'],lambda r:r['source'][…
    |

E501 Line too long (119 > 100)
   --> artifacts/research/process/20261004-ced-development/astra-repair-execution/R01/marker-v4-preparation/fix-round-1/offline/verify_sparse.py:206:101
    |
204 |     ids = sorted(set(k[0] for k in pairs))
205 |     require(ids == list(range(1,len(ids)+1)) and len(pairs) == 2*len(ids), 'full operation allocated/terminal denominator mismatch')
206 |     for operation_id in ids: validate_operation_pair(pairs[(operation_id,'BEGIN')],pairs[(operation_id,'END')],episode)
    |                                                                                                     ^^^^^^^^^^^^^^^^^^^
207 |     physics = unique([r for r in operations if r['source']['kind']=='PHYSICS' and r['source']['phase']=='END'],lambda r:r['source']['…
208 |     controls = unique([r for r in operations if r['source']['kind']=='CONTROL' and r['source']['phase']=='END'],lambda r:r['source'][…
    |

E501 Line too long (148 > 100)
   --> artifacts/research/process/20261004-ced-development/astra-repair-execution/R01/marker-v4-preparation/fix-round-1/offline/verify_sparse.py:207:101
    |
205 | …) == 2*len(ids), 'full operation allocated/terminal denominator mismatch')
206 | …[(operation_id,'BEGIN')],pairs[(operation_id,'END')],episode)
207 | …['kind']=='PHYSICS' and r['source']['phase']=='END'],lambda r:r['source']['physics_step'])
    |                                            ^^^^^^^^^^^^^^^^^^^^^^^^^^^^^^^^^^^^^^^^^^^^^^^^
208 | …]['kind']=='CONTROL' and r['source']['phase']=='END'],lambda r:r['source']['physics_step']+1)
209 | …'ACTUATOR'],lambda r:r['source']['physics_step'])
    |

E501 Line too long (151 > 100)
   --> artifacts/research/process/20261004-ced-development/astra-repair-execution/R01/marker-v4-preparation/fix-round-1/offline/verify_sparse.py:208:101
    |
206 | …operation_id,'BEGIN')],pairs[(operation_id,'END')],episode)
207 | …kind']=='PHYSICS' and r['source']['phase']=='END'],lambda r:r['source']['physics_step'])
208 | …'kind']=='CONTROL' and r['source']['phase']=='END'],lambda r:r['source']['physics_step']+1)
    |                                          ^^^^^^^^^^^^^^^^^^^^^^^^^^^^^^^^^^^^^^^^^^^^^^^^^^^
209 | …CTUATOR'],lambda r:r['source']['physics_step'])
210 | …tuators) == list(range(1,final+1)), 'all physical/control/actuator steps incomplete')
    |

E501 Line too long (107 > 100)
   --> artifacts/research/process/20261004-ced-development/astra-repair-execution/R01/marker-v4-preparation/fix-round-1/offline/verify_sparse.py:209:101
    |
207 |     physics = unique([r for r in operations if r['source']['kind']=='PHYSICS' and r['source']['phase']=='END'],lambda r:r['source']['…
208 |     controls = unique([r for r in operations if r['source']['kind']=='CONTROL' and r['source']['phase']=='END'],lambda r:r['source'][…
209 |     actuators = unique([r for r in records if r['event']=='ACTUATOR'],lambda r:r['source']['physics_step'])
    |                                                                                                     ^^^^^^^
210 |     require(sorted(physics) == sorted(controls) == sorted(actuators) == list(range(1,final+1)), 'all physical/control/actuator steps …
211 |     begins = unique([r for r in records if r['event']=='ACQUISITION_BEGIN'],lambda r:r['physics_step'])
    |

E501 Line too long (145 > 100)
   --> artifacts/research/process/20261004-ced-development/astra-repair-execution/R01/marker-v4-preparation/fix-round-1/offline/verify_sparse.py:210:101
    |
208 | …']['kind']=='CONTROL' and r['source']['phase']=='END'],lambda r:r['source']['physics_step']+1)
209 | …='ACTUATOR'],lambda r:r['source']['physics_step'])
210 | …(actuators) == list(range(1,final+1)), 'all physical/control/actuator steps incomplete')
    |                                             ^^^^^^^^^^^^^^^^^^^^^^^^^^^^^^^^^^^^^^^^^^^^^
211 | …CQUISITION_BEGIN'],lambda r:r['physics_step'])
212 | …']=='ACQUISITION_END'],lambda r:r['physics_step'])
    |

E501 Line too long (103 > 100)
   --> artifacts/research/process/20261004-ced-development/astra-repair-execution/R01/marker-v4-preparation/fix-round-1/offline/verify_sparse.py:211:101
    |
209 |     actuators = unique([r for r in records if r['event']=='ACTUATOR'],lambda r:r['source']['physics_step'])
210 |     require(sorted(physics) == sorted(controls) == sorted(actuators) == list(range(1,final+1)), 'all physical/control/actuator steps …
211 |     begins = unique([r for r in records if r['event']=='ACQUISITION_BEGIN'],lambda r:r['physics_step'])
    |                                                                                                     ^^^
212 |     acquisitions = unique([r for r in records if r['event']=='ACQUISITION_END'],lambda r:r['physics_step'])
213 |     require(sorted(begins) == sorted(acquisitions) == selected and summary['acquisition_allocated'] == summary['acquisition_completed…
    |

E501 Line too long (107 > 100)
   --> artifacts/research/process/20261004-ced-development/astra-repair-execution/R01/marker-v4-preparation/fix-round-1/offline/verify_sparse.py:212:101
    |
210 |     require(sorted(physics) == sorted(controls) == sorted(actuators) == list(range(1,final+1)), 'all physical/control/actuator steps …
211 |     begins = unique([r for r in records if r['event']=='ACQUISITION_BEGIN'],lambda r:r['physics_step'])
212 |     acquisitions = unique([r for r in records if r['event']=='ACQUISITION_END'],lambda r:r['physics_step'])
    |                                                                                                     ^^^^^^^
213 |     require(sorted(begins) == sorted(acquisitions) == selected and summary['acquisition_allocated'] == summary['acquisition_completed…
214 |     actions = unique([r for r in records if r['event'] in {'ACTION_BEGIN','ACTION_END'}],lambda r:(r['action_ordinal'],r['event']))
    |

E501 Line too long (255 > 100)
   --> artifacts/research/process/20261004-ced-development/astra-repair-execution/R01/marker-v4-preparation/fix-round-1/offline/verify_sparse.py:213:101
    |
211 | …_step'])
212 | …sics_step'])
213 | …ed'] == summary['acquisition_completed'] == len(selected) and summary['acquisition_failed'] == 0, 'journal acquisition allocated/terminal denominator mismatch')
    |       ^^^^^^^^^^^^^^^^^^^^^^^^^^^^^^^^^^^^^^^^^^^^^^^^^^^^^^^^^^^^^^^^^^^^^^^^^^^^^^^^^^^^^^^^^^^^^^^^^^^^^^^^^^^^^^^^^^^^^^^^^^^^^^^^^^^^^^^^^^^^^^^^^^^^^^^^^^^
214 | … r:(r['action_ordinal'],r['event']))
215 | …ction_ordinal'])
    |

E501 Line too long (131 > 100)
   --> artifacts/research/process/20261004-ced-development/astra-repair-execution/R01/marker-v4-preparation/fix-round-1/offline/verify_sparse.py:214:101
    |
212 | …['event']=='ACQUISITION_END'],lambda r:r['physics_step'])
213 | … == selected and summary['acquisition_allocated'] == summary['acquisition_completed'] == len(selected) and summary['acquisition_fail…
214 | …nt'] in {'ACTION_BEGIN','ACTION_END'}],lambda r:(r['action_ordinal'],r['event']))
    |                                                    ^^^^^^^^^^^^^^^^^^^^^^^^^^^^^^^
215 | …f r['event']=='TEACHER_ACTION'],lambda r:r['action_ordinal'])
216 | …e(header,actions,teacher_actions,summary,terminal)
    |

E501 Line too long (111 > 100)
   --> artifacts/research/process/20261004-ced-development/astra-repair-execution/R01/marker-v4-preparation/fix-round-1/offline/verify_sparse.py:215:101
    |
213 |     require(sorted(begins) == sorted(acquisitions) == selected and summary['acquisition_allocated'] == summary['acquisition_completed…
214 |     actions = unique([r for r in records if r['event'] in {'ACTION_BEGIN','ACTION_END'}],lambda r:(r['action_ordinal'],r['event']))
215 |     teacher_actions = unique([r for r in records if r['event']=='TEACHER_ACTION'],lambda r:r['action_ordinal'])
    |                                                                                                     ^^^^^^^^^^^
216 |     recipe,failures = helper.verify_original_recipe(header,actions,teacher_actions,summary,terminal)
217 |     require(not failures and recipe == 'COMPLETE_ORIGINAL_120_9_2', 'original recipe invalid: '+str(failures))
    |

E501 Line too long (110 > 100)
   --> artifacts/research/process/20261004-ced-development/astra-repair-execution/R01/marker-v4-preparation/fix-round-1/offline/verify_sparse.py:217:101
    |
215 |     teacher_actions = unique([r for r in records if r['event']=='TEACHER_ACTION'],lambda r:r['action_ordinal'])
216 |     recipe,failures = helper.verify_original_recipe(header,actions,teacher_actions,summary,terminal)
217 |     require(not failures and recipe == 'COMPLETE_ORIGINAL_120_9_2', 'original recipe invalid: '+str(failures))
    |                                                                                                     ^^^^^^^^^^
218 |     require(sorted(teacher_actions) == list(range(1,10)) and len(actions)==18 and summary['action_failed']==0, 'full action denominat…
219 |     for o in range(1,10):
    |

E501 Line too long (146 > 100)
   --> artifacts/research/process/20261004-ced-development/astra-repair-execution/R01/marker-v4-preparation/fix-round-1/offline/verify_sparse.py:218:101
    |
216 | …r,actions,teacher_actions,summary,terminal)
217 | …_120_9_2', 'original recipe invalid: '+str(failures))
218 | …and len(actions)==18 and summary['action_failed']==0, 'full action denominator mismatch')
    |                                             ^^^^^^^^^^^^^^^^^^^^^^^^^^^^^^^^^^^^^^^^^^^^^^
219 | …
220 | …N_END')]
    |

E501 Line too long (203 > 100)
   --> artifacts/research/process/20261004-ced-development/astra-repair-execution/R01/marker-v4-preparation/fix-round-1/offline/verify_sparse.py:221:101
    |
219 | …
220 | …
221 | …t_step'] and b['action_type']==e['action_type'] and b['record_seq']<e['record_seq'], 'action span identity mismatch')
    |                ^^^^^^^^^^^^^^^^^^^^^^^^^^^^^^^^^^^^^^^^^^^^^^^^^^^^^^^^^^^^^^^^^^^^^^^^^^^^^^^^^^^^^^^^^^^^^^^^^^^^^^^
222 | …s[o]['source']['start_step']==b['start_step'] and teacher_actions[o]['source']['end_step']==e['end_step'], 'teacher action span mism…
223 | …'teacher action evidence mismatch')
    |

E501 Line too long (224 > 100)
   --> artifacts/research/process/20261004-ced-development/astra-repair-execution/R01/marker-v4-preparation/fix-round-1/offline/verify_sparse.py:222:101
    |
220 | …
221 | …and b['action_type']==e['action_type'] and b['record_seq']<e['record_seq'], 'action span identity mismatch')
222 | …rce']['start_step']==b['start_step'] and teacher_actions[o]['source']['end_step']==e['end_step'], 'teacher action span mismatch')
    |       ^^^^^^^^^^^^^^^^^^^^^^^^^^^^^^^^^^^^^^^^^^^^^^^^^^^^^^^^^^^^^^^^^^^^^^^^^^^^^^^^^^^^^^^^^^^^^^^^^^^^^^^^^^^^^^^^^^^^^^^^^^^^
223 | …action evidence mismatch')
224 | …
    |

E501 Line too long (121 > 100)
   --> artifacts/research/process/20261004-ced-development/astra-repair-execution/R01/marker-v4-preparation/fix-round-1/offline/verify_sparse.py:223:101
    |
221 |         require(b['episode_id']==e['episode_id']==episode and b['start_step']==e['start_step'] and b['action_type']==e['action_type']…
222 |         require(teacher_actions[o]['source']['episode_id']==episode and teacher_actions[o]['source']['start_step']==b['start_step'] a…
223 |         require(same(teacher_actions[o]['source']['result'],teacher['actions'][o-1]), 'teacher action evidence mismatch')
    |                                                                                                     ^^^^^^^^^^^^^^^^^^^^^
224 |     physical = {0:begins[0]['physical_source']}
225 |     callbacks = {r['physics_step']:r for r in index_rows if r['event']=='PHYSICAL_CALLBACK'}
    |

E702 Multiple statements on one line (semicolon)
   --> artifacts/research/process/20261004-ced-development/astra-repair-execution/R01/marker-v4-preparation/fix-round-1/offline/verify_sparse.py:230:40
    |
228 | …     pb,cb=pairs[(p['source']['operation_id'],'BEGIN')],pairs[(c['source']['operation_id'],'BEGIN')]
229 | …     physical[step]=p['source']['result']['physics_state']
230 | …     ident=identity(callbacks[step]); prior=identity(callbacks[step-1])
    |                                      ^
231 | …     require(same(identity(p['source']),ident) and same(identity(physical[step]),ident) and same(identity(pb['source']),prior) and s…
232 | …     require(same(identity(a['source']),dict(episode_id=episode,physics_step=step,sim_time_s=prior['sim_time_s'])) and a['control_op…
    |

E501 Line too long (260 > 100)
   --> artifacts/research/process/20261004-ced-development/astra-repair-execution/R01/marker-v4-preparation/fix-round-1/offline/verify_sparse.py:231:101
    |
229 | …
230 | …
231 | …same(identity(pb['source']),prior) and same(identity(c['source']),prior) and same(identity(cb['source']),prior), 'full physical/control begin/end identity mismatch')
    |       ^^^^^^^^^^^^^^^^^^^^^^^^^^^^^^^^^^^^^^^^^^^^^^^^^^^^^^^^^^^^^^^^^^^^^^^^^^^^^^^^^^^^^^^^^^^^^^^^^^^^^^^^^^^^^^^^^^^^^^^^^^^^^^^^^^^^^^^^^^^^^^^^^^^^^^^^^^^^^^^^
232 | …=prior['sim_time_s'])) and a['control_operation_id']==c['source']['operation_id'] and same(a['source'],c['source']['result']['control_state']), 'upcoming-n actuator/contr…
233 | …['record_seq']<pb['record_seq']<p['record_seq'], 'full control/actuator/physics owner or sequence mismatch')
    |

E501 Line too long (278 > 100)
   --> artifacts/research/process/20261004-ced-development/astra-repair-execution/R01/marker-v4-preparation/fix-round-1/offline/verify_sparse.py:232:101
    |
230 | …
231 | …same(identity(pb['source']),prior) and same(identity(c['source']),prior) and same(identity(cb['source']),prior), 'full physical/control begin/end identity mismatch')
232 | …=prior['sim_time_s'])) and a['control_operation_id']==c['source']['operation_id'] and same(a['source'],c['source']['result']['control_state']), 'upcoming-n actuator/control mismatch')
    |       ^^^^^^^^^^^^^^^^^^^^^^^^^^^^^^^^^^^^^^^^^^^^^^^^^^^^^^^^^^^^^^^^^^^^^^^^^^^^^^^^^^^^^^^^^^^^^^^^^^^^^^^^^^^^^^^^^^^^^^^^^^^^^^^^^^^^^^^^^^^^^^^^^^^^^^^^^^^^^^^^^^^^^^^^^^^^^^^^^^
233 | …['record_seq']<pb['record_seq']<p['record_seq'], 'full control/actuator/physics owner or sequence mismatch')
234 | …']['phase']=='END' for command in r['source']['result']['command_records']]
    |

E501 Line too long (203 > 100)
   --> artifacts/research/process/20261004-ced-development/astra-repair-execution/R01/marker-v4-preparation/fix-round-1/offline/verify_sparse.py:233:101
    |
231 | …ent) and same(identity(pb['source']),prior) and same(identity(c['source']),prior) and same(identity(cb['source']),prior), 'full phys…
232 | …im_time_s=prior['sim_time_s'])) and a['control_operation_id']==c['source']['operation_id'] and same(a['source'],c['source']['result'…
233 | …d_seq']<a['record_seq']<pb['record_seq']<p['record_seq'], 'full control/actuator/physics owner or sequence mismatch')
    |                ^^^^^^^^^^^^^^^^^^^^^^^^^^^^^^^^^^^^^^^^^^^^^^^^^^^^^^^^^^^^^^^^^^^^^^^^^^^^^^^^^^^^^^^^^^^^^^^^^^^^^^^
234 | …r['source']['phase']=='END' for command in r['source']['result']['command_records']]
235 | …mand_rows]==list(range(1,len(command_rows)+1)) and len(command_rows)==743, 'command inventory/source mismatch')
    |

E501 Line too long (170 > 100)
   --> artifacts/research/process/20261004-ced-development/astra-repair-execution/R01/marker-v4-preparation/fix-round-1/offline/verify_sparse.py:234:101
    |
232 | …ysics_step=step,sim_time_s=prior['sim_time_s'])) and a['control_operation_id']==c['source']['operation_id'] and same(a['source'],c['…
233 | …rd_seq']<c['record_seq']<a['record_seq']<pb['record_seq']<p['record_seq'], 'full control/actuator/physics owner or sequence mismatch…
234 | …]=='COMMAND' and r['source']['phase']=='END' for command in r['source']['result']['command_records']]
    |                                 ^^^^^^^^^^^^^^^^^^^^^^^^^^^^^^^^^^^^^^^^^^^^^^^^^^^^^^^^^^^^^^^^^^^^^^
235 | …eq'] for c in command_rows]==list(range(1,len(command_rows)+1)) and len(command_rows)==743, 'command inventory/source mismatch')
236 | …'] and len(teacher['physical_samples'])==final+1 and summary['whole_step_capture_calls']==len(selected), 'terminal/evidence horizon …
    |

E501 Line too long (197 > 100)
   --> artifacts/research/process/20261004-ced-development/astra-repair-execution/R01/marker-v4-preparation/fix-round-1/offline/verify_sparse.py:235:101
    |
233 | …cord_seq']<a['record_seq']<pb['record_seq']<p['record_seq'], 'full control/actuator/physics owner or sequence mismatch')
234 | …nd r['source']['phase']=='END' for command in r['source']['result']['command_records']]
235 | …command_rows]==list(range(1,len(command_rows)+1)) and len(command_rows)==743, 'command inventory/source mismatch')
    |                   ^^^^^^^^^^^^^^^^^^^^^^^^^^^^^^^^^^^^^^^^^^^^^^^^^^^^^^^^^^^^^^^^^^^^^^^^^^^^^^^^^^^^^^^^^^^^^^^^^
236 | …cher['physical_samples'])==final+1 and summary['whole_step_capture_calls']==len(selected), 'terminal/evidence horizon mismatch')
237 | …
    |

E501 Line too long (211 > 100)
   --> artifacts/research/process/20261004-ced-development/astra-repair-execution/R01/marker-v4-preparation/fix-round-1/offline/verify_sparse.py:236:101
    |
234 | …ource']['phase']=='END' for command in r['source']['result']['command_records']]
235 | …_rows]==list(range(1,len(command_rows)+1)) and len(command_rows)==743, 'command inventory/source mismatch')
236 | …hysical_samples'])==final+1 and summary['whole_step_capture_calls']==len(selected), 'terminal/evidence horizon mismatch')
    |            ^^^^^^^^^^^^^^^^^^^^^^^^^^^^^^^^^^^^^^^^^^^^^^^^^^^^^^^^^^^^^^^^^^^^^^^^^^^^^^^^^^^^^^^^^^^^^^^^^^^^^^^^^^^^^^^
237 | …
238 | …
    |

E501 Line too long (118 > 100)
   --> artifacts/research/process/20261004-ced-development/astra-repair-execution/R01/marker-v4-preparation/fix-round-1/offline/verify_sparse.py:240:101
    |
238 |     for step in range(final+1):
239 |         sample=asdict(sample_physical_observation(PhysicsStepObservation(**physical[step]),criteria))
240 |         require(same(sample,teacher['physical_samples'][step]), 'physical scorer evidence differs at step '+str(step))
    |                                                                                                     ^^^^^^^^^^^^^^^^^^
241 |     full_states = []
242 |     for step in selected:
    |

E702 Multiple statements on one line (semicolon)
   --> artifacts/research/process/20261004-ced-development/astra-repair-execution/R01/marker-v4-preparation/fix-round-1/offline/verify_sparse.py:243:44
    |
241 |     full_states = []
242 |     for step in selected:
243 |         b,e=begins[step],acquisitions[step]; camera=e['camera']; saved={k:v for k,v in ends[step].items() if k!='event'}
    |                                            ^
244 |         require(same(identity(b),identity(e)) and same(identity(b),identity(callbacks[step])) and same(b['physical_source'],physical[…
245 |         require(b['action_ordinal']==e['action_ordinal']==owner(step,actions) and b['control_operation_id']==e['control_operation_id'…
    |

E702 Multiple statements on one line (semicolon)
   --> artifacts/research/process/20261004-ced-development/astra-repair-execution/R01/marker-v4-preparation/fix-round-1/offline/verify_sparse.py:243:64
    |
241 |     full_states = []
242 |     for step in selected:
243 |         b,e=begins[step],acquisitions[step]; camera=e['camera']; saved={k:v for k,v in ends[step].items() if k!='event'}
    |                                                                ^
244 |         require(same(identity(b),identity(e)) and same(identity(b),identity(callbacks[step])) and same(b['physical_source'],physical[…
245 |         require(b['action_ordinal']==e['action_ordinal']==owner(step,actions) and b['control_operation_id']==e['control_operation_id'…
    |

E501 Line too long (120 > 100)
   --> artifacts/research/process/20261004-ced-development/astra-repair-execution/R01/marker-v4-preparation/fix-round-1/offline/verify_sparse.py:243:101
    |
241 |     full_states = []
242 |     for step in selected:
243 |         b,e=begins[step],acquisitions[step]; camera=e['camera']; saved={k:v for k,v in ends[step].items() if k!='event'}
    |                                                                                                     ^^^^^^^^^^^^^^^^^^^^
244 |         require(same(identity(b),identity(e)) and same(identity(b),identity(callbacks[step])) and same(b['physical_source'],physical[…
245 |         require(b['action_ordinal']==e['action_ordinal']==owner(step,actions) and b['control_operation_id']==e['control_operation_id'…
    |

E501 Line too long (185 > 100)
   --> artifacts/research/process/20261004-ced-development/astra-repair-execution/R01/marker-v4-preparation/fix-round-1/offline/verify_sparse.py:244:101
    |
242 | …
243 | …or k,v in ends[step].items() if k!='event'}
244 | …allbacks[step])) and same(b['physical_source'],physical[step]), 'capture physical identity/source mismatch')
    |                         ^^^^^^^^^^^^^^^^^^^^^^^^^^^^^^^^^^^^^^^^^^^^^^^^^^^^^^^^^^^^^^^^^^^^^^^^^^^^^^^^^^^^^
245 | … and b['control_operation_id']==e['control_operation_id'] and b['physics_operation_id']==e['physics_operation_id'], 'capture unique …
246 | …
    |

E501 Line too long (246 > 100)
   --> artifacts/research/process/20261004-ced-development/astra-repair-execution/R01/marker-v4-preparation/fix-round-1/offline/verify_sparse.py:245:101
    |
243 | …p].items() if k!='event'}
244 | …nd same(b['physical_source'],physical[step]), 'capture physical identity/source mismatch')
245 | …eration_id']==e['control_operation_id'] and b['physics_operation_id']==e['physics_operation_id'], 'capture unique action/operation ownership mismatch')
    |       ^^^^^^^^^^^^^^^^^^^^^^^^^^^^^^^^^^^^^^^^^^^^^^^^^^^^^^^^^^^^^^^^^^^^^^^^^^^^^^^^^^^^^^^^^^^^^^^^^^^^^^^^^^^^^^^^^^^^^^^^^^^^^^^^^^^^^^^^^^^^^^^^^^
246 | …
247 | …physics_operation_id']==physics[step]['source']['operation_id'] and physics[step]['record_seq']<b['record_seq'], 'capture operation join mismatch')
    |

E501 Line too long (242 > 100)
   --> artifacts/research/process/20261004-ced-development/astra-repair-execution/R01/marker-v4-preparation/fix-round-1/offline/verify_sparse.py:247:101
    |
245 | …eration_id']==e['control_operation_id'] and b['physics_operation_id']==e['physics_operation_id'], 'capture unique action/operation ownership mismatch')
246 | …
247 | …physics_operation_id']==physics[step]['source']['operation_id'] and physics[step]['record_seq']<b['record_seq'], 'capture operation join mismatch')
    |       ^^^^^^^^^^^^^^^^^^^^^^^^^^^^^^^^^^^^^^^^^^^^^^^^^^^^^^^^^^^^^^^^^^^^^^^^^^^^^^^^^^^^^^^^^^^^^^^^^^^^^^^^^^^^^^^^^^^^^^^^^^^^^^^^^^^^^^^^^^^^^^
248 | …'initial capture operation identity differs')
249 | …END saved identity mismatch')
    |

E701 Multiple statements on one line (colon)
   --> artifacts/research/process/20261004-ced-development/astra-repair-execution/R01/marker-v4-preparation/fix-round-1/offline/verify_sparse.py:248:13
    |
246 | …     if step:
247 | …         require(b['control_operation_id']==controls[step]['source']['operation_id'] and b['physics_operation_id']==physics[step]['s…
248 | …     else: require(b['control_operation_id'] is None and b['physics_operation_id'] is None, 'initial capture operation identity diff…
    |           ^
249 | …     require(same(e['saved'],saved) and e['record_seq']>b['record_seq'], 'acquisition/index END saved identity mismatch')
250 | …     helper.verify_camera_guard(camera,contract)
    |

E501 Line too long (140 > 100)
   --> artifacts/research/process/20261004-ced-development/astra-repair-execution/R01/marker-v4-preparation/fix-round-1/offline/verify_sparse.py:248:101
    |
246 | …
247 | …s[step]['source']['operation_id'] and b['physics_operation_id']==physics[step]['source']['operation_id'] and physics[step]['record_s…
248 | …e and b['physics_operation_id'] is None, 'initial capture operation identity differs')
    |                                                ^^^^^^^^^^^^^^^^^^^^^^^^^^^^^^^^^^^^^^^^
249 | …eq']>b['record_seq'], 'acquisition/index END saved identity mismatch')
250 | …
    |

E501 Line too long (124 > 100)
   --> artifacts/research/process/20261004-ced-development/astra-repair-execution/R01/marker-v4-preparation/fix-round-1/offline/verify_sparse.py:249:101
    |
247 | …         require(b['control_operation_id']==controls[step]['source']['operation_id'] and b['physics_operation_id']==physics[step]['s…
248 | …     else: require(b['control_operation_id'] is None and b['physics_operation_id'] is None, 'initial capture operation identity diff…
249 | …     require(same(e['saved'],saved) and e['record_seq']>b['record_seq'], 'acquisition/index END saved identity mismatch')
    |                                                                                                   ^^^^^^^^^^^^^^^^^^^^^^^^
250 | …     helper.verify_camera_guard(camera,contract)
251 | …     require(camera['state_unchanged'] is True and camera['before_state']['sensor_noise_std_m']==0., 'capture non-mutating/noise con…
    |

E501 Line too long (151 > 100)
   --> artifacts/research/process/20261004-ced-development/astra-repair-execution/R01/marker-v4-preparation/fix-round-1/offline/verify_sparse.py:251:101
    |
249 | …['record_seq'], 'acquisition/index END saved identity mismatch')
250 | …
251 | …['before_state']['sensor_noise_std_m']==0., 'capture non-mutating/noise contract mismatch')
    |                                          ^^^^^^^^^^^^^^^^^^^^^^^^^^^^^^^^^^^^^^^^^^^^^^^^^^^
252 | …te(full,camera['before_state'],camera['before_guard']['arrays']['fields'],identity(e)); full_states.append(full)
253 | …['capture_monotonic_begin_ns'] for r in index_rows if r['event']=='BEGIN' and r['physics_step']==step)
    |

E702 Multiple statements on one line (semicolon)
   --> artifacts/research/process/20261004-ced-development/astra-repair-execution/R01/marker-v4-preparation/fix-round-1/offline/verify_sparse.py:252:42
    |
250 | …     helper.verify_camera_guard(camera,contract)
251 | …     require(camera['state_unchanged'] is True and camera['before_state']['sensor_noise_std_m']==0., 'capture non-mutating/noise con…
252 | …     full=camera['full_capture_state']; validate_full_state(full,camera['before_state'],camera['before_guard']['arrays']['fields'],i…
    |                                        ^
253 | …     lo,hi=ends[step]['capture_monotonic_end_ns'], next(r['capture_monotonic_begin_ns'] for r in index_rows if r['event']=='BEGIN' a…
254 | …     require(b['clock']['monotonic_after_ns']<=hi<=camera['capture_monotonic_begin_ns']<=camera['capture_monotonic_end_ns']<=lo<=e['…
    |

E501 Line too long (172 > 100)
   --> artifacts/research/process/20261004-ced-development/astra-repair-execution/R01/marker-v4-preparation/fix-round-1/offline/verify_sparse.py:252:101
    |
250 | …
251 | …tate']['sensor_noise_std_m']==0., 'capture non-mutating/noise contract mismatch')
252 | …mera['before_state'],camera['before_guard']['arrays']['fields'],identity(e)); full_states.append(full)
    |                                ^^^^^^^^^^^^^^^^^^^^^^^^^^^^^^^^^^^^^^^^^^^^^^^^^^^^^^^^^^^^^^^^^^^^^^^^
253 | …monotonic_begin_ns'] for r in index_rows if r['event']=='BEGIN' and r['physics_step']==step)
254 | …monotonic_begin_ns']<=camera['capture_monotonic_end_ns']<=lo<=e['clock']['monotonic_before_ns'], 'capture complete nested clocks mis…
    |

E702 Multiple statements on one line (semicolon)
   --> artifacts/research/process/20261004-ced-development/astra-repair-execution/R01/marker-v4-preparation/fix-round-1/offline/verify_sparse.py:252:147
    |
250 | …
251 | …sor_noise_std_m']==0., 'capture non-mutating/noise contract mismatch')
252 | …e_state'],camera['before_guard']['arrays']['fields'],identity(e)); full_states.append(full)
    |                                                                   ^
253 | …egin_ns'] for r in index_rows if r['event']=='BEGIN' and r['physics_step']==step)
254 | …egin_ns']<=camera['capture_monotonic_end_ns']<=lo<=e['clock']['monotonic_before_ns'], 'capture complete nested clocks mismatch')
    |

E501 Line too long (162 > 100)
   --> artifacts/research/process/20261004-ced-development/astra-repair-execution/R01/marker-v4-preparation/fix-round-1/offline/verify_sparse.py:253:101
    |
251 | …ore_state']['sensor_noise_std_m']==0., 'capture non-mutating/noise contract mismatch')
252 | …ll,camera['before_state'],camera['before_guard']['arrays']['fields'],identity(e)); full_states.append(full)
253 | …ture_monotonic_begin_ns'] for r in index_rows if r['event']=='BEGIN' and r['physics_step']==step)
    |                                     ^^^^^^^^^^^^^^^^^^^^^^^^^^^^^^^^^^^^^^^^^^^^^^^^^^^^^^^^^^^^^^
254 | …ture_monotonic_begin_ns']<=camera['capture_monotonic_end_ns']<=lo<=e['clock']['monotonic_before_ns'], 'capture complete nested clock…
255 | …perations=len(ids),physical_callbacks=final+1,selected_frames=len(selected),actions=9,commands=len(command_rows),recipe=recipe,all_f…
    |

E501 Line too long (209 > 100)
   --> artifacts/research/process/20261004-ced-development/astra-repair-execution/R01/marker-v4-preparation/fix-round-1/offline/verify_sparse.py:254:101
    |
252 | …],camera['before_guard']['arrays']['fields'],identity(e)); full_states.append(full)
253 | …] for r in index_rows if r['event']=='BEGIN' and r['physics_step']==step)
254 | …]<=camera['capture_monotonic_end_ns']<=lo<=e['clock']['monotonic_before_ns'], 'capture complete nested clocks mismatch')
    |             ^^^^^^^^^^^^^^^^^^^^^^^^^^^^^^^^^^^^^^^^^^^^^^^^^^^^^^^^^^^^^^^^^^^^^^^^^^^^^^^^^^^^^^^^^^^^^^^^^^^^^^^^^^^^^
255 | …cal_callbacks=final+1,selected_frames=len(selected),actions=9,commands=len(command_rows),recipe=recipe,all_full_capture_states_verif…
    |

E501 Line too long (370 > 100)
   --> artifacts/research/process/20261004-ced-development/astra-repair-execution/R01/marker-v4-preparation/fix-round-1/offline/verify_sparse.py:255:101
    |
253 | …r in index_rows if r['event']=='BEGIN' and r['physics_step']==step)
254 | …era['capture_monotonic_end_ns']<=lo<=e['clock']['monotonic_before_ns'], 'capture complete nested clocks mismatch')
255 | …llbacks=final+1,selected_frames=len(selected),actions=9,commands=len(command_rows),recipe=recipe,all_full_capture_states_verified=len(full_states),all_teacher_physical_samples_verified=final+1,guard_scope='ALL_RECORDED_DATA_BACKED_ARRAY_DOMAINS_AND_ALL_PROTECTED_COMPONENTS')
    |       ^^^^^^^^^^^^^^^^^^^^^^^^^^^^^^^^^^^^^^^^^^^^^^^^^^^^^^^^^^^^^^^^^^^^^^^^^^^^^^^^^^^^^^^^^^^^^^^^^^^^^^^^^^^^^^^^^^^^^^^^^^^^^^^^^^^^^^^^^^^^^^^^^^^^^^^^^^^^^^^^^^^^^^^^^^^^^^^^^^^^^^^^^^^^^^^^^^^^^^^^^^^^^^^^^^^^^^^^^^^^^^^^^^^^^^^^^^^^^^^^^^^^^^^^^^^^^^^^^^^^^^^^^^^^^^
    |

E501 Line too long (159 > 100)
   --> artifacts/research/process/20261004-ced-development/astra-repair-execution/R01/marker-v4-preparation/fix-round-1/offline/verify_sparse.py:259:101
    |
258 | …
259 | …lse str(p):dict(bytes=p.stat().st_size,sha256=sha(p.read_bytes())) for p in sorted(set(paths))}
    |                                      ^^^^^^^^^^^^^^^^^^^^^^^^^^^^^^^^^^^^^^^^^^^^^^^^^^^^^^^^^^^
    |

E702 Multiple statements on one line (semicolon)
   --> artifacts/research/process/20261004-ced-development/astra-repair-execution/R01/marker-v4-preparation/fix-round-1/offline/verify_sparse.py:263:37
    |
262 | def main():
263 |     parser=argparse.ArgumentParser(); parser.add_argument('--decode-once',action='store_true',required=True); parser.parse_args()
    |                                     ^
264 |     output=HERE/'offline-verification.json'; markers=HERE/'offline-markers.jsonl'
265 |     require(not output.exists() and not markers.exists(), 'single reader output already exists; no decode retry')
    |

E501 Line too long (129 > 100)
   --> artifacts/research/process/20261004-ced-development/astra-repair-execution/R01/marker-v4-preparation/fix-round-1/offline/verify_sparse.py:263:101
    |
262 | def main():
263 |     parser=argparse.ArgumentParser(); parser.add_argument('--decode-once',action='store_true',required=True); parser.parse_args()
    |                                                                                                     ^^^^^^^^^^^^^^^^^^^^^^^^^^^^^
264 |     output=HERE/'offline-verification.json'; markers=HERE/'offline-markers.jsonl'
265 |     require(not output.exists() and not markers.exists(), 'single reader output already exists; no decode retry')
    |

E702 Multiple statements on one line (semicolon)
   --> artifacts/research/process/20261004-ced-development/astra-repair-execution/R01/marker-v4-preparation/fix-round-1/offline/verify_sparse.py:263:109
    |
262 | def main():
263 |     parser=argparse.ArgumentParser(); parser.add_argument('--decode-once',action='store_true',required=True); parser.parse_args()
    |                                                                                                             ^
264 |     output=HERE/'offline-verification.json'; markers=HERE/'offline-markers.jsonl'
265 |     require(not output.exists() and not markers.exists(), 'single reader output already exists; no decode retry')
    |

E702 Multiple statements on one line (semicolon)
   --> artifacts/research/process/20261004-ced-development/astra-repair-execution/R01/marker-v4-preparation/fix-round-1/offline/verify_sparse.py:264:44
    |
262 | def main():
263 |     parser=argparse.ArgumentParser(); parser.add_argument('--decode-once',action='store_true',required=True); parser.parse_args()
264 |     output=HERE/'offline-verification.json'; markers=HERE/'offline-markers.jsonl'
    |                                            ^
265 |     require(not output.exists() and not markers.exists(), 'single reader output already exists; no decode retry')
266 |     attempt=HERE.parent/'pilot-protocol/attempt-1'; summary=json.loads((attempt/'summary.json').read_text()); terminal=json.loads((at…
    |

E501 Line too long (113 > 100)
   --> artifacts/research/process/20261004-ced-development/astra-repair-execution/R01/marker-v4-preparation/fix-round-1/offline/verify_sparse.py:265:101
    |
263 |     parser=argparse.ArgumentParser(); parser.add_argument('--decode-once',action='store_true',required=True); parser.parse_args()
264 |     output=HERE/'offline-verification.json'; markers=HERE/'offline-markers.jsonl'
265 |     require(not output.exists() and not markers.exists(), 'single reader output already exists; no decode retry')
    |                                                                                                     ^^^^^^^^^^^^^
266 |     attempt=HERE.parent/'pilot-protocol/attempt-1'; summary=json.loads((attempt/'summary.json').read_text()); terminal=json.loads((at…
267 |     helper=load_helper(); contract,selection=source_contract(attempt,header,summary)
    |

E702 Multiple statements on one line (semicolon)
   --> artifacts/research/process/20261004-ced-development/astra-repair-execution/R01/marker-v4-preparation/fix-round-1/offline/verify_sparse.py:266:51
    |
264 |     output=HERE/'offline-verification.json'; markers=HERE/'offline-markers.jsonl'
265 |     require(not output.exists() and not markers.exists(), 'single reader output already exists; no decode retry')
266 |     attempt=HERE.parent/'pilot-protocol/attempt-1'; summary=json.loads((attempt/'summary.json').read_text()); terminal=json.loads((at…
    |                                                   ^
267 |     helper=load_helper(); contract,selection=source_contract(attempt,header,summary)
268 |     source_files=[ROOT/name for name in json.loads((attempt.parent/'execution-source-hashes.json').read_text())]
    |

E501 Line too long (234 > 100)
   --> artifacts/research/process/20261004-ced-development/astra-repair-execution/R01/marker-v4-preparation/fix-round-1/offline/verify_sparse.py:266:101
    |
264 | …
265 | … no decode retry')
266 | ….read_text()); terminal=json.loads((attempt/'terminal.json').read_text()); header=json.loads((attempt/'execution-header.json').read_text())
    |       ^^^^^^^^^^^^^^^^^^^^^^^^^^^^^^^^^^^^^^^^^^^^^^^^^^^^^^^^^^^^^^^^^^^^^^^^^^^^^^^^^^^^^^^^^^^^^^^^^^^^^^^^^^^^^^^^^^^^^^^^^^^^^^^^^^^^^^
267 | …
268 | …n').read_text())]
    |

E702 Multiple statements on one line (semicolon)
   --> artifacts/research/process/20261004-ced-development/astra-repair-execution/R01/marker-v4-preparation/fix-round-1/offline/verify_sparse.py:266:109
    |
264 |     output=HERE/'offline-verification.json'; markers=HERE/'offline-markers.jsonl'
265 |     require(not output.exists() and not markers.exists(), 'single reader output already exists; no decode retry')
266 |     attempt=HERE.parent/'pilot-protocol/attempt-1'; summary=json.loads((attempt/'summary.json').read_text()); terminal=json.loads((at…
    |                                                                                                             ^
267 |     helper=load_helper(); contract,selection=source_contract(attempt,header,summary)
268 |     source_files=[ROOT/name for name in json.loads((attempt.parent/'execution-source-hashes.json').read_text())]
    |

E702 Multiple statements on one line (semicolon)
   --> artifacts/research/process/20261004-ced-development/astra-repair-execution/R01/marker-v4-preparation/fix-round-1/offline/verify_sparse.py:266:169
    |
264 | …
265 | …de retry')
266 | …xt()); terminal=json.loads((attempt/'terminal.json').read_text()); header=json.loads((attempt/'execution-header.json').read_text())
    |                                                                   ^
267 | …
268 | …_text())]
    |

E702 Multiple statements on one line (semicolon)
   --> artifacts/research/process/20261004-ced-development/astra-repair-execution/R01/marker-v4-preparation/fix-round-1/offline/verify_sparse.py:267:25
    |
265 |     require(not output.exists() and not markers.exists(), 'single reader output already exists; no decode retry')
266 |     attempt=HERE.parent/'pilot-protocol/attempt-1'; summary=json.loads((attempt/'summary.json').read_text()); terminal=json.loads((at…
267 |     helper=load_helper(); contract,selection=source_contract(attempt,header,summary)
    |                         ^
268 |     source_files=[ROOT/name for name in json.loads((attempt.parent/'execution-source-hashes.json').read_text())]
269 |     input_paths=list(attempt.rglob('*')); input_paths=[p for p in input_paths if p.is_file()]+source_files+[attempt.parent/'header.js…
    |

E501 Line too long (112 > 100)
   --> artifacts/research/process/20261004-ced-development/astra-repair-execution/R01/marker-v4-preparation/fix-round-1/offline/verify_sparse.py:268:101
    |
266 |     attempt=HERE.parent/'pilot-protocol/attempt-1'; summary=json.loads((attempt/'summary.json').read_text()); terminal=json.loads((at…
267 |     helper=load_helper(); contract,selection=source_contract(attempt,header,summary)
268 |     source_files=[ROOT/name for name in json.loads((attempt.parent/'execution-source-hashes.json').read_text())]
    |                                                                                                     ^^^^^^^^^^^^
269 |     input_paths=list(attempt.rglob('*')); input_paths=[p for p in input_paths if p.is_file()]+source_files+[attempt.parent/'header.js…
270 |     before=inventory(input_paths); (HERE/'input-inventory-before.json').write_text(json.dumps(before,indent=2)+'\n')
    |

E702 Multiple statements on one line (semicolon)
   --> artifacts/research/process/20261004-ced-development/astra-repair-execution/R01/marker-v4-preparation/fix-round-1/offline/verify_sparse.py:269:41
    |
267 |     helper=load_helper(); contract,selection=source_contract(attempt,header,summary)
268 |     source_files=[ROOT/name for name in json.loads((attempt.parent/'execution-source-hashes.json').read_text())]
269 |     input_paths=list(attempt.rglob('*')); input_paths=[p for p in input_paths if p.is_file()]+source_files+[attempt.parent/'header.js…
    |                                         ^
270 |     before=inventory(input_paths); (HERE/'input-inventory-before.json').write_text(json.dumps(before,indent=2)+'\n')
271 |     records=read_journal(attempt/'nominal-journal.jsonl.gz'); validate_runtime(attempt,records,header,contract)
    |

E501 Line too long (425 > 100)
   --> artifacts/research/process/20261004-ced-development/astra-repair-execution/R01/marker-v4-preparation/fix-round-1/offline/verify_sparse.py:269:101
    |
267 | …
268 | …n').read_text())]
269 | …ource_files+[attempt.parent/'header.json',attempt.parent/'execution-source-hashes.json',attempt.parent/'execution-archive-index.json',BASE/'selection-manifest.json',OLD/'nominal-journal.jsonl.gz',OLD/'terminal.json',OLD/'teacher-evidence.json',DEVELOPMENT/'astra-repair-execution/R01/offline/offline-markers.jsonl',Path(__file__)]
    |       ^^^^^^^^^^^^^^^^^^^^^^^^^^^^^^^^^^^^^^^^^^^^^^^^^^^^^^^^^^^^^^^^^^^^^^^^^^^^^^^^^^^^^^^^^^^^^^^^^^^^^^^^^^^^^^^^^^^^^^^^^^^^^^^^^^^^^^^^^^^^^^^^^^^^^^^^^^^^^^^^^^^^^^^^^^^^^^^^^^^^^^^^^^^^^^^^^^^^^^^^^^^^^^^^^^^^^^^^^^^^^^^^^^^^^^^^^^^^^^^^^^^^^^^^^^^^^^^^^^^^^^^^^^^^^^^^^^^^^^^^^^^^^^^^^^^^^^^^^^^^^^^^^^^^^^^^^^^^^^^^^^^^^
270 | …efore,indent=2)+'\n')
271 | …header,contract)
    |

E702 Multiple statements on one line (semicolon)
   --> artifacts/research/process/20261004-ced-development/astra-repair-execution/R01/marker-v4-preparation/fix-round-1/offline/verify_sparse.py:270:34
    |
268 |     source_files=[ROOT/name for name in json.loads((attempt.parent/'execution-source-hashes.json').read_text())]
269 |     input_paths=list(attempt.rglob('*')); input_paths=[p for p in input_paths if p.is_file()]+source_files+[attempt.parent/'header.js…
270 |     before=inventory(input_paths); (HERE/'input-inventory-before.json').write_text(json.dumps(before,indent=2)+'\n')
    |                                  ^
271 |     records=read_journal(attempt/'nominal-journal.jsonl.gz'); validate_runtime(attempt,records,header,contract)
272 |     index_rows=[json.loads(line) for line in (attempt/'whole-step/index.jsonl').read_text().splitlines()]; series=json.loads((attempt…
    |

E501 Line too long (116 > 100)
   --> artifacts/research/process/20261004-ced-development/astra-repair-execution/R01/marker-v4-preparation/fix-round-1/offline/verify_sparse.py:270:101
    |
268 |     source_files=[ROOT/name for name in json.loads((attempt.parent/'execution-source-hashes.json').read_text())]
269 |     input_paths=list(attempt.rglob('*')); input_paths=[p for p in input_paths if p.is_file()]+source_files+[attempt.parent/'header.js…
270 |     before=inventory(input_paths); (HERE/'input-inventory-before.json').write_text(json.dumps(before,indent=2)+'\n')
    |                                                                                                     ^^^^^^^^^^^^^^^^
271 |     records=read_journal(attempt/'nominal-journal.jsonl.gz'); validate_runtime(attempt,records,header,contract)
272 |     index_rows=[json.loads(line) for line in (attempt/'whole-step/index.jsonl').read_text().splitlines()]; series=json.loads((attempt…
    |

E702 Multiple statements on one line (semicolon)
   --> artifacts/research/process/20261004-ced-development/astra-repair-execution/R01/marker-v4-preparation/fix-round-1/offline/verify_sparse.py:271:61
    |
269 |     input_paths=list(attempt.rglob('*')); input_paths=[p for p in input_paths if p.is_file()]+source_files+[attempt.parent/'header.js…
270 |     before=inventory(input_paths); (HERE/'input-inventory-before.json').write_text(json.dumps(before,indent=2)+'\n')
271 |     records=read_journal(attempt/'nominal-journal.jsonl.gz'); validate_runtime(attempt,records,header,contract)
    |                                                             ^
272 |     index_rows=[json.loads(line) for line in (attempt/'whole-step/index.jsonl').read_text().splitlines()]; series=json.loads((attempt…
273 |     selected=header['selected_steps']; ends=validate_index(index_rows,series,selected,terminal['final_step'],terminal['episode_id']);…
    |

E501 Line too long (111 > 100)
   --> artifacts/research/process/20261004-ced-development/astra-repair-execution/R01/marker-v4-preparation/fix-round-1/offline/verify_sparse.py:271:101
    |
269 |     input_paths=list(attempt.rglob('*')); input_paths=[p for p in input_paths if p.is_file()]+source_files+[attempt.parent/'header.js…
270 |     before=inventory(input_paths); (HERE/'input-inventory-before.json').write_text(json.dumps(before,indent=2)+'\n')
271 |     records=read_journal(attempt/'nominal-journal.jsonl.gz'); validate_runtime(attempt,records,header,contract)
    |                                                                                                     ^^^^^^^^^^^
272 |     index_rows=[json.loads(line) for line in (attempt/'whole-step/index.jsonl').read_text().splitlines()]; series=json.loads((attempt…
273 |     selected=header['selected_steps']; ends=validate_index(index_rows,series,selected,terminal['final_step'],terminal['episode_id']);…
    |

E501 Line too long (173 > 100)
   --> artifacts/research/process/20261004-ced-development/astra-repair-execution/R01/marker-v4-preparation/fix-round-1/offline/verify_sparse.py:272:101
    |
270 | ….write_text(json.dumps(before,indent=2)+'\n')
271 | …runtime(attempt,records,header,contract)
272 | ….jsonl').read_text().splitlines()]; series=json.loads((attempt/'whole-step/summary.json').read_text())
    |                               ^^^^^^^^^^^^^^^^^^^^^^^^^^^^^^^^^^^^^^^^^^^^^^^^^^^^^^^^^^^^^^^^^^^^^^^^^
273 | …eries,selected,terminal['final_step'],terminal['episode_id']); teacher=json.loads((attempt/'teacher-evidence.json').read_text())
274 | …acher,index_rows,ends,header,helper,contract)
    |

E702 Multiple statements on one line (semicolon)
   --> artifacts/research/process/20261004-ced-development/astra-repair-execution/R01/marker-v4-preparation/fix-round-1/offline/verify_sparse.py:272:106
    |
270 |     before=inventory(input_paths); (HERE/'input-inventory-before.json').write_text(json.dumps(before,indent=2)+'\n')
271 |     records=read_journal(attempt/'nominal-journal.jsonl.gz'); validate_runtime(attempt,records,header,contract)
272 |     index_rows=[json.loads(line) for line in (attempt/'whole-step/index.jsonl').read_text().splitlines()]; series=json.loads((attempt…
    |                                                                                                          ^
273 |     selected=header['selected_steps']; ends=validate_index(index_rows,series,selected,terminal['final_step'],terminal['episode_id']);…
274 |     physical,actuators,trace=validate_trace(records,summary,terminal,teacher,index_rows,ends,header,helper,contract)
    |

E702 Multiple statements on one line (semicolon)
   --> artifacts/research/process/20261004-ced-development/astra-repair-execution/R01/marker-v4-preparation/fix-round-1/offline/verify_sparse.py:273:38
    |
271 |     records=read_journal(attempt/'nominal-journal.jsonl.gz'); validate_runtime(attempt,records,header,contract)
272 |     index_rows=[json.loads(line) for line in (attempt/'whole-step/index.jsonl').read_text().splitlines()]; series=json.loads((attempt…
273 |     selected=header['selected_steps']; ends=validate_index(index_rows,series,selected,terminal['final_step'],terminal['episode_id']);…
    |                                      ^
274 |     physical,actuators,trace=validate_trace(records,summary,terminal,teacher,index_rows,ends,header,helper,contract)
275 |     old_records=read_journal(OLD/'nominal-journal.jsonl.gz'); old_terminal=json.loads((OLD/'terminal.json').read_text()); old_teacher…
    |

E501 Line too long (199 > 100)
   --> artifacts/research/process/20261004-ced-development/astra-repair-execution/R01/marker-v4-preparation/fix-round-1/offline/verify_sparse.py:273:101
    |
271 | …pt,records,header,contract)
272 | …_text().splitlines()]; series=json.loads((attempt/'whole-step/summary.json').read_text())
273 | …d,terminal['final_step'],terminal['episode_id']); teacher=json.loads((attempt/'teacher-evidence.json').read_text())
    |                  ^^^^^^^^^^^^^^^^^^^^^^^^^^^^^^^^^^^^^^^^^^^^^^^^^^^^^^^^^^^^^^^^^^^^^^^^^^^^^^^^^^^^^^^^^^^^^^^^^^^
274 | …ows,ends,header,helper,contract)
275 | …s((OLD/'terminal.json').read_text()); old_teacher=json.loads((OLD/'teacher-evidence.json').read_text())
    |

E702 Multiple statements on one line (semicolon)
   --> artifacts/research/process/20261004-ced-development/astra-repair-execution/R01/marker-v4-preparation/fix-round-1/offline/verify_sparse.py:273:133
    |
271 | …ate_runtime(attempt,records,header,contract)
272 | …ndex.jsonl').read_text().splitlines()]; series=json.loads((attempt/'whole-step/summary.json').read_text())
273 | …ws,series,selected,terminal['final_step'],terminal['episode_id']); teacher=json.loads((attempt/'teacher-evidence.json').read_text())
    |                                                                   ^
274 | …l,teacher,index_rows,ends,header,helper,contract)
275 | …erminal=json.loads((OLD/'terminal.json').read_text()); old_teacher=json.loads((OLD/'teacher-evidence.json').read_text())
    |

E702 Multiple statements on one line (semicolon)
   --> artifacts/research/process/20261004-ced-development/astra-repair-execution/R01/marker-v4-preparation/fix-round-1/offline/verify_sparse.py:275:61
    |
273 |     selected=header['selected_steps']; ends=validate_index(index_rows,series,selected,terminal['final_step'],terminal['episode_id']);…
274 |     physical,actuators,trace=validate_trace(records,summary,terminal,teacher,index_rows,ends,header,helper,contract)
275 |     old_records=read_journal(OLD/'nominal-journal.jsonl.gz'); old_terminal=json.loads((OLD/'terminal.json').read_text()); old_teacher…
    |                                                             ^
276 |     old_physical=[r['physical_source'] for r in old_records if r['event']=='ACQUISITION_BEGIN' and r['physics_step']==0]+[r['source']…
277 |     comparison=dict(physical_states=compare_recorded(old_physical,[physical[s] for s in range(terminal['final_step']+1)]),actuator_st…
    |

E501 Line too long (187 > 100)
   --> artifacts/research/process/20261004-ced-development/astra-repair-execution/R01/marker-v4-preparation/fix-round-1/offline/verify_sparse.py:275:101
    |
273 | …elected,terminal['final_step'],terminal['episode_id']); teacher=json.loads((attempt/'teacher-evidence.json').read_text())
274 | …ndex_rows,ends,header,helper,contract)
275 | …n.loads((OLD/'terminal.json').read_text()); old_teacher=json.loads((OLD/'teacher-evidence.json').read_text())
    |                        ^^^^^^^^^^^^^^^^^^^^^^^^^^^^^^^^^^^^^^^^^^^^^^^^^^^^^^^^^^^^^^^^^^^^^^^^^^^^^^^^^^^^^^^
276 | …QUISITION_BEGIN' and r['physics_step']==0]+[r['source']['result']['physics_state'] for r in old_records if r['event']=='OPERATION' a…
277 | … for s in range(terminal['final_step']+1)]),actuator_states=compare_recorded([r['source'] for r in old_records if r['event']=='ACTUA…
    |

E702 Multiple statements on one line (semicolon)
   --> artifacts/research/process/20261004-ced-development/astra-repair-execution/R01/marker-v4-preparation/fix-round-1/offline/verify_sparse.py:275:121
    |
273 |     selected=header['selected_steps']; ends=validate_index(index_rows,series,selected,terminal['final_step'],terminal['episode_id']);…
274 |     physical,actuators,trace=validate_trace(records,summary,terminal,teacher,index_rows,ends,header,helper,contract)
275 |     old_records=read_journal(OLD/'nominal-journal.jsonl.gz'); old_terminal=json.loads((OLD/'terminal.json').read_text()); old_teacher…
    |                                                                                                                         ^
276 |     old_physical=[r['physical_source'] for r in old_records if r['event']=='ACQUISITION_BEGIN' and r['physics_step']==0]+[r['source']…
277 |     comparison=dict(physical_states=compare_recorded(old_physical,[physical[s] for s in range(terminal['final_step']+1)]),actuator_st…
    |

E501 Line too long (276 > 100)
   --> artifacts/research/process/20261004-ced-development/astra-repair-execution/R01/marker-v4-preparation/fix-round-1/offline/verify_sparse.py:276:101
    |
274 | …ader,helper,contract)
275 | …minal.json').read_text()); old_teacher=json.loads((OLD/'teacher-evidence.json').read_text())
276 | …and r['physics_step']==0]+[r['source']['result']['physics_state'] for r in old_records if r['event']=='OPERATION' and r['source']['kind']=='PHYSICS' and r['source']['phase']=='END']
    |       ^^^^^^^^^^^^^^^^^^^^^^^^^^^^^^^^^^^^^^^^^^^^^^^^^^^^^^^^^^^^^^^^^^^^^^^^^^^^^^^^^^^^^^^^^^^^^^^^^^^^^^^^^^^^^^^^^^^^^^^^^^^^^^^^^^^^^^^^^^^^^^^^^^^^^^^^^^^^^^^^^^^^^^^^^^^^^^^^
277 | …erminal['final_step']+1)]),actuator_states=compare_recorded([r['source'] for r in old_records if r['event']=='ACTUATOR'],[actuators[s]['source'] for s in range(1,terminal['final_step']+1…
278 | …ra-repair-execution/R01/offline/offline-markers.jsonl').read_text().splitlines())}
    |

E501 Line too long (451 > 100)
   --> artifacts/research/process/20261004-ced-development/astra-repair-execution/R01/marker-v4-preparation/fix-round-1/offline/verify_sparse.py:277:101
    |
275 | …minal.json').read_text()); old_teacher=json.loads((OLD/'teacher-evidence.json').read_text())
276 | …and r['physics_step']==0]+[r['source']['result']['physics_state'] for r in old_records if r['event']=='OPERATION' and r['source']['kind']=='PHYSICS' and r['source']['phase']=='END']
277 | …erminal['final_step']+1)]),actuator_states=compare_recorded([r['source'] for r in old_records if r['event']=='ACTUATOR'],[actuators[s]['source'] for s in range(1,terminal['final_step']+1)]),commands=compare_recorded(old_terminal['commands'],terminal['commands']),scorer_samples=compare_recorded(old_teacher['physical_samples'],teacher['physical_samples']))
    |       ^^^^^^^^^^^^^^^^^^^^^^^^^^^^^^^^^^^^^^^^^^^^^^^^^^^^^^^^^^^^^^^^^^^^^^^^^^^^^^^^^^^^^^^^^^^^^^^^^^^^^^^^^^^^^^^^^^^^^^^^^^^^^^^^^^^^^^^^^^^^^^^^^^^^^^^^^^^^^^^^^^^^^^^^^^^^^^^^^^^^^^^^^^^^^^^^^^^^^^^^^^^^^^^^^^^^^^^^^^^^^^^^^^^^^^^^^^^^^^^^^^^^^^^^^^^^^^^^^^^^^^^^^^^^^^^^^^^^^^^^^^^^^^^^^^^^^^^^^^^^^^^^^^^^^^^^^^^^^^^^^^^^^^^^^^^^^^^^^^^^^^^^^^^^^^^
278 | …ra-repair-execution/R01/offline/offline-markers.jsonl').read_text().splitlines())}
279 | …Counter(); ids=set(); camera_context=None; valid=0; compressed_bytes=original_bytes=0; decoder_calls=0
    |

E501 Line too long (177 > 100)
   --> artifacts/research/process/20261004-ced-development/astra-repair-execution/R01/marker-v4-preparation/fix-round-1/offline/verify_sparse.py:278:101
    |
276 | …=='ACQUISITION_BEGIN' and r['physics_step']==0]+[r['source']['result']['physics_state'] for r in old_records if r['event']=='OPERATI…
277 | …al[s] for s in range(terminal['final_step']+1)]),actuator_states=compare_recorded([r['source'] for r in old_records if r['event']=='…
278 | …oads,(DEVELOPMENT/'astra-repair-execution/R01/offline/offline-markers.jsonl').read_text().splitlines())}
    |                             ^^^^^^^^^^^^^^^^^^^^^^^^^^^^^^^^^^^^^^^^^^^^^^^^^^^^^^^^^^^^^^^^^^^^^^^^^^^^^
279 | … statuses={}; reasons=Counter(); ids=set(); camera_context=None; valid=0; compressed_bytes=original_bytes=0; decoder_calls=0
280 | …
    |

E702 Multiple statements on one line (semicolon)
   --> artifacts/research/process/20261004-ced-development/astra-repair-execution/R01/marker-v4-preparation/fix-round-1/offline/verify_sparse.py:279:73
    |
277 |     comparison=dict(physical_states=compare_recorded(old_physical,[physical[s] for s in range(terminal['final_step']+1)]),actuator_st…
278 |     old_markers={r['physics_step']:r['decode_status'] for r in map(json.loads,(DEVELOPMENT/'astra-repair-execution/R01/offline/offlin…
279 |     registration=PoseMarkerRegistration(**header['marker_registration']); statuses={}; reasons=Counter(); ids=set(); camera_context=N…
    |                                                                         ^
280 |     with markers.open('x') as stream:
281 |         for step in selected:
    |

E702 Multiple statements on one line (semicolon)
   --> artifacts/research/process/20261004-ced-development/astra-repair-execution/R01/marker-v4-preparation/fix-round-1/offline/verify_sparse.py:279:86
    |
277 |     comparison=dict(physical_states=compare_recorded(old_physical,[physical[s] for s in range(terminal['final_step']+1)]),actuator_st…
278 |     old_markers={r['physics_step']:r['decode_status'] for r in map(json.loads,(DEVELOPMENT/'astra-repair-execution/R01/offline/offlin…
279 |     registration=PoseMarkerRegistration(**header['marker_registration']); statuses={}; reasons=Counter(); ids=set(); camera_context=N…
    |                                                                                      ^
280 |     with markers.open('x') as stream:
281 |         for step in selected:
    |

E501 Line too long (197 > 100)
   --> artifacts/research/process/20261004-ced-development/astra-repair-execution/R01/marker-v4-preparation/fix-round-1/offline/verify_sparse.py:279:101
    |
277 | …s in range(terminal['final_step']+1)]),actuator_states=compare_recorded([r['source'] for r in old_records if r['event']=='ACTUATOR']…
278 | …LOPMENT/'astra-repair-execution/R01/offline/offline-markers.jsonl').read_text().splitlines())}
279 | …{}; reasons=Counter(); ids=set(); camera_context=None; valid=0; compressed_bytes=original_bytes=0; decoder_calls=0
    |                   ^^^^^^^^^^^^^^^^^^^^^^^^^^^^^^^^^^^^^^^^^^^^^^^^^^^^^^^^^^^^^^^^^^^^^^^^^^^^^^^^^^^^^^^^^^^^^^^^^
280 | …
281 | …
    |

E702 Multiple statements on one line (semicolon)
   --> artifacts/research/process/20261004-ced-development/astra-repair-execution/R01/marker-v4-preparation/fix-round-1/offline/verify_sparse.py:279:105
    |
277 |     comparison=dict(physical_states=compare_recorded(old_physical,[physical[s] for s in range(terminal['final_step']+1)]),actuator_st…
278 |     old_markers={r['physics_step']:r['decode_status'] for r in map(json.loads,(DEVELOPMENT/'astra-repair-execution/R01/offline/offlin…
279 |     registration=PoseMarkerRegistration(**header['marker_registration']); statuses={}; reasons=Counter(); ids=set(); camera_context=N…
    |                                                                                                         ^
280 |     with markers.open('x') as stream:
281 |         for step in selected:
    |

E702 Multiple statements on one line (semicolon)
   --> artifacts/research/process/20261004-ced-development/astra-repair-execution/R01/marker-v4-preparation/fix-round-1/offline/verify_sparse.py:279:116
    |
277 |     comparison=dict(physical_states=compare_recorded(old_physical,[physical[s] for s in range(terminal['final_step']+1)]),actuator_st…
278 |     old_markers={r['physics_step']:r['decode_status'] for r in map(json.loads,(DEVELOPMENT/'astra-repair-execution/R01/offline/offlin…
279 |     registration=PoseMarkerRegistration(**header['marker_registration']); statuses={}; reasons=Counter(); ids=set(); camera_context=N…
    |                                                                                                                    ^
280 |     with markers.open('x') as stream:
281 |         for step in selected:
    |

E702 Multiple statements on one line (semicolon)
   --> artifacts/research/process/20261004-ced-development/astra-repair-execution/R01/marker-v4-preparation/fix-round-1/offline/verify_sparse.py:279:137
    |
277 | …ical[s] for s in range(terminal['final_step']+1)]),actuator_states=compare_recorded([r['source'] for r in old_records if r['event']=…
278 | ….loads,(DEVELOPMENT/'astra-repair-execution/R01/offline/offline-markers.jsonl').read_text().splitlines())}
279 | …); statuses={}; reasons=Counter(); ids=set(); camera_context=None; valid=0; compressed_bytes=original_bytes=0; decoder_calls=0
    |                                                                   ^
280 | …
281 | …
    |

E702 Multiple statements on one line (semicolon)
   --> artifacts/research/process/20261004-ced-development/astra-repair-execution/R01/marker-v4-preparation/fix-round-1/offline/verify_sparse.py:279:146
    |
277 | …or s in range(terminal['final_step']+1)]),actuator_states=compare_recorded([r['source'] for r in old_records if r['event']=='ACTUATO…
278 | …EVELOPMENT/'astra-repair-execution/R01/offline/offline-markers.jsonl').read_text().splitlines())}
279 | …es={}; reasons=Counter(); ids=set(); camera_context=None; valid=0; compressed_bytes=original_bytes=0; decoder_calls=0
    |                                                                   ^
280 | …
281 | …
    |

E702 Multiple statements on one line (semicolon)
   --> artifacts/research/process/20261004-ced-development/astra-repair-execution/R01/marker-v4-preparation/fix-round-1/offline/verify_sparse.py:279:181
    |
277 | …]+1)]),actuator_states=compare_recorded([r['source'] for r in old_records if r['event']=='ACTUATOR'],[actuators[s]['source'] for s i…
278 | …R01/offline/offline-markers.jsonl').read_text().splitlines())}
279 | …; camera_context=None; valid=0; compressed_bytes=original_bytes=0; decoder_calls=0
    |                                                                   ^
280 | …
281 | …
    |

E702 Multiple statements on one line (semicolon)
   --> artifacts/research/process/20261004-ced-development/astra-repair-execution/R01/marker-v4-preparation/fix-round-1/offline/verify_sparse.py:284:31
    |
282 | …     measured=dict(physics_step=step,old_decode_status=old_markers[step],decode_status='UNAVAILABLE_INVALID_RAW')
283 | …     try:
284 | …         row=ends[step]; require(row['file']==f'frames/{step:07d}.json.gz','noncanonical raw path')
    |                         ^
285 | …         compressed=(attempt/'whole-step'/row['file']).read_bytes(); raw=gzip.decompress(compressed)
286 | …         require(sha(compressed)==row['compressed_sha256'] and sha(raw)==row['original_sha256'] and len(raw)==row['original_bytes'] …
    |

E501 Line too long (106 > 100)
   --> artifacts/research/process/20261004-ced-development/astra-repair-execution/R01/marker-v4-preparation/fix-round-1/offline/verify_sparse.py:284:101
    |
282 | …     measured=dict(physics_step=step,old_decode_status=old_markers[step],decode_status='UNAVAILABLE_INVALID_RAW')
283 | …     try:
284 | …         row=ends[step]; require(row['file']==f'frames/{step:07d}.json.gz','noncanonical raw path')
    |                                                                                               ^^^^^^
285 | …         compressed=(attempt/'whole-step'/row['file']).read_bytes(); raw=gzip.decompress(compressed)
286 | …         require(sha(compressed)==row['compressed_sha256'] and sha(raw)==row['original_sha256'] and len(raw)==row['original_bytes'] …
    |

E702 Multiple statements on one line (semicolon)
   --> artifacts/research/process/20261004-ced-development/astra-repair-execution/R01/marker-v4-preparation/fix-round-1/offline/verify_sparse.py:285:75
    |
283 | …     try:
284 | …         row=ends[step]; require(row['file']==f'frames/{step:07d}.json.gz','noncanonical raw path')
285 | …         compressed=(attempt/'whole-step'/row['file']).read_bytes(); raw=gzip.decompress(compressed)
    |                                                                     ^
286 | …         require(sha(compressed)==row['compressed_sha256'] and sha(raw)==row['original_sha256'] and len(raw)==row['original_bytes'] …
287 | …         observation=RGBDObservation.model_validate_json(raw)
    |

E501 Line too long (107 > 100)
   --> artifacts/research/process/20261004-ced-development/astra-repair-execution/R01/marker-v4-preparation/fix-round-1/offline/verify_sparse.py:285:101
    |
283 | …     try:
284 | …         row=ends[step]; require(row['file']==f'frames/{step:07d}.json.gz','noncanonical raw path')
285 | …         compressed=(attempt/'whole-step'/row['file']).read_bytes(); raw=gzip.decompress(compressed)
    |                                                                                               ^^^^^^^
286 | …         require(sha(compressed)==row['compressed_sha256'] and sha(raw)==row['original_sha256'] and len(raw)==row['original_bytes'] …
287 | …         observation=RGBDObservation.model_validate_json(raw)
    |

E501 Line too long (220 > 100)
   --> artifacts/research/process/20261004-ced-development/astra-repair-execution/R01/marker-v4-preparation/fix-round-1/offline/verify_sparse.py:286:101
    |
284 | …l raw path')
285 | …s(compressed)
286 | …sha256'] and len(raw)==row['original_bytes'] and len(compressed)==row['compressed_bytes'], 'original raw bytes/hash mismatch')
    |        ^^^^^^^^^^^^^^^^^^^^^^^^^^^^^^^^^^^^^^^^^^^^^^^^^^^^^^^^^^^^^^^^^^^^^^^^^^^^^^^^^^^^^^^^^^^^^^^^^^^^^^^^^^^^^^^^^^^^^^^^
287 | …
288 | …e_s==row['sim_time_s'] and observation.observation_id==row['observation_id'] and observation.checksum_sha256==row['checksum'] and ob…
    |

E501 Line too long (313 > 100)
   --> artifacts/research/process/20261004-ced-development/astra-repair-execution/R01/marker-v4-preparation/fix-round-1/offline/verify_sparse.py:288:101
    |
286 | …ha256'] and len(raw)==row['original_bytes'] and len(compressed)==row['compressed_bytes'], 'original raw bytes/hash mismatch')
287 | …
288 | …_s==row['sim_time_s'] and observation.observation_id==row['observation_id'] and observation.checksum_sha256==row['checksum'] and observation.observation_id not in ids, 'original observation identity/checksum mismatch')
    |       ^^^^^^^^^^^^^^^^^^^^^^^^^^^^^^^^^^^^^^^^^^^^^^^^^^^^^^^^^^^^^^^^^^^^^^^^^^^^^^^^^^^^^^^^^^^^^^^^^^^^^^^^^^^^^^^^^^^^^^^^^^^^^^^^^^^^^^^^^^^^^^^^^^^^^^^^^^^^^^^^^^^^^^^^^^^^^^^^^^^^^^^^^^^^^^^^^^^^^^^^^^^^^^^^^^^^^
289 | …nsions differ')
290 | …n.camera_to_world,observation.calibration_version,observation.scene_id,observation.source)
    |

E501 Line too long (110 > 100)
   --> artifacts/research/process/20261004-ced-development/astra-repair-execution/R01/marker-v4-preparation/fix-round-1/offline/verify_sparse.py:289:101
    |
287 | …     observation=RGBDObservation.model_validate_json(raw)
288 | …     require(observation.episode_id==terminal['episode_id'] and observation.sim_time_s==row['sim_time_s'] and observation.observatio…
289 | …     require((observation.width,observation.height)==(640,480),'original camera dimensions differ')
    |                                                                                           ^^^^^^^^^^
290 | …     context=(observation.width,observation.height,observation.intrinsics,observation.camera_to_world,observation.calibration_versio…
291 | …     require(camera_context is None or camera_context==context,'original camera context changed'); camera_context=context; ids.add(o…
    |

E501 Line too long (169 > 100)
   --> artifacts/research/process/20261004-ced-development/astra-repair-execution/R01/marker-v4-preparation/fix-round-1/offline/verify_sparse.py:291:101
    |
289 | …480),'original camera dimensions differ')
290 | …tion.intrinsics,observation.camera_to_world,observation.calibration_version,observation.scene_id,observation.source)
291 | …text,'original camera context changed'); camera_context=context; ids.add(observation.observation_id)
    |                                 ^^^^^^^^^^^^^^^^^^^^^^^^^^^^^^^^^^^^^^^^^^^^^^^^^^^^^^^^^^^^^^^^^^^^^
292 | …before_state']['physics_state_sha256'] for r in records if r['event']=='ACQUISITION_END' and r['physics_step']==step)]*2,'original c…
293 | …_time_s=observation.sim_time_s,observation_id=observation.observation_id,checksum=observation.checksum_sha256,compressed_sha256=sha(…
    |

E702 Multiple statements on one line (semicolon)
   --> artifacts/research/process/20261004-ced-development/astra-repair-execution/R01/marker-v4-preparation/fix-round-1/offline/verify_sparse.py:291:109
    |
289 | …     require((observation.width,observation.height)==(640,480),'original camera dimensions differ')
290 | …     context=(observation.width,observation.height,observation.intrinsics,observation.camera_to_world,observation.calibration_versio…
291 | …     require(camera_context is None or camera_context==context,'original camera context changed'); camera_context=context; ids.add(o…
    |                                                                                                   ^
292 | …     require(row['pass_state_hashes']==[next(r['camera']['before_state']['physics_state_sha256'] for r in records if r['event']=='AC…
293 | …     measured.update(episode_id=observation.episode_id,sim_time_s=observation.sim_time_s,observation_id=observation.observation_id,c…
    |

E702 Multiple statements on one line (semicolon)
   --> artifacts/research/process/20261004-ced-development/astra-repair-execution/R01/marker-v4-preparation/fix-round-1/offline/verify_sparse.py:291:133
    |
289 | …     require((observation.width,observation.height)==(640,480),'original camera dimensions differ')
290 | …     context=(observation.width,observation.height,observation.intrinsics,observation.camera_to_world,observation.calibration_versio…
291 | …     require(camera_context is None or camera_context==context,'original camera context changed'); camera_context=context; ids.add(o…
    |                                                                                                                           ^
292 | …     require(row['pass_state_hashes']==[next(r['camera']['before_state']['physics_state_sha256'] for r in records if r['event']=='AC…
293 | …     measured.update(episode_id=observation.episode_id,sim_time_s=observation.sim_time_s,observation_id=observation.observation_id,c…
    |

E501 Line too long (222 > 100)
   --> artifacts/research/process/20261004-ced-development/astra-repair-execution/R01/marker-v4-preparation/fix-round-1/offline/verify_sparse.py:292:101
    |
290 | …n.camera_to_world,observation.calibration_version,observation.scene_id,observation.source)
291 | …ext changed'); camera_context=context; ids.add(observation.observation_id)
292 | …ate_sha256'] for r in records if r['event']=='ACQUISITION_END' and r['physics_step']==step)]*2,'original camera passes differ')
    |       ^^^^^^^^^^^^^^^^^^^^^^^^^^^^^^^^^^^^^^^^^^^^^^^^^^^^^^^^^^^^^^^^^^^^^^^^^^^^^^^^^^^^^^^^^^^^^^^^^^^^^^^^^^^^^^^^^^^^^^^^^^
293 | …me_s,observation_id=observation.observation_id,checksum=observation.checksum_sha256,compressed_sha256=sha(compressed),original_sha25…
294 | …['decode_status']='DECODE_ERROR'; decoder_calls+=1
    |

E501 Line too long (451 > 100)
   --> artifacts/research/process/20261004-ced-development/astra-repair-execution/R01/marker-v4-preparation/fix-round-1/offline/verify_sparse.py:293:101
    |
291 | …ext changed'); camera_context=context; ids.add(observation.observation_id)
292 | …ate_sha256'] for r in records if r['event']=='ACQUISITION_END' and r['physics_step']==step)]*2,'original camera passes differ')
293 | …me_s,observation_id=observation.observation_id,checksum=observation.checksum_sha256,compressed_sha256=sha(compressed),original_sha256=sha(raw),raw_member_sha256={name:sha(base64.b64decode(getattr(observation,field),validate=True)) for name,field in [('rgb.png','rgb_png_base64'),('depth.f32','depth_float32_base64'),('valid_mask.u8','valid_mask_base64')]})
    |       ^^^^^^^^^^^^^^^^^^^^^^^^^^^^^^^^^^^^^^^^^^^^^^^^^^^^^^^^^^^^^^^^^^^^^^^^^^^^^^^^^^^^^^^^^^^^^^^^^^^^^^^^^^^^^^^^^^^^^^^^^^^^^^^^^^^^^^^^^^^^^^^^^^^^^^^^^^^^^^^^^^^^^^^^^^^^^^^^^^^^^^^^^^^^^^^^^^^^^^^^^^^^^^^^^^^^^^^^^^^^^^^^^^^^^^^^^^^^^^^^^^^^^^^^^^^^^^^^^^^^^^^^^^^^^^^^^^^^^^^^^^^^^^^^^^^^^^^^^^^^^^^^^^^^^^^^^^^^^^^^^^^^^^^^^^^^^^^^^^^^^^^^^^^^^^^
294 | …['decode_status']='DECODE_ERROR'; decoder_calls+=1
295 | …
    |

E702 Multiple statements on one line (semicolon)
   --> artifacts/research/process/20261004-ced-development/astra-repair-execution/R01/marker-v4-preparation/fix-round-1/offline/verify_sparse.py:294:25
    |
292 | …     require(row['pass_state_hashes']==[next(r['camera']['before_state']['physics_state_sha256'] for r in records if r['event']=='AC…
293 | …     measured.update(episode_id=observation.episode_id,sim_time_s=observation.sim_time_s,observation_id=observation.observation_id,c…
294 | …     valid+=1; compressed_bytes+=len(compressed); original_bytes+=len(raw); measured['decode_status']='DECODE_ERROR'; decoder_calls+…
    |               ^
295 | …     estimate=detect_pose_marker(observation,registration)
296 | …     marker=asdict(estimate); marker['captured_at']=estimate.captured_at.isoformat(); measured.update(marker=marker,decode_status=es…
    |

E702 Multiple statements on one line (semicolon)
   --> artifacts/research/process/20261004-ced-development/astra-repair-execution/R01/marker-v4-preparation/fix-round-1/offline/verify_sparse.py:294:60
    |
292 | …     require(row['pass_state_hashes']==[next(r['camera']['before_state']['physics_state_sha256'] for r in records if r['event']=='AC…
293 | …     measured.update(episode_id=observation.episode_id,sim_time_s=observation.sim_time_s,observation_id=observation.observation_id,c…
294 | …     valid+=1; compressed_bytes+=len(compressed); original_bytes+=len(raw); measured['decode_status']='DECODE_ERROR'; decoder_calls+…
    |                                                  ^
295 | …     estimate=detect_pose_marker(observation,registration)
296 | …     marker=asdict(estimate); marker['captured_at']=estimate.captured_at.isoformat(); measured.update(marker=marker,decode_status=es…
    |

E702 Multiple statements on one line (semicolon)
   --> artifacts/research/process/20261004-ced-development/astra-repair-execution/R01/marker-v4-preparation/fix-round-1/offline/verify_sparse.py:294:86
    |
292 | …     require(row['pass_state_hashes']==[next(r['camera']['before_state']['physics_state_sha256'] for r in records if r['event']=='AC…
293 | …     measured.update(episode_id=observation.episode_id,sim_time_s=observation.sim_time_s,observation_id=observation.observation_id,c…
294 | …     valid+=1; compressed_bytes+=len(compressed); original_bytes+=len(raw); measured['decode_status']='DECODE_ERROR'; decoder_calls+…
    |                                                                            ^
295 | …     estimate=detect_pose_marker(observation,registration)
296 | …     marker=asdict(estimate); marker['captured_at']=estimate.captured_at.isoformat(); measured.update(marker=marker,decode_status=es…
    |

E501 Line too long (145 > 100)
   --> artifacts/research/process/20261004-ced-development/astra-repair-execution/R01/marker-v4-preparation/fix-round-1/offline/verify_sparse.py:294:101
    |
292 | …['camera']['before_state']['physics_state_sha256'] for r in records if r['event']=='ACQUISITION_END' and r['physics_step']==step)]*2…
293 | …isode_id,sim_time_s=observation.sim_time_s,observation_id=observation.observation_id,checksum=observation.checksum_sha256,compressed…
294 | …d); original_bytes+=len(raw); measured['decode_status']='DECODE_ERROR'; decoder_calls+=1
    |                                             ^^^^^^^^^^^^^^^^^^^^^^^^^^^^^^^^^^^^^^^^^^^^^
295 | …egistration)
296 | …_at']=estimate.captured_at.isoformat(); measured.update(marker=marker,decode_status=estimate.status); reasons[estimate.reason]+=1
    |

E702 Multiple statements on one line (semicolon)
   --> artifacts/research/process/20261004-ced-development/astra-repair-execution/R01/marker-v4-preparation/fix-round-1/offline/verify_sparse.py:294:128
    |
292 | …     require(row['pass_state_hashes']==[next(r['camera']['before_state']['physics_state_sha256'] for r in records if r['event']=='AC…
293 | …     measured.update(episode_id=observation.episode_id,sim_time_s=observation.sim_time_s,observation_id=observation.observation_id,c…
294 | …     valid+=1; compressed_bytes+=len(compressed); original_bytes+=len(raw); measured['decode_status']='DECODE_ERROR'; decoder_calls+…
    |                                                                                                                      ^
295 | …     estimate=detect_pose_marker(observation,registration)
296 | …     marker=asdict(estimate); marker['captured_at']=estimate.captured_at.isoformat(); measured.update(marker=marker,decode_status=es…
    |

E702 Multiple statements on one line (semicolon)
   --> artifacts/research/process/20261004-ced-development/astra-repair-execution/R01/marker-v4-preparation/fix-round-1/offline/verify_sparse.py:296:40
    |
294 | …         valid+=1; compressed_bytes+=len(compressed); original_bytes+=len(raw); measured['decode_status']='DECODE_ERROR'; decoder_ca…
295 | …         estimate=detect_pose_marker(observation,registration)
296 | …         marker=asdict(estimate); marker['captured_at']=estimate.captured_at.isoformat(); measured.update(marker=marker,decode_statu…
    |                                  ^
297 | …     except Exception as error:
298 | …         measured['failure']=dict(type=type(error).__name__,message=str(error)); reasons[measured['decode_status']]+=1
    |

E702 Multiple statements on one line (semicolon)
   --> artifacts/research/process/20261004-ced-development/astra-repair-execution/R01/marker-v4-preparation/fix-round-1/offline/verify_sparse.py:296:96
    |
294 | …         valid+=1; compressed_bytes+=len(compressed); original_bytes+=len(raw); measured['decode_status']='DECODE_ERROR'; decoder_ca…
295 | …         estimate=detect_pose_marker(observation,registration)
296 | …         marker=asdict(estimate); marker['captured_at']=estimate.captured_at.isoformat(); measured.update(marker=marker,decode_statu…
    |                                                                                          ^
297 | …     except Exception as error:
298 | …         measured['failure']=dict(type=type(error).__name__,message=str(error)); reasons[measured['decode_status']]+=1
    |

E501 Line too long (186 > 100)
   --> artifacts/research/process/20261004-ced-development/astra-repair-execution/R01/marker-v4-preparation/fix-round-1/offline/verify_sparse.py:296:101
    |
294 | …len(raw); measured['decode_status']='DECODE_ERROR'; decoder_calls+=1
295 | …
296 | …red_at.isoformat(); measured.update(marker=marker,decode_status=estimate.status); reasons[estimate.reason]+=1
    |                         ^^^^^^^^^^^^^^^^^^^^^^^^^^^^^^^^^^^^^^^^^^^^^^^^^^^^^^^^^^^^^^^^^^^^^^^^^^^^^^^^^^^^^^
297 | …
298 | …r(error)); reasons[measured['decode_status']]+=1
    |

E702 Multiple statements on one line (semicolon)
   --> artifacts/research/process/20261004-ced-development/astra-repair-execution/R01/marker-v4-preparation/fix-round-1/offline/verify_sparse.py:296:158
    |
294 | …red['decode_status']='DECODE_ERROR'; decoder_calls+=1
295 | …
296 | …t(); measured.update(marker=marker,decode_status=estimate.status); reasons[estimate.reason]+=1
    |                                                                   ^
297 | …
298 | …ons[measured['decode_status']]+=1
    |

E702 Multiple statements on one line (semicolon)
   --> artifacts/research/process/20261004-ced-development/astra-repair-execution/R01/marker-v4-preparation/fix-round-1/offline/verify_sparse.py:298:87
    |
296 |                 marker=asdict(estimate); marker['captured_at']=estimate.captured_at.isoformat(); measured.update(marker=marker,decode…
297 |             except Exception as error:
298 |                 measured['failure']=dict(type=type(error).__name__,message=str(error)); reasons[measured['decode_status']]+=1
    |                                                                                       ^
299 |             statuses[step]=measured['decode_status']; stream.write(json.dumps(measured,allow_nan=False)+'\n'); stream.flush()
300 |     after=inventory(input_paths); require(same(before,after),'immutable input changed during offline analysis'); (HERE/'input-invento…
    |

E501 Line too long (125 > 100)
   --> artifacts/research/process/20261004-ced-development/astra-repair-execution/R01/marker-v4-preparation/fix-round-1/offline/verify_sparse.py:298:101
    |
296 |                 marker=asdict(estimate); marker['captured_at']=estimate.captured_at.isoformat(); measured.update(marker=marker,decode…
297 |             except Exception as error:
298 |                 measured['failure']=dict(type=type(error).__name__,message=str(error)); reasons[measured['decode_status']]+=1
    |                                                                                                     ^^^^^^^^^^^^^^^^^^^^^^^^^
299 |             statuses[step]=measured['decode_status']; stream.write(json.dumps(measured,allow_nan=False)+'\n'); stream.flush()
300 |     after=inventory(input_paths); require(same(before,after),'immutable input changed during offline analysis'); (HERE/'input-invento…
    |

E702 Multiple statements on one line (semicolon)
   --> artifacts/research/process/20261004-ced-development/astra-repair-execution/R01/marker-v4-preparation/fix-round-1/offline/verify_sparse.py:299:53
    |
297 |             except Exception as error:
298 |                 measured['failure']=dict(type=type(error).__name__,message=str(error)); reasons[measured['decode_status']]+=1
299 |             statuses[step]=measured['decode_status']; stream.write(json.dumps(measured,allow_nan=False)+'\n'); stream.flush()
    |                                                     ^
300 |     after=inventory(input_paths); require(same(before,after),'immutable input changed during offline analysis'); (HERE/'input-invento…
301 |     comparison['marker_status']=compare_markers(selected,old_markers,statuses)
    |

E501 Line too long (125 > 100)
   --> artifacts/research/process/20261004-ced-development/astra-repair-execution/R01/marker-v4-preparation/fix-round-1/offline/verify_sparse.py:299:101
    |
297 |             except Exception as error:
298 |                 measured['failure']=dict(type=type(error).__name__,message=str(error)); reasons[measured['decode_status']]+=1
299 |             statuses[step]=measured['decode_status']; stream.write(json.dumps(measured,allow_nan=False)+'\n'); stream.flush()
    |                                                                                                     ^^^^^^^^^^^^^^^^^^^^^^^^^
300 |     after=inventory(input_paths); require(same(before,after),'immutable input changed during offline analysis'); (HERE/'input-invento…
301 |     comparison['marker_status']=compare_markers(selected,old_markers,statuses)
    |

E702 Multiple statements on one line (semicolon)
   --> artifacts/research/process/20261004-ced-development/astra-repair-execution/R01/marker-v4-preparation/fix-round-1/offline/verify_sparse.py:299:110
    |
297 |             except Exception as error:
298 |                 measured['failure']=dict(type=type(error).__name__,message=str(error)); reasons[measured['decode_status']]+=1
299 |             statuses[step]=measured['decode_status']; stream.write(json.dumps(measured,allow_nan=False)+'\n'); stream.flush()
    |                                                                                                              ^
300 |     after=inventory(input_paths); require(same(before,after),'immutable input changed during offline analysis'); (HERE/'input-invento…
301 |     comparison['marker_status']=compare_markers(selected,old_markers,statuses)
    |

E702 Multiple statements on one line (semicolon)
   --> artifacts/research/process/20261004-ced-development/astra-repair-execution/R01/marker-v4-preparation/fix-round-1/offline/verify_sparse.py:300:33
    |
298 |                 measured['failure']=dict(type=type(error).__name__,message=str(error)); reasons[measured['decode_status']]+=1
299 |             statuses[step]=measured['decode_status']; stream.write(json.dumps(measured,allow_nan=False)+'\n'); stream.flush()
300 |     after=inventory(input_paths); require(same(before,after),'immutable input changed during offline analysis'); (HERE/'input-invento…
    |                                 ^
301 |     comparison['marker_status']=compare_markers(selected,old_markers,statuses)
302 |     result=dict(reader_version='research.custom-sparse-marker-v4-offline.v1',integrity_status='VERIFIED_SPARSE_RAW_AND_RECORDED_TRACE…
    |

E501 Line too long (192 > 100)
   --> artifacts/research/process/20261004-ced-development/astra-repair-execution/R01/marker-v4-preparation/fix-round-1/offline/verify_sparse.py:300:101
    |
298 | …rror)); reasons[measured['decode_status']]+=1
299 | …asured,allow_nan=False)+'\n'); stream.flush()
300 | …anged during offline analysis'); (HERE/'input-inventory-after.json').write_text(json.dumps(after,indent=2)+'\n')
    |                      ^^^^^^^^^^^^^^^^^^^^^^^^^^^^^^^^^^^^^^^^^^^^^^^^^^^^^^^^^^^^^^^^^^^^^^^^^^^^^^^^^^^^^^^^^^^^
301 | …
302 | …egrity_status='VERIFIED_SPARSE_RAW_AND_RECORDED_TRACE' if valid==201 else 'INCOMPLETE_INVALID_RAW',scope='EXCLUDED_SAME_COMPONENT_SP…
    |

E702 Multiple statements on one line (semicolon)
   --> artifacts/research/process/20261004-ced-development/astra-repair-execution/R01/marker-v4-preparation/fix-round-1/offline/verify_sparse.py:300:112
    |
298 |                 measured['failure']=dict(type=type(error).__name__,message=str(error)); reasons[measured['decode_status']]+=1
299 |             statuses[step]=measured['decode_status']; stream.write(json.dumps(measured,allow_nan=False)+'\n'); stream.flush()
300 |     after=inventory(input_paths); require(same(before,after),'immutable input changed during offline analysis'); (HERE/'input-invento…
    |                                                                                                                ^
301 |     comparison['marker_status']=compare_markers(selected,old_markers,statuses)
302 |     result=dict(reader_version='research.custom-sparse-marker-v4-offline.v1',integrity_status='VERIFIED_SPARSE_RAW_AND_RECORDED_TRACE…
    |

E501 Line too long (1635 > 100)
   --> artifacts/research/process/20261004-ced-development/astra-repair-execution/R01/marker-v4-preparation/fix-round-1/offline/verify_sparse.py:302:101
    |
300 | …fline analysis'); (HERE/'input-inventory-after.json').write_text(json.dumps(after,indent=2)+'\n')
301 | …
302 | …VERIFIED_SPARSE_RAW_AND_RECORDED_TRACE' if valid==201 else 'INCOMPLETE_INVALID_RAW',scope='EXCLUDED_SAME_COMPONENT_SPARSE_VISIBILITY_DIAGNOSIS',source_authenticity='UNKNOWN',independent_calibration_group=False,formal_accepted=False,native_admission='NOT_PROMOTED',continuous_visibility='NOT_ESTABLISHED',future_stability='UNAVAILABLE',external_utc_uncertainty='UNAVAILABLE',original_max_sample_gap_s=.005,sparse_max_gap_s=series['sparse_max_gap_s'],selected_denominator=201,raw_verified_frames=valid,decoder_calls=decoder_calls,decoder_status_counts=dict(Counter(statuses.values())),decoder_reason_counts=dict(reasons),trace=trace,comparison=comparison,source_count=34,environment_pins=len(header['environment']['files']),execution_header_sha256=HEADER_SHA,detector_source_sha256=sha(Path(__import__('cloud_edge_robot_arm.vision.pose_markers',fromlist=['']).__file__).read_bytes()),reader_source_sha256=sha(Path(__file__).read_bytes()),helper_source_sha256=HELPER_SHA,asset_sha256=ASSET_SHA,marker_registration=header['marker_registration'],registration_digest=registration.digest(),original_json_bytes=original_bytes,compressed_frame_bytes=compressed_bytes,immutable_input_files=len(before),immutable_input_bytes=sum(p['bytes'] for p in before.values()),immutable_inputs_unchanged=True,actual_simulator_calls=0,acquisition_script_wall_s=summary['wall_s'] if 'wall_s' in summary else summary.get('wall_elapsed_s',summary.get('wall_seconds')),camera_counts_scope='RECORDED_COUNTS_ONLY_NO_MEASURED_RENDER_TOTAL',no_old_pose_substitution=True)
    |       ^^^^^^^^^^^^^^^^^^^^^^^^^^^^^^^^^^^^^^^^^^^^^^^^^^^^^^^^^^^^^^^^^^^^^^^^^^^^^^^^^^^^^^^^^^^^^^^^^^^^^^^^^^^^^^^^^^^^^^^^^^^^^^^^^^^^^^^^^^^^^^^^^^^^^^^^^^^^^^^^^^^^^^^^^^^^^^^^^^^^^^^^^^^^^^^^^^^^^^^^^^^^^^^^^^^^^^^^^^^^^^^^^^^^^^^^^^^^^^^^^^^^^^^^^^^^^^^^^^^^^^^^^^^^^^^^^^^^^^^^^^^^^^^^^^^^^^^^^^^^^^^^^^^^^^^^^^^^^^^^^^^^^^^^^^^^^^^^^^^^^^^^^^^^^^^^^^^^^^^^^^^^^^^^^^^^^^^^^^^^^^^^^^^^^^^^^^^^^^^^^^^^^^^^^^^^^^^^^^^^^^^^^^^^^^^^^^^^^^^^^^^^^^^^^^^^^^^^^^^^^^^^^^^^^^^^^^^^^^^^^^^^^^^^^^^^^^^^^^^^^^^^^^^^^^^^^^^^^^^^^^^^^^^^^^^^^^^^^^^^^^^^^^^^^^^^^^^^^^^^^^^^^^^^^^^^^^^^^^^^^^^^^^^^^^^^^^^^^^^^^^^^^^^^^^^^^^^^^^^^^^^^^^^^^^^^^^^^^^^^^^^^^^^^^^^^^^^^^^^^^^^^^^^^^^^^^^^^^^^^^^^^^^^^^^^^^^^^^^^^^^^^^^^^^^^^^^^^^^^^^^^^^^^^^^^^^^^^^^^^^^^^^^^^^^^^^^^^^^^^^^^^^^^^^^^^^^^^^^^^^^^^^^^^^^^^^^^^^^^^^^^^^^^^^^^^^^^^^^^^^^^^^^^^^^^^^^^^^^^^^^^^^^^^^^^^^^^^^^^^^^^^^^^^^^^^^^^^^^^^^^^^^^^^^^^^^^^^^^^^^^^^^^^^^^^^^^^^^^^^^^^^^^^^^^^^^^^^^^^^^^^^^^^^^^^^^^^^^^^^^^^^^^^^^^^^^^^^^^^^^^^^^^^^^^^^^^^^^^^^^^^^^^^^^^^^^^^^^^^^^^^^^^^^^^^^^^^^^^^^^^^^^^^^^^^^^^^^^^^^^^^^^^^^^^^^^^^^^^^^^^^^^^^^^^^^^^^^^^^^^^^^^^^^^^^^^^^^^^^^^^^^^^^^^^^^^^^^^^^^^^^^^^^^^^^^^^^^^^^^^^^^^^^^^^^^^^^^^^^^^^^^^^^^^^^^^^^^^^^^^^^^^^^^^^^^^^^^^^^^^^^^^^^^^^^^^^^^^^^^^^^^^^^^^^^^^^^^^^^^^^^^^^^^^^^^^^^^^^^^^^^^^^^^^^^^^^^^^^^^^^^^^^^^^^^^^^^^^^^^^^^^^^^^^^^^^^^^^^^^^^^^^^^^^^^^^^^^^^^^^^^^^^^^^^^^^^^^^^^^^^^^^^^^^^^^^^^^^^^^^^^^^^^^^^^^^^^^^^^^^^^^^^^^^^^^^^^^^^^^^^^^^^^^^^^^^^^^^^^^^^^^^^^^^^^^^^^^^^^^^^^^^^^^^^^^^^^^^^^^^^^^^^^^^^^^^^^^^^^^^^^^^^^^^^^^^^^
303 | …sult[k] for k in ('integrity_status','selected_denominator','raw_verified_frames','decoder_calls','decoder_status_counts','comparison')},allow_nan=False))
    |

E702 Multiple statements on one line (semicolon)
   --> artifacts/research/process/20261004-ced-development/astra-repair-execution/R01/marker-v4-preparation/fix-round-1/offline/verify_sparse.py:303:72
    |
301 |     comparison['marker_status']=compare_markers(selected,old_markers,statuses)
302 |     result=dict(reader_version='research.custom-sparse-marker-v4-offline.v1',integrity_status='VERIFIED_SPARSE_RAW_AND_RECORDED_TRACE…
303 |     output.write_text(json.dumps(result,indent=2,allow_nan=False)+'\n'); print(json.dumps({k:result[k] for k in ('integrity_status','…
    |                                                                        ^
    |

E501 Line too long (249 > 100)
   --> artifacts/research/process/20261004-ced-development/astra-repair-execution/R01/marker-v4-preparation/fix-round-1/offline/verify_sparse.py:303:101
    |
301 | …
302 | …VERIFIED_SPARSE_RAW_AND_RECORDED_TRACE' if valid==201 else 'INCOMPLETE_INVALID_RAW',scope='EXCLUDED_SAME_COMPONENT_SPARSE_VISIBILITY_DIAGNOSIS',source_authenti…
303 | …sult[k] for k in ('integrity_status','selected_denominator','raw_verified_frames','decoder_calls','decoder_status_counts','comparison')},allow_nan=False))
    |       ^^^^^^^^^^^^^^^^^^^^^^^^^^^^^^^^^^^^^^^^^^^^^^^^^^^^^^^^^^^^^^^^^^^^^^^^^^^^^^^^^^^^^^^^^^^^^^^^^^^^^^^^^^^^^^^^^^^^^^^^^^^^^^^^^^^^^^^^^^^^^^^^^^^^^
    |

Found 200 errors (3 fixed, 197 remaining).
