I001 [*] Import block is un-sorted or un-formatted
  --> src/cloud_edge_robot_arm/repositories/event_autonomy/memory.py:69:5
   |
68 |   if TYPE_CHECKING:
69 | /     from cloud_edge_robot_arm.edge.evidence.models import EvidenceVerdict
70 | |     from cloud_edge_robot_arm.edge.recovery.lifecycle import (
71 | |         RecoveryAuthorizationEvidence,
72 | |         RecoveryAuthorizationResult,
73 | |         RecoveryRecord,
74 | |         RecoveryReservationEvidence,
75 | |         RecoveryTransitionEvidence,
76 | |         VerificationBudgetRecord,
77 | |     )
78 | |     from cloud_edge_robot_arm.edge.recovery.verification_router import VerificationBudgetState
79 | |     from cloud_edge_robot_arm.repositories.event_autonomy.visual_owner import VisualOwnerPublicationRecord
80 | |     from cloud_edge_robot_arm.vision.owner_registration import StepGroundingBinding, VisualOriginalPlan
   | |_______________________________________________________________________________________________________^
   |
help: Organize imports

E501 Line too long (106 > 100)
  --> src/cloud_edge_robot_arm/repositories/event_autonomy/memory.py:79:101
   |
77 |     )
78 |     from cloud_edge_robot_arm.edge.recovery.verification_router import VerificationBudgetState
79 |     from cloud_edge_robot_arm.repositories.event_autonomy.visual_owner import VisualOwnerPublicationRecord
   |                                                                                                     ^^^^^^
80 |     from cloud_edge_robot_arm.vision.owner_registration import StepGroundingBinding, VisualOriginalPlan
   |

E501 Line too long (103 > 100)
  --> src/cloud_edge_robot_arm/repositories/event_autonomy/memory.py:80:101
   |
78 |     from cloud_edge_robot_arm.edge.recovery.verification_router import VerificationBudgetState
79 |     from cloud_edge_robot_arm.repositories.event_autonomy.visual_owner import VisualOwnerPublicationRecord
80 |     from cloud_edge_robot_arm.vision.owner_registration import StepGroundingBinding, VisualOriginalPlan
   |                                                                                                     ^^^
   |

I001 [*] Import block is un-sorted or un-formatted
   --> src/cloud_edge_robot_arm/repositories/event_autonomy/memory.py:125:9
    |
124 |     def _visual_original_locked(self, task_id: str, plan_version: int) -> VisualOriginalPlan | None:
125 |         from cloud_edge_robot_arm.repositories.event_autonomy.visual_owner import original_from_payload
    |         ^^^^^^^^^^^^^^^^^^^^^^^^^^^^^^^^^^^^^^^^^^^^^^^^^^^^^^^^^^^^^^^^^^^^^^^^^^^^^^^^^^^^^^^^^^^^^^^
126 |         stored = self._visual_originals.get((task_id, plan_version))
127 |         if stored is None:
    |
help: Organize imports

E501 Line too long (103 > 100)
   --> src/cloud_edge_robot_arm/repositories/event_autonomy/memory.py:125:101
    |
124 |     def _visual_original_locked(self, task_id: str, plan_version: int) -> VisualOriginalPlan | None:
125 |         from cloud_edge_robot_arm.repositories.event_autonomy.visual_owner import original_from_payload
    |                                                                                                     ^^^
126 |         stored = self._visual_originals.get((task_id, plan_version))
127 |         if stored is None:
    |

E501 Line too long (118 > 100)
   --> src/cloud_edge_robot_arm/repositories/event_autonomy/memory.py:135:101
    |
133 |         return original
134 |
135 |     def _visual_record_locked(self, task_id: str, revision: int | None = None) -> VisualOwnerPublicationRecord | None:
    |                                                                                                     ^^^^^^^^^^^^^^^^^^
136 |         from cloud_edge_robot_arm.repositories.event_autonomy.visual_owner import VisualOwnerPublicationRecord
137 |         if revision is None:
    |

I001 [*] Import block is un-sorted or un-formatted
   --> src/cloud_edge_robot_arm/repositories/event_autonomy/memory.py:136:9
    |
135 |     def _visual_record_locked(self, task_id: str, revision: int | None = None) -> VisualOwnerPublicationRecord | None:
136 |         from cloud_edge_robot_arm.repositories.event_autonomy.visual_owner import VisualOwnerPublicationRecord
    |         ^^^^^^^^^^^^^^^^^^^^^^^^^^^^^^^^^^^^^^^^^^^^^^^^^^^^^^^^^^^^^^^^^^^^^^^^^^^^^^^^^^^^^^^^^^^^^^^^^^^^^^
137 |         if revision is None:
138 |             revisions = [version for task, version in self._visual_publications if task == task_id]
    |
help: Organize imports

E501 Line too long (110 > 100)
   --> src/cloud_edge_robot_arm/repositories/event_autonomy/memory.py:136:101
    |
135 |     def _visual_record_locked(self, task_id: str, revision: int | None = None) -> VisualOwnerPublicationRecord | None:
136 |         from cloud_edge_robot_arm.repositories.event_autonomy.visual_owner import VisualOwnerPublicationRecord
    |                                                                                                     ^^^^^^^^^^
137 |         if revision is None:
138 |             revisions = [version for task, version in self._visual_publications if task == task_id]
    |

E501 Line too long (101 > 100)
   --> src/cloud_edge_robot_arm/repositories/event_autonomy/memory.py:152:101
    |
150 |     def _visual_group_locked(self, task_id: str) -> tuple[Any, Any, Any, Any]:
151 |         ids = self._checkpoints_by_task.get(task_id, [])
152 |         return (self._active_contracts.get(task_id), self._checkpoints.get(ids[-1]) if ids else None,
    |                                                                                                     ^
153 |                 self._verification_budgets.get(task_id), self._budgets.get(task_id))
    |

E501 Line too long (101 > 100)
   --> src/cloud_edge_robot_arm/repositories/event_autonomy/memory.py:163:101
    |
161 |                 and version.model_dump(mode="json") == active.model_dump(mode="json"))
162 |
163 |     def get_visual_original_plan(self, task_id: str, plan_version: int) -> VisualOriginalPlan | None:
    |                                                                                                     ^
164 |         with self._lock:
165 |             return self._visual_original_locked(task_id, plan_version)
    |

I001 [*] Import block is un-sorted or un-formatted
   --> src/cloud_edge_robot_arm/repositories/event_autonomy/memory.py:168:9
    |
167 |     def get_visual_owner_publication(self, task_id: str) -> VisualOwnerPublicationRecord | None:
168 |         from cloud_edge_robot_arm.repositories.event_autonomy.visual_owner import current_publication
    |         ^^^^^^^^^^^^^^^^^^^^^^^^^^^^^^^^^^^^^^^^^^^^^^^^^^^^^^^^^^^^^^^^^^^^^^^^^^^^^^^^^^^^^^^^^^^^^
169 |         with self._lock:
170 |             record = self._visual_record_locked(task_id)
    |
help: Organize imports

E501 Line too long (101 > 100)
   --> src/cloud_edge_robot_arm/repositories/event_autonomy/memory.py:168:101
    |
167 |     def get_visual_owner_publication(self, task_id: str) -> VisualOwnerPublicationRecord | None:
168 |         from cloud_edge_robot_arm.repositories.event_autonomy.visual_owner import current_publication
    |                                                                                                     ^
169 |         with self._lock:
170 |             record = self._visual_record_locked(task_id)
    |

E501 Line too long (124 > 100)
   --> src/cloud_edge_robot_arm/repositories/event_autonomy/memory.py:174:101
    |
172 |                 return None
173 |             original = self._visual_original_locked(task_id, record.checkpoint.plan_version)
174 |             previous = self._visual_record_locked(task_id, record.owner_revision - 1) if record.owner_revision > 1 else None
    |                                                                                                     ^^^^^^^^^^^^^^^^^^^^^^^^
175 |             if (original is None or not self._visual_versions_match(original)
176 |                     or not current_publication(record, original, *self._visual_group_locked(task_id), previous=previous)):
    |

E501 Line too long (122 > 100)
   --> src/cloud_edge_robot_arm/repositories/event_autonomy/memory.py:176:101
    |
174 |             previous = self._visual_record_locked(task_id, record.owner_revision - 1) if record.owner_revision > 1 else None
175 |             if (original is None or not self._visual_versions_match(original)
176 |                     or not current_publication(record, original, *self._visual_group_locked(task_id), previous=previous)):
    |                                                                                                     ^^^^^^^^^^^^^^^^^^^^^^
177 |                 return None
178 |             return record.detached()
    |

I001 [*] Import block is un-sorted or un-formatted
   --> src/cloud_edge_robot_arm/repositories/event_autonomy/memory.py:184:9
    |
182 |           verification_state: VerificationBudgetState, retry_budget: RecoveryBudget,
183 |       ) -> VisualOwnerPublicationRecord:
184 | /         from cloud_edge_robot_arm.repositories.event_autonomy.visual_owner import (
185 | |             canonical, current_publication, initial_inputs, publication, retry_definition,
186 | |             validate_group, verification_definition,
187 | |         )
    | |_________^
188 |           original, checkpoint, pool, retry, key = initial_inputs(original, checkpoint, verification_state, retry_budget)
189 |           task = original.identity.task_id
    |
help: Organize imports

E501 Line too long (119 > 100)
   --> src/cloud_edge_robot_arm/repositories/event_autonomy/memory.py:188:101
    |
186 |             validate_group, verification_definition,
187 |         )
188 |         original, checkpoint, pool, retry, key = initial_inputs(original, checkpoint, verification_state, retry_budget)
    |                                                                                                     ^^^^^^^^^^^^^^^^^^^
189 |         task = original.identity.task_id
190 |         with self._lock:
    |

E501 Line too long (109 > 100)
   --> src/cloud_edge_robot_arm/repositories/event_autonomy/memory.py:193:101
    |
191 |             first = self._visual_record_locked(task, 1)
192 |             if first is not None:
193 |                 self._ensure_same_hash("VisualOwnerInitial", task, first.to_payload()["operation_hash"], key)
    |                                                                                                     ^^^^^^^^^
194 |                 existing = self._visual_record_locked(task)
195 |                 stored_original = self._visual_original_locked(task, original.contract.plan_version)
    |

E501 Line too long (142 > 100)
   --> src/cloud_edge_robot_arm/repositories/event_autonomy/memory.py:196:101
    |
194 | …ask)
195 | …_locked(task, original.contract.plan_version)
196 | …ask, existing.owner_revision - 1) if existing and existing.owner_revision > 1 else None
    |                                               ^^^^^^^^^^^^^^^^^^^^^^^^^^^^^^^^^^^^^^^^^^
197 | … is None or stored_original.digest() != original.digest()
198 | …tch(original)
    |

E501 Line too long (112 > 100)
   --> src/cloud_edge_robot_arm/repositories/event_autonomy/memory.py:197:101
    |
195 | …     stored_original = self._visual_original_locked(task, original.contract.plan_version)
196 | …     previous = self._visual_record_locked(task, existing.owner_revision - 1) if existing and existing.owner_revision > 1 else None
197 | …     if (existing is None or stored_original is None or stored_original.digest() != original.digest()
    |                                                                                           ^^^^^^^^^^^^
198 | …             or not self._visual_versions_match(original)
199 | …             or not current_publication(existing, stored_original, *self._visual_group_locked(task), previous=previous)):
    |

E501 Line too long (132 > 100)
   --> src/cloud_edge_robot_arm/repositories/event_autonomy/memory.py:199:101
    |
197 |                 if (existing is None or stored_original is None or stored_original.digest() != original.digest()
198 |                         or not self._visual_versions_match(original)
199 |                         or not current_publication(existing, stored_original, *self._visual_group_locked(task), previous=previous)):
    |                                                                                                     ^^^^^^^^^^^^^^^^^^^^^^^^^^^^^^^^
200 |                     raise IdempotencyConflictError("visual source currently unavailable; fresh publication required")
201 |                 return existing.detached()
    |

E501 Line too long (117 > 100)
   --> src/cloud_edge_robot_arm/repositories/event_autonomy/memory.py:200:101
    |
198 |                         or not self._visual_versions_match(original)
199 |                         or not current_publication(existing, stored_original, *self._visual_group_locked(task), previous=previous)):
200 |                     raise IdempotencyConflictError("visual source currently unavailable; fresh publication required")
    |                                                                                                     ^^^^^^^^^^^^^^^^^
201 |                 return existing.detached()
202 |             if any(name == task for name, _ in self._visual_originals):
    |

E501 Line too long (106 > 100)
   --> src/cloud_edge_robot_arm/repositories/event_autonomy/memory.py:205:101
    |
203 |                 raise IdempotencyConflictError("original sidecar exists without publication")
204 |             active, prior_checkpoint, prior_pool, prior_retry = self._visual_group_locked(task)
205 |             present = [value is not None for value in (active, prior_checkpoint, prior_pool, prior_retry)]
    |                                                                                                     ^^^^^^
206 |             if any(present):
207 |                 if not all(present):
    |

E501 Line too long (124 > 100)
   --> src/cloud_edge_robot_arm/repositories/event_autonomy/memory.py:211:101
    |
209 |                 try:
210 |                     validate_group(original, active, prior_checkpoint, prior_pool, prior_retry)
211 |                     if (canonical(prior_checkpoint.model_dump(mode="json")) != canonical(checkpoint.model_dump(mode="json"))
    |                                                                                                     ^^^^^^^^^^^^^^^^^^^^^^^^
212 |                             or not self._visual_versions_match(original)
213 |                             or verification_definition(prior_pool) != verification_definition(pool)
    |

E501 Line too long (109 > 100)
   --> src/cloud_edge_robot_arm/repositories/event_autonomy/memory.py:223:101
    |
221 |                     raise IdempotencyConflictError("partial existing contract/version history")
222 |                 if checkpoint.checkpoint_id in self._checkpoints:
223 |                     raise IdempotencyConflictError("initial checkpoint identity already belongs to a source")
    |                                                                                                     ^^^^^^^^^
224 |                 now = _utc_now()
225 |                 active = ActiveTaskContractRecord(
    |

E501 Line too long (105 > 100)
   --> src/cloud_edge_robot_arm/repositories/event_autonomy/memory.py:226:101
    |
224 |                 now = _utc_now()
225 |                 active = ActiveTaskContractRecord(
226 |                     task_id=task, plan_id=original.identity.plan_id, robot_id=original.identity.robot_id,
    |                                                                                                     ^^^^^
227 |                     plan_version=original.contract.plan_version, command_seq=original.contract.command_seq,
228 |                     scene_version=original.contract.scene_version, contract=original.contract,
    |

E501 Line too long (107 > 100)
   --> src/cloud_edge_robot_arm/repositories/event_autonomy/memory.py:227:101
    |
225 |                 active = ActiveTaskContractRecord(
226 |                     task_id=task, plan_id=original.identity.plan_id, robot_id=original.identity.robot_id,
227 |                     plan_version=original.contract.plan_version, command_seq=original.contract.command_seq,
    |                                                                                                     ^^^^^^^
228 |                     scene_version=original.contract.scene_version, contract=original.contract,
229 |                     status="ACTIVE", created_at=now, activated_at=now, contract_hash=_contract_hash(original.contract),
    |

E501 Line too long (119 > 100)
   --> src/cloud_edge_robot_arm/repositories/event_autonomy/memory.py:229:101
    |
227 |                     plan_version=original.contract.plan_version, command_seq=original.contract.command_seq,
228 |                     scene_version=original.contract.scene_version, contract=original.contract,
229 |                     status="ACTIVE", created_at=now, activated_at=now, contract_hash=_contract_hash(original.contract),
    |                                                                                                     ^^^^^^^^^^^^^^^^^^^
230 |                 )
231 |             saved = publication(original, checkpoint, pool, retry, revision=1, generation=0,
    |

E501 Line too long (130 > 100)
   --> src/cloud_edge_robot_arm/repositories/event_autonomy/memory.py:243:101
    |
241 |                 self._verification_budgets[task] = pool
242 |                 self._budgets[task] = retry
243 |             self._visual_originals[(task, original.contract.plan_version)] = (canonical(original.to_payload()), original.digest())
    |                                                                                                     ^^^^^^^^^^^^^^^^^^^^^^^^^^^^^^
244 |             self._visual_publications[(task, 1)] = canonical(saved.to_payload())
245 |             return saved.detached()
    |

I001 [*] Import block is un-sorted or un-formatted
   --> src/cloud_edge_robot_arm/repositories/event_autonomy/memory.py:253:9
    |
251 |           state_generation: int,
252 |       ) -> VisualOwnerPublicationRecord | None:
253 | /         from cloud_edge_robot_arm.repositories.event_autonomy.visual_owner import (
254 | |             canonical, counter, monotonic_pools, operation_hash, publication, record_binding_valid,
255 | |             validate_checkpoint, validate_grounding, validate_group,
256 | |         )
    | |_________^
257 |           counter(expected_owner_revision); counter(state_generation)
258 |           key = operation_hash(task_id=task_id, owner_epoch=owner_epoch, expected_owner_revision=expected_owner_revision,
    |
help: Organize imports

E702 Multiple statements on one line (semicolon)
   --> src/cloud_edge_robot_arm/repositories/event_autonomy/memory.py:257:41
    |
255 |             validate_checkpoint, validate_grounding, validate_group,
256 |         )
257 |         counter(expected_owner_revision); counter(state_generation)
    |                                         ^
258 |         key = operation_hash(task_id=task_id, owner_epoch=owner_epoch, expected_owner_revision=expected_owner_revision,
259 |                              expected_contract_hash=expected_contract_hash, expected_checkpoint_hash=expected_checkpoint_hash,
    |

E501 Line too long (119 > 100)
   --> src/cloud_edge_robot_arm/repositories/event_autonomy/memory.py:258:101
    |
256 |         )
257 |         counter(expected_owner_revision); counter(state_generation)
258 |         key = operation_hash(task_id=task_id, owner_epoch=owner_epoch, expected_owner_revision=expected_owner_revision,
    |                                                                                                     ^^^^^^^^^^^^^^^^^^^
259 |                              expected_contract_hash=expected_contract_hash, expected_checkpoint_hash=expected_checkpoint_hash,
260 |                              checkpoint=checkpoint, grounding=grounding, state_generation=state_generation)
    |

E501 Line too long (126 > 100)
   --> src/cloud_edge_robot_arm/repositories/event_autonomy/memory.py:259:101
    |
257 |         counter(expected_owner_revision); counter(state_generation)
258 |         key = operation_hash(task_id=task_id, owner_epoch=owner_epoch, expected_owner_revision=expected_owner_revision,
259 |                              expected_contract_hash=expected_contract_hash, expected_checkpoint_hash=expected_checkpoint_hash,
    |                                                                                                     ^^^^^^^^^^^^^^^^^^^^^^^^^^
260 |                              checkpoint=checkpoint, grounding=grounding, state_generation=state_generation)
261 |         with self._lock:
    |

E501 Line too long (107 > 100)
   --> src/cloud_edge_robot_arm/repositories/event_autonomy/memory.py:260:101
    |
258 |         key = operation_hash(task_id=task_id, owner_epoch=owner_epoch, expected_owner_revision=expected_owner_revision,
259 |                              expected_contract_hash=expected_contract_hash, expected_checkpoint_hash=expected_checkpoint_hash,
260 |                              checkpoint=checkpoint, grounding=grounding, state_generation=state_generation)
    |                                                                                                     ^^^^^^^
261 |         with self._lock:
262 |             duplicate = self._visual_record_locked(task_id, expected_owner_revision + 1)
    |

E501 Line too long (118 > 100)
   --> src/cloud_edge_robot_arm/repositories/event_autonomy/memory.py:267:101
    |
265 |             previous = self._visual_record_locked(task_id)
266 |             if (previous is None or previous.owner_revision != expected_owner_revision
267 |                     or previous.identity.owner_epoch != owner_epoch or state_generation <= previous.state_generation):
    |                                                                                                     ^^^^^^^^^^^^^^^^^^
268 |                 return None
269 |             original = self._visual_original_locked(task_id, previous.checkpoint.plan_version)
    |

E501 Line too long (124 > 100)
   --> src/cloud_edge_robot_arm/repositories/event_autonomy/memory.py:273:101
    |
271 |             if (original is None or any(value is None for value in (active, current, pool, retry))
272 |                     or not self._visual_versions_match(original)
273 |                     or active.contract_hash != expected_contract_hash or current.checkpoint_hash != expected_checkpoint_hash
    |                                                                                                     ^^^^^^^^^^^^^^^^^^^^^^^^
274 |                     or current.checkpoint_hash != previous.checkpoint.checkpoint_hash):
275 |                 return None
    |

E501 Line too long (132 > 100)
   --> src/cloud_edge_robot_arm/repositories/event_autonomy/memory.py:277:101
    |
275 |                 return None
276 |             try:
277 |                 ancestor = self._visual_record_locked(task_id, previous.owner_revision - 1) if previous.owner_revision > 1 else None
    |                                                                                                     ^^^^^^^^^^^^^^^^^^^^^^^^^^^^^^^^
278 |                 if not record_binding_valid(previous, original, ancestor): return None
279 |                 validate_group(original, active, current, pool, retry)
    |

E701 Multiple statements on one line (colon)
   --> src/cloud_edge_robot_arm/repositories/event_autonomy/memory.py:278:74
    |
276 |             try:
277 |                 ancestor = self._visual_record_locked(task_id, previous.owner_revision - 1) if previous.owner_revision > 1 else None
278 |                 if not record_binding_valid(previous, original, ancestor): return None
    |                                                                          ^
279 |                 validate_group(original, active, current, pool, retry)
280 |                 if not monotonic_pools(previous, pool, retry): return None
    |

E701 Multiple statements on one line (colon)
   --> src/cloud_edge_robot_arm/repositories/event_autonomy/memory.py:280:62
    |
278 |                 if not record_binding_valid(previous, original, ancestor): return None
279 |                 validate_group(original, active, current, pool, retry)
280 |                 if not monotonic_pools(previous, pool, retry): return None
    |                                                              ^
281 |                 next_checkpoint = validate_checkpoint(original, checkpoint, current)
282 |                 bound = validate_grounding(original, previous, next_checkpoint, grounding, state_generation)
    |

E501 Line too long (108 > 100)
   --> src/cloud_edge_robot_arm/repositories/event_autonomy/memory.py:282:101
    |
280 |                 if not monotonic_pools(previous, pool, retry): return None
281 |                 next_checkpoint = validate_checkpoint(original, checkpoint, current)
282 |                 bound = validate_grounding(original, previous, next_checkpoint, grounding, state_generation)
    |                                                                                                     ^^^^^^^^
283 |                 saved = publication(original, next_checkpoint, pool, retry, revision=previous.owner_revision + 1,
284 |                                     generation=state_generation, source_revision=previous.owner_revision,
    |

E501 Line too long (113 > 100)
   --> src/cloud_edge_robot_arm/repositories/event_autonomy/memory.py:283:101
    |
281 |                 next_checkpoint = validate_checkpoint(original, checkpoint, current)
282 |                 bound = validate_grounding(original, previous, next_checkpoint, grounding, state_generation)
283 |                 saved = publication(original, next_checkpoint, pool, retry, revision=previous.owner_revision + 1,
    |                                                                                                     ^^^^^^^^^^^^^
284 |                                     generation=state_generation, source_revision=previous.owner_revision,
285 |                                     operation_hash=key, grounding=bound)
    |

E501 Line too long (105 > 100)
   --> src/cloud_edge_robot_arm/repositories/event_autonomy/memory.py:284:101
    |
282 |                 bound = validate_grounding(original, previous, next_checkpoint, grounding, state_generation)
283 |                 saved = publication(original, next_checkpoint, pool, retry, revision=previous.owner_revision + 1,
284 |                                     generation=state_generation, source_revision=previous.owner_revision,
    |                                                                                                     ^^^^^
285 |                                     operation_hash=key, grounding=bound)
286 |             except (ValueError, TypeError):
    |

E501 Line too long (140 > 100)
   --> src/cloud_edge_robot_arm/repositories/event_autonomy/memory.py:289:101
    |
287 | …
288 | …ckpoint.checkpoint_id)
289 | …lision.model_dump(mode="json")) != canonical(next_checkpoint.model_dump(mode="json")):
    |                                                ^^^^^^^^^^^^^^^^^^^^^^^^^^^^^^^^^^^^^^^^
290 | …
291 | …nt_id] = next_checkpoint
    |

E501 Line too long (102 > 100)
   --> src/cloud_edge_robot_arm/repositories/event_autonomy/memory.py:296:101
    |
294 |             if next_checkpoint.checkpoint_id not in ids:
295 |                 ids.append(next_checkpoint.checkpoint_id)
296 |             self._visual_publications[(task_id, saved.owner_revision)] = canonical(saved.to_payload())
    |                                                                                                     ^^
297 |             return saved.detached()
    |

I001 [*] Import block is un-sorted or un-formatted
  --> src/cloud_edge_robot_arm/repositories/event_autonomy/protocol.py:33:5
   |
32 |   if TYPE_CHECKING:
33 | /     from cloud_edge_robot_arm.edge.evidence.models import EvidenceVerdict
34 | |     from cloud_edge_robot_arm.edge.recovery.lifecycle import (
35 | |         RecoveryAuthorizationEvidence,
36 | |         RecoveryAuthorizationResult,
37 | |         RecoveryRecord,
38 | |         RecoveryReservationEvidence,
39 | |         RecoveryTransitionEvidence,
40 | |         VerificationBudgetRecord,
41 | |     )
42 | |     from cloud_edge_robot_arm.edge.recovery.verification_router import VerificationBudgetState
43 | |     from cloud_edge_robot_arm.repositories.event_autonomy.visual_owner import VisualOwnerPublicationRecord
44 | |     from cloud_edge_robot_arm.vision.owner_registration import StepGroundingBinding, VisualOriginalPlan
   | |_______________________________________________________________________________________________________^
   |
help: Organize imports

E501 Line too long (106 > 100)
  --> src/cloud_edge_robot_arm/repositories/event_autonomy/protocol.py:43:101
   |
41 |     )
42 |     from cloud_edge_robot_arm.edge.recovery.verification_router import VerificationBudgetState
43 |     from cloud_edge_robot_arm.repositories.event_autonomy.visual_owner import VisualOwnerPublicationRecord
   |                                                                                                     ^^^^^^
44 |     from cloud_edge_robot_arm.vision.owner_registration import StepGroundingBinding, VisualOriginalPlan
   |

E501 Line too long (103 > 100)
  --> src/cloud_edge_robot_arm/repositories/event_autonomy/protocol.py:44:101
   |
42 |     from cloud_edge_robot_arm.edge.recovery.verification_router import VerificationBudgetState
43 |     from cloud_edge_robot_arm.repositories.event_autonomy.visual_owner import VisualOwnerPublicationRecord
44 |     from cloud_edge_robot_arm.vision.owner_registration import StepGroundingBinding, VisualOriginalPlan
   |                                                                                                     ^^^
   |

E501 Line too long (101 > 100)
  --> src/cloud_edge_robot_arm/repositories/event_autonomy/protocol.py:70:101
   |
68 |         ...
69 |
70 |     def get_visual_original_plan(self, task_id: str, plan_version: int) -> VisualOriginalPlan | None:
   |                                                                                                     ^
71 |         ...
   |

I001 [*] Import block is un-sorted or un-formatted
  --> src/cloud_edge_robot_arm/repositories/event_autonomy/sqlite.py:71:5
   |
70 |   if TYPE_CHECKING:
71 | /     from cloud_edge_robot_arm.edge.evidence.models import EvidenceVerdict
72 | |     from cloud_edge_robot_arm.edge.recovery.lifecycle import (
73 | |         RecoveryAuthorizationEvidence,
74 | |         RecoveryAuthorizationResult,
75 | |         RecoveryRecord,
76 | |         RecoveryReservationEvidence,
77 | |         RecoveryTransitionEvidence,
78 | |         VerificationBudgetRecord,
79 | |     )
80 | |     from cloud_edge_robot_arm.edge.recovery.verification_router import VerificationBudgetState
81 | |     from cloud_edge_robot_arm.repositories.event_autonomy.visual_owner import VisualOwnerPublicationRecord
82 | |     from cloud_edge_robot_arm.vision.owner_registration import StepGroundingBinding, VisualOriginalPlan
   | |_______________________________________________________________________________________________________^
   |
help: Organize imports

E501 Line too long (106 > 100)
  --> src/cloud_edge_robot_arm/repositories/event_autonomy/sqlite.py:81:101
   |
79 |     )
80 |     from cloud_edge_robot_arm.edge.recovery.verification_router import VerificationBudgetState
81 |     from cloud_edge_robot_arm.repositories.event_autonomy.visual_owner import VisualOwnerPublicationRecord
   |                                                                                                     ^^^^^^
82 |     from cloud_edge_robot_arm.vision.owner_registration import StepGroundingBinding, VisualOriginalPlan
   |

E501 Line too long (103 > 100)
  --> src/cloud_edge_robot_arm/repositories/event_autonomy/sqlite.py:82:101
   |
80 |     from cloud_edge_robot_arm.edge.recovery.verification_router import VerificationBudgetState
81 |     from cloud_edge_robot_arm.repositories.event_autonomy.visual_owner import VisualOwnerPublicationRecord
82 |     from cloud_edge_robot_arm.vision.owner_registration import StepGroundingBinding, VisualOriginalPlan
   |                                                                                                     ^^^
   |

I001 [*] Import block is un-sorted or un-formatted
    --> src/cloud_edge_robot_arm/repositories/event_autonomy/sqlite.py:2039:9
     |
2038 |     def _visual_original_locked(self, task_id: str, plan_version: int) -> VisualOriginalPlan | None:
2039 |         from cloud_edge_robot_arm.repositories.event_autonomy.visual_owner import original_from_payload
     |         ^^^^^^^^^^^^^^^^^^^^^^^^^^^^^^^^^^^^^^^^^^^^^^^^^^^^^^^^^^^^^^^^^^^^^^^^^^^^^^^^^^^^^^^^^^^^^^^
2040 |         row = self._conn.execute("SELECT * FROM visual_original_plans WHERE task_id=? AND plan_version=?", (task_id, plan_version)).…
2041 |         if row is None: return None
     |
help: Organize imports

E501 Line too long (103 > 100)
    --> src/cloud_edge_robot_arm/repositories/event_autonomy/sqlite.py:2039:101
     |
2038 |     def _visual_original_locked(self, task_id: str, plan_version: int) -> VisualOriginalPlan | None:
2039 |         from cloud_edge_robot_arm.repositories.event_autonomy.visual_owner import original_from_payload
     |                                                                                                     ^^^
2040 |         row = self._conn.execute("SELECT * FROM visual_original_plans WHERE task_id=? AND plan_version=?", (task_id, plan_version)).…
2041 |         if row is None: return None
     |

E501 Line too long (142 > 100)
    --> src/cloud_edge_robot_arm/repositories/event_autonomy/sqlite.py:2040:101
     |
2038 | …_version: int) -> VisualOriginalPlan | None:
2039 | …onomy.visual_owner import original_from_payload
2040 | …riginal_plans WHERE task_id=? AND plan_version=?", (task_id, plan_version)).fetchone()
     |                                              ^^^^^^^^^^^^^^^^^^^^^^^^^^^^^^^^^^^^^^^^^^
2041 | …
2042 | …"payload_json"]))
     |

E701 Multiple statements on one line (colon)
    --> src/cloud_edge_robot_arm/repositories/event_autonomy/sqlite.py:2041:23
     |
2039 | …     from cloud_edge_robot_arm.repositories.event_autonomy.visual_owner import original_from_payload
2040 | …     row = self._conn.execute("SELECT * FROM visual_original_plans WHERE task_id=? AND plan_version=?", (task_id, plan_version)).fe…
2041 | …     if row is None: return None
     |                     ^
2042 | …     original = original_from_payload(json.loads(row["payload_json"]))
2043 | …     if (original.digest() != row["original_hash"] or original.identity.task_id != task_id
     |

E501 Line too long (118 > 100)
    --> src/cloud_edge_robot_arm/repositories/event_autonomy/sqlite.py:2048:101
     |
2046 |         return original
2047 |
2048 |     def _visual_record_locked(self, task_id: str, revision: int | None = None) -> VisualOwnerPublicationRecord | None:
     |                                                                                                     ^^^^^^^^^^^^^^^^^^
2049 |         from cloud_edge_robot_arm.repositories.event_autonomy.visual_owner import VisualOwnerPublicationRecord
2050 |         if revision is None:
     |

I001 [*] Import block is un-sorted or un-formatted
    --> src/cloud_edge_robot_arm/repositories/event_autonomy/sqlite.py:2049:9
     |
2048 |     def _visual_record_locked(self, task_id: str, revision: int | None = None) -> VisualOwnerPublicationRecord | None:
2049 |         from cloud_edge_robot_arm.repositories.event_autonomy.visual_owner import VisualOwnerPublicationRecord
     |         ^^^^^^^^^^^^^^^^^^^^^^^^^^^^^^^^^^^^^^^^^^^^^^^^^^^^^^^^^^^^^^^^^^^^^^^^^^^^^^^^^^^^^^^^^^^^^^^^^^^^^^
2050 |         if revision is None:
2051 |             row = self._conn.execute("SELECT * FROM visual_owner_publications WHERE task_id=? ORDER BY owner_revision DESC LIMIT 1",…
     |
help: Organize imports

E501 Line too long (110 > 100)
    --> src/cloud_edge_robot_arm/repositories/event_autonomy/sqlite.py:2049:101
     |
2048 |     def _visual_record_locked(self, task_id: str, revision: int | None = None) -> VisualOwnerPublicationRecord | None:
2049 |         from cloud_edge_robot_arm.repositories.event_autonomy.visual_owner import VisualOwnerPublicationRecord
     |                                                                                                     ^^^^^^^^^^
2050 |         if revision is None:
2051 |             row = self._conn.execute("SELECT * FROM visual_owner_publications WHERE task_id=? ORDER BY owner_revision DESC LIMIT 1",…
     |

E501 Line too long (155 > 100)
    --> src/cloud_edge_robot_arm/repositories/event_autonomy/sqlite.py:2051:101
     |
2049 | …visual_owner import VisualOwnerPublicationRecord
2050 | …
2051 | …er_publications WHERE task_id=? ORDER BY owner_revision DESC LIMIT 1", (task_id,)).fetchone()
     |                                        ^^^^^^^^^^^^^^^^^^^^^^^^^^^^^^^^^^^^^^^^^^^^^^^^^^^^^^^
2052 | …
2053 | …er_publications WHERE task_id=? AND owner_revision=?", (task_id, revision)).fetchone()
     |

E501 Line too long (148 > 100)
    --> src/cloud_edge_robot_arm/repositories/event_autonomy/sqlite.py:2053:101
     |
2051 | …owner_publications WHERE task_id=? ORDER BY owner_revision DESC LIMIT 1", (task_id,)).fetchone()
2052 | …
2053 | …owner_publications WHERE task_id=? AND owner_revision=?", (task_id, revision)).fetchone()
     |                                           ^^^^^^^^^^^^^^^^^^^^^^^^^^^^^^^^^^^^^^^^^^^^^^^^
2054 | …
2055 | …json.loads(row["payload_json"]))
     |

E701 Multiple statements on one line (colon)
    --> src/cloud_edge_robot_arm/repositories/event_autonomy/sqlite.py:2054:23
     |
2052 | …     else:
2053 | …         row = self._conn.execute("SELECT * FROM visual_owner_publications WHERE task_id=? AND owner_revision=?", (task_id, revisio…
2054 | …     if row is None: return None
     |                     ^
2055 | …     result = VisualOwnerPublicationRecord.from_payload(json.loads(row["payload_json"]))
2056 | …     if (result.identity.task_id != task_id or result.owner_revision != row["owner_revision"]
     |

E501 Line too long (122 > 100)
    --> src/cloud_edge_robot_arm/repositories/event_autonomy/sqlite.py:2057:101
     |
2055 |         result = VisualOwnerPublicationRecord.from_payload(json.loads(row["payload_json"]))
2056 |         if (result.identity.task_id != task_id or result.owner_revision != row["owner_revision"]
2057 |                 or result.identity.owner_epoch != row["owner_epoch"] or result.state_generation != row["state_generation"]
     |                                                                                                     ^^^^^^^^^^^^^^^^^^^^^^
2058 |                 or result.digest() != row["publication_hash"]):
2059 |             raise ValueError("stored publication columns/hash differ")
     |

E501 Line too long (110 > 100)
    --> src/cloud_edge_robot_arm/repositories/event_autonomy/sqlite.py:2064:101
     |
2062 |     def _visual_group_locked(self, task_id: str) -> tuple[Any, Any, Any, Any]:
2063 |         active = None
2064 |         row = self._conn.execute("SELECT * FROM active_task_contracts WHERE task_id=?", (task_id,)).fetchone()
     |                                                                                                     ^^^^^^^^^^
2065 |         if row is not None:
2066 |             active = ActiveTaskContractRecord.model_validate_json(row["record_json"])
     |

E501 Line too long (167 > 100)
    --> src/cloud_edge_robot_arm/repositories/event_autonomy/sqlite.py:2067:101
     |
2065 | …
2066 | …w["record_json"])
2067 | …task_id", "plan_id", "robot_id", "plan_version", "command_seq", "scene_version", "contract_hash")):
     |                                  ^^^^^^^^^^^^^^^^^^^^^^^^^^^^^^^^^^^^^^^^^^^^^^^^^^^^^^^^^^^^^^^^^^^
2068 | …
2069 | …
     |

E501 Line too long (135 > 100)
    --> src/cloud_edge_robot_arm/repositories/event_autonomy/sqlite.py:2070:101
     |
2068 | …mns differ")
2069 | …
2070 | …ution_checkpoints WHERE task_id=? ORDER BY id DESC LIMIT 1", (task_id,)).fetchone()
     |                                                  ^^^^^^^^^^^^^^^^^^^^^^^^^^^^^^^^^^^
2071 | …
2072 | …alidate_json(row["payload_json"])
     |

E501 Line too long (192 > 100)
    --> src/cloud_edge_robot_arm/repositories/event_autonomy/sqlite.py:2073:101
     |
2071 | …
2072 | …n"])
2073 | …t_id", "task_id", "plan_id", "robot_id", "plan_version", "command_seq", "execution_state", "checkpoint_hash")):
     |                     ^^^^^^^^^^^^^^^^^^^^^^^^^^^^^^^^^^^^^^^^^^^^^^^^^^^^^^^^^^^^^^^^^^^^^^^^^^^^^^^^^^^^^^^^^^^^
2074 | …
2075 | …t_retry_budget(task_id)
     |

E501 Line too long (104 > 100)
    --> src/cloud_edge_robot_arm/repositories/event_autonomy/sqlite.py:2075:101
     |
2073 |             if any(getattr(checkpoint, name) != row[name] for name in ("checkpoint_id", "task_id", "plan_id", "robot_id", "plan_vers…
2074 |                 raise ValueError("checkpoint source columns differ")
2075 |         return active, checkpoint, self.get_verification_budget(task_id), self.get_retry_budget(task_id)
     |                                                                                                     ^^^^
2076 |
2077 |     def _visual_versions_match(self, original: VisualOriginalPlan) -> bool:
     |

E501 Line too long (143 > 100)
    --> src/cloud_edge_robot_arm/repositories/event_autonomy/sqlite.py:2078:101
     |
2077 | …ginalPlan) -> bool:
2078 | …mmand_seq FROM plan_versions WHERE task_id=?", (original.identity.task_id,)).fetchone()
     |                                              ^^^^^^^^^^^^^^^^^^^^^^^^^^^^^^^^^^^^^^^^^^^
2079 | …FROM active_task_contracts WHERE task_id=?", (original.identity.task_id,)).fetchone()
2080 | …,contract_hash,plan_id,robot_id,command_seq,scene_version FROM task_contract_versions WHERE task_id=? AND plan_version=?", (origina…
     |

E501 Line too long (141 > 100)
    --> src/cloud_edge_robot_arm/repositories/event_autonomy/sqlite.py:2079:101
     |
2077 | …iginalPlan) -> bool:
2078 | …ommand_seq FROM plan_versions WHERE task_id=?", (original.identity.task_id,)).fetchone()
2079 | … FROM active_task_contracts WHERE task_id=?", (original.identity.task_id,)).fetchone()
     |                                               ^^^^^^^^^^^^^^^^^^^^^^^^^^^^^^^^^^^^^^^^^
2080 | …n,contract_hash,plan_id,robot_id,command_seq,scene_version FROM task_contract_versions WHERE task_id=? AND plan_version=?", (origin…
2081 | …None:
     |

E501 Line too long (250 > 100)
    --> src/cloud_edge_robot_arm/repositories/event_autonomy/sqlite.py:2080:101
     |
2078 | …_id=?", (original.identity.task_id,)).fetchone()
2079 | …d=?", (original.identity.task_id,)).fetchone()
2080 | …_seq,scene_version FROM task_contract_versions WHERE task_id=? AND plan_version=?", (original.identity.task_id, original.contract.plan_version)).fetchone()
     |       ^^^^^^^^^^^^^^^^^^^^^^^^^^^^^^^^^^^^^^^^^^^^^^^^^^^^^^^^^^^^^^^^^^^^^^^^^^^^^^^^^^^^^^^^^^^^^^^^^^^^^^^^^^^^^^^^^^^^^^^^^^^^^^^^^^^^^^^^^^^^^^^^^^^^^^
2081 | …
2082 | …
     |

E501 Line too long (111 > 100)
    --> src/cloud_edge_robot_arm/repositories/event_autonomy/sqlite.py:2083:101
     |
2081 |         if row is None or active is None or version is None:
2082 |             return False
2083 |         active_payload, version_payload = json.loads(active["record_json"]), json.loads(version["record_json"])
     |                                                                                                     ^^^^^^^^^^^
2084 |         return ((row["plan_version"], row["command_seq"]) == (original.contract.plan_version, original.contract.command_seq)
2085 |                 and active_payload == version_payload
     |

E501 Line too long (124 > 100)
    --> src/cloud_edge_robot_arm/repositories/event_autonomy/sqlite.py:2084:101
     |
2082 | …         return False
2083 | …     active_payload, version_payload = json.loads(active["record_json"]), json.loads(version["record_json"])
2084 | …     return ((row["plan_version"], row["command_seq"]) == (original.contract.plan_version, original.contract.command_seq)
     |                                                                                                   ^^^^^^^^^^^^^^^^^^^^^^^^
2085 | …             and active_payload == version_payload
2086 | …             and all(version_payload[name] == version[name] for name in ("contract_hash", "plan_id", "robot_id", "command_seq", "sc…
     |

E501 Line too long (149 > 100)
    --> src/cloud_edge_robot_arm/repositories/event_autonomy/sqlite.py:2086:101
     |
2084 | …= (original.contract.plan_version, original.contract.command_seq)
2085 | …
2086 | …me] for name in ("contract_hash", "plan_id", "robot_id", "command_seq", "scene_version")))
     |                                           ^^^^^^^^^^^^^^^^^^^^^^^^^^^^^^^^^^^^^^^^^^^^^^^^^
2087 | …
2088 | …erPublicationRecord) -> None:
     |

E501 Line too long (113 > 100)
    --> src/cloud_edge_robot_arm/repositories/event_autonomy/sqlite.py:2090:101
     |
2088 |     def _visual_store_record_locked(self, record: VisualOwnerPublicationRecord) -> None:
2089 |         self._conn.execute("INSERT INTO visual_owner_publications VALUES (?,?,?,?,?,?)", (
2090 |             record.identity.task_id, record.owner_revision, record.identity.owner_epoch, record.state_generation,
     |                                                                                                     ^^^^^^^^^^^^^
2091 |             self._json(record.to_payload()), record.digest(),
2092 |         ))
     |

E501 Line too long (147 > 100)
    --> src/cloud_edge_robot_arm/repositories/event_autonomy/sqlite.py:2095:101
     |
2094 | …ExecutionCheckpoint) -> None:
2095 | …ROM execution_checkpoints WHERE checkpoint_id=?", (checkpoint.checkpoint_id,)).fetchone()
     |                                            ^^^^^^^^^^^^^^^^^^^^^^^^^^^^^^^^^^^^^^^^^^^^^^^
2096 | …
2097 | …point.checkpoint_id, row["checkpoint_hash"], checkpoint.checkpoint_hash)
     |

E501 Line too long (130 > 100)
    --> src/cloud_edge_robot_arm/repositories/event_autonomy/sqlite.py:2097:101
     |
2095 | …t_hash FROM execution_checkpoints WHERE checkpoint_id=?", (checkpoint.checkpoint_id,)).fetchone()
2096 | …
2097 | …", checkpoint.checkpoint_id, row["checkpoint_hash"], checkpoint.checkpoint_hash)
     |                                                    ^^^^^^^^^^^^^^^^^^^^^^^^^^^^^^
2098 | …
2099 | …n_checkpoints (
     |

E501 Line too long (112 > 100)
    --> src/cloud_edge_robot_arm/repositories/event_autonomy/sqlite.py:2105:101
     |
2103 |             checkpoint.checkpoint_id, checkpoint.task_id, checkpoint.plan_id, checkpoint.robot_id,
2104 |             checkpoint.plan_version, checkpoint.command_seq, checkpoint.execution_state,
2105 |             self._json(checkpoint.completed_step_ids), checkpoint.model_dump_json(), checkpoint.checkpoint_hash,
     |                                                                                                     ^^^^^^^^^^^^
2106 |             checkpoint.created_at.isoformat(), checkpoint.updated_at.isoformat(),
2107 |         ))
     |

E501 Line too long (130 > 100)
    --> src/cloud_edge_robot_arm/repositories/event_autonomy/sqlite.py:2117:101
     |
2115 | …r_step_retry_limit,retry.per_skill_retry_limit,retry.task_total_retry_limit,
2116 | …y_count,self._json(retry.step_retry_counts),self._json(retry.skill_retry_counts),self._json(retry.event_retry_counts),
2117 | …adline.isoformat() if retry.retry_deadline else None,retry.retry_backoff_policy,
     |                                                    ^^^^^^^^^^^^^^^^^^^^^^^^^^^^^^
2118 | …ining_retries,retry.scene_version,retry.created_at.isoformat(),retry.updated_at.isoformat(),
2119 | …
     |

E501 Line too long (101 > 100)
    --> src/cloud_edge_robot_arm/repositories/event_autonomy/sqlite.py:2121:101
     |
2119 |         ))
2120 |
2121 |     def get_visual_original_plan(self, task_id: str, plan_version: int) -> VisualOriginalPlan | None:
     |                                                                                                     ^
2122 |         with self._write_lock, self._conn:
2123 |             self._conn.execute("BEGIN")
     |

I001 [*] Import block is un-sorted or un-formatted
    --> src/cloud_edge_robot_arm/repositories/event_autonomy/sqlite.py:2127:9
     |
2126 |     def get_visual_owner_publication(self, task_id: str) -> VisualOwnerPublicationRecord | None:
2127 |         from cloud_edge_robot_arm.repositories.event_autonomy.visual_owner import current_publication
     |         ^^^^^^^^^^^^^^^^^^^^^^^^^^^^^^^^^^^^^^^^^^^^^^^^^^^^^^^^^^^^^^^^^^^^^^^^^^^^^^^^^^^^^^^^^^^^^
2128 |         with self._write_lock, self._conn:
2129 |             self._conn.execute("BEGIN")
     |
help: Organize imports

E501 Line too long (101 > 100)
    --> src/cloud_edge_robot_arm/repositories/event_autonomy/sqlite.py:2127:101
     |
2126 |     def get_visual_owner_publication(self, task_id: str) -> VisualOwnerPublicationRecord | None:
2127 |         from cloud_edge_robot_arm.repositories.event_autonomy.visual_owner import current_publication
     |                                                                                                     ^
2128 |         with self._write_lock, self._conn:
2129 |             self._conn.execute("BEGIN")
     |

E701 Multiple statements on one line (colon)
    --> src/cloud_edge_robot_arm/repositories/event_autonomy/sqlite.py:2131:30
     |
2129 |             self._conn.execute("BEGIN")
2130 |             record = self._visual_record_locked(task_id)
2131 |             if record is None: return None
     |                              ^
2132 |             original = self._visual_original_locked(task_id, record.checkpoint.plan_version)
2133 |             if original is None or not self._visual_versions_match(original): return None
     |

E701 Multiple statements on one line (colon)
    --> src/cloud_edge_robot_arm/repositories/event_autonomy/sqlite.py:2133:77
     |
2131 |             if record is None: return None
2132 |             original = self._visual_original_locked(task_id, record.checkpoint.plan_version)
2133 |             if original is None or not self._visual_versions_match(original): return None
     |                                                                             ^
2134 |             previous = self._visual_record_locked(task_id, record.owner_revision - 1) if record.owner_revision > 1 else None
2135 |             try: group = self._visual_group_locked(task_id)
     |

E501 Line too long (124 > 100)
    --> src/cloud_edge_robot_arm/repositories/event_autonomy/sqlite.py:2134:101
     |
2132 |             original = self._visual_original_locked(task_id, record.checkpoint.plan_version)
2133 |             if original is None or not self._visual_versions_match(original): return None
2134 |             previous = self._visual_record_locked(task_id, record.owner_revision - 1) if record.owner_revision > 1 else None
     |                                                                                                     ^^^^^^^^^^^^^^^^^^^^^^^^
2135 |             try: group = self._visual_group_locked(task_id)
2136 |             except (ValueError, TypeError): return None
     |

E701 Multiple statements on one line (colon)
    --> src/cloud_edge_robot_arm/repositories/event_autonomy/sqlite.py:2135:16
     |
2133 |             if original is None or not self._visual_versions_match(original): return None
2134 |             previous = self._visual_record_locked(task_id, record.owner_revision - 1) if record.owner_revision > 1 else None
2135 |             try: group = self._visual_group_locked(task_id)
     |                ^
2136 |             except (ValueError, TypeError): return None
2137 |             return record.detached() if current_publication(record, original, *group, previous=previous) else None
     |

E701 Multiple statements on one line (colon)
    --> src/cloud_edge_robot_arm/repositories/event_autonomy/sqlite.py:2136:43
     |
2134 |             previous = self._visual_record_locked(task_id, record.owner_revision - 1) if record.owner_revision > 1 else None
2135 |             try: group = self._visual_group_locked(task_id)
2136 |             except (ValueError, TypeError): return None
     |                                           ^
2137 |             return record.detached() if current_publication(record, original, *group, previous=previous) else None
     |

E501 Line too long (114 > 100)
    --> src/cloud_edge_robot_arm/repositories/event_autonomy/sqlite.py:2137:101
     |
2135 |             try: group = self._visual_group_locked(task_id)
2136 |             except (ValueError, TypeError): return None
2137 |             return record.detached() if current_publication(record, original, *group, previous=previous) else None
     |                                                                                                     ^^^^^^^^^^^^^^
2138 |
2139 |     def initialize_visual_owner_if_absent(
     |

I001 [*] Import block is un-sorted or un-formatted
    --> src/cloud_edge_robot_arm/repositories/event_autonomy/sqlite.py:2143:9
     |
2141 |           verification_state: VerificationBudgetState, retry_budget: RecoveryBudget,
2142 |       ) -> VisualOwnerPublicationRecord:
2143 | /         from cloud_edge_robot_arm.repositories.event_autonomy.visual_owner import (
2144 | |             canonical, current_publication, initial_inputs, publication, retry_definition,
2145 | |             validate_group, verification_definition,
2146 | |         )
     | |_________^
2147 |           original, checkpoint, pool, retry, key = initial_inputs(original, checkpoint, verification_state, retry_budget)
2148 |           task = original.identity.task_id
     |
help: Organize imports

E501 Line too long (119 > 100)
    --> src/cloud_edge_robot_arm/repositories/event_autonomy/sqlite.py:2147:101
     |
2145 |             validate_group, verification_definition,
2146 |         )
2147 |         original, checkpoint, pool, retry, key = initial_inputs(original, checkpoint, verification_state, retry_budget)
     |                                                                                                     ^^^^^^^^^^^^^^^^^^^
2148 |         task = original.identity.task_id
2149 |         with self._write_lock, self._conn:
     |

E501 Line too long (104 > 100)
    --> src/cloud_edge_robot_arm/repositories/event_autonomy/sqlite.py:2153:101
     |
2151 |             first = self._visual_record_locked(task, 1)
2152 |             if first is not None:
2153 |                 _same_or_conflict("VisualOwnerInitial", task, first.to_payload()["operation_hash"], key)
     |                                                                                                     ^^^^
2154 |                 existing = self._visual_record_locked(task)
2155 |                 stored_original = self._visual_original_locked(task, original.contract.plan_version)
     |

E501 Line too long (142 > 100)
    --> src/cloud_edge_robot_arm/repositories/event_autonomy/sqlite.py:2156:101
     |
2154 | …sk)
2155 | …locked(task, original.contract.plan_version)
2156 | …sk, existing.owner_revision - 1) if existing and existing.owner_revision > 1 else None
     |                                              ^^^^^^^^^^^^^^^^^^^^^^^^^^^^^^^^^^^^^^^^^^
2157 | …is None or stored_original.digest() != original.digest()
2158 | …ch(original)
     |

E501 Line too long (112 > 100)
    --> src/cloud_edge_robot_arm/repositories/event_autonomy/sqlite.py:2157:101
     |
2155 | …     stored_original = self._visual_original_locked(task, original.contract.plan_version)
2156 | …     previous = self._visual_record_locked(task, existing.owner_revision - 1) if existing and existing.owner_revision > 1 else None
2157 | …     if (existing is None or stored_original is None or stored_original.digest() != original.digest()
     |                                                                                           ^^^^^^^^^^^^
2158 | …             or not self._visual_versions_match(original)
2159 | …             or not current_publication(existing, stored_original, *self._visual_group_locked(task), previous=previous)):
     |

E501 Line too long (132 > 100)
    --> src/cloud_edge_robot_arm/repositories/event_autonomy/sqlite.py:2159:101
     |
2157 |                 if (existing is None or stored_original is None or stored_original.digest() != original.digest()
2158 |                         or not self._visual_versions_match(original)
2159 |                         or not current_publication(existing, stored_original, *self._visual_group_locked(task), previous=previous)):
     |                                                                                                     ^^^^^^^^^^^^^^^^^^^^^^^^^^^^^^^^
2160 |                     raise IdempotencyConflictError("visual source currently unavailable; fresh publication required")
2161 |                 return existing.detached()
     |

E501 Line too long (117 > 100)
    --> src/cloud_edge_robot_arm/repositories/event_autonomy/sqlite.py:2160:101
     |
2158 |                         or not self._visual_versions_match(original)
2159 |                         or not current_publication(existing, stored_original, *self._visual_group_locked(task), previous=previous)):
2160 |                     raise IdempotencyConflictError("visual source currently unavailable; fresh publication required")
     |                                                                                                     ^^^^^^^^^^^^^^^^^
2161 |                 return existing.detached()
2162 |             if self._conn.execute("SELECT 1 FROM visual_original_plans WHERE task_id=?", (task,)).fetchone():
     |

E501 Line too long (109 > 100)
    --> src/cloud_edge_robot_arm/repositories/event_autonomy/sqlite.py:2162:101
     |
2160 |                     raise IdempotencyConflictError("visual source currently unavailable; fresh publication required")
2161 |                 return existing.detached()
2162 |             if self._conn.execute("SELECT 1 FROM visual_original_plans WHERE task_id=?", (task,)).fetchone():
     |                                                                                                     ^^^^^^^^^
2163 |                 raise IdempotencyConflictError("original sidecar exists without publication")
2164 |             try: active, prior_checkpoint, prior_pool, prior_retry = self._visual_group_locked(task)
     |

E701 Multiple statements on one line (colon)
    --> src/cloud_edge_robot_arm/repositories/event_autonomy/sqlite.py:2164:16
     |
2162 |             if self._conn.execute("SELECT 1 FROM visual_original_plans WHERE task_id=?", (task,)).fetchone():
2163 |                 raise IdempotencyConflictError("original sidecar exists without publication")
2164 |             try: active, prior_checkpoint, prior_pool, prior_retry = self._visual_group_locked(task)
     |                ^
2165 |             except (ValueError, TypeError) as error:
2166 |                 raise IdempotencyConflictError("existing visual source differs") from error
     |

E501 Line too long (104 > 100)
    --> src/cloud_edge_robot_arm/repositories/event_autonomy/sqlite.py:2167:101
     |
2165 |             except (ValueError, TypeError) as error:
2166 |                 raise IdempotencyConflictError("existing visual source differs") from error
2167 |             present = [item is not None for item in (active, prior_checkpoint, prior_pool, prior_retry)]
     |                                                                                                     ^^^^
2168 |             if any(present):
2169 |                 if not all(present): raise IdempotencyConflictError("partial existing visual task group")
     |

E701 Multiple statements on one line (colon)
    --> src/cloud_edge_robot_arm/repositories/event_autonomy/sqlite.py:2169:36
     |
2167 |             present = [item is not None for item in (active, prior_checkpoint, prior_pool, prior_retry)]
2168 |             if any(present):
2169 |                 if not all(present): raise IdempotencyConflictError("partial existing visual task group")
     |                                    ^
2170 |                 try:
2171 |                     validate_group(original, active, prior_checkpoint, prior_pool, prior_retry)
     |

E501 Line too long (105 > 100)
    --> src/cloud_edge_robot_arm/repositories/event_autonomy/sqlite.py:2169:101
     |
2167 |             present = [item is not None for item in (active, prior_checkpoint, prior_pool, prior_retry)]
2168 |             if any(present):
2169 |                 if not all(present): raise IdempotencyConflictError("partial existing visual task group")
     |                                                                                                     ^^^^^
2170 |                 try:
2171 |                     validate_group(original, active, prior_checkpoint, prior_pool, prior_retry)
     |

E501 Line too long (124 > 100)
    --> src/cloud_edge_robot_arm/repositories/event_autonomy/sqlite.py:2172:101
     |
2170 |                 try:
2171 |                     validate_group(original, active, prior_checkpoint, prior_pool, prior_retry)
2172 |                     if (canonical(prior_checkpoint.model_dump(mode="json")) != canonical(checkpoint.model_dump(mode="json"))
     |                                                                                                     ^^^^^^^^^^^^^^^^^^^^^^^^
2173 |                             or not self._visual_versions_match(original)
2174 |                             or verification_definition(prior_pool) != verification_definition(pool)
     |

E501 Line too long (114 > 100)
    --> src/cloud_edge_robot_arm/repositories/event_autonomy/sqlite.py:2181:101
     |
2179 |                 pool, retry = prior_pool.detached(), prior_retry.model_copy(deep=True)
2180 |             else:
2181 |                 if (self._conn.execute("SELECT 1 FROM task_contract_versions WHERE task_id=?", (task,)).fetchone()
     |                                                                                                     ^^^^^^^^^^^^^^
2182 |                         or self._conn.execute("SELECT 1 FROM plan_versions WHERE task_id=?", (task,)).fetchone()):
2183 |                     raise IdempotencyConflictError("partial existing contract/version history")
     |

E501 Line too long (114 > 100)
    --> src/cloud_edge_robot_arm/repositories/event_autonomy/sqlite.py:2182:101
     |
2180 | …     else:
2181 | …         if (self._conn.execute("SELECT 1 FROM task_contract_versions WHERE task_id=?", (task,)).fetchone()
2182 | …                 or self._conn.execute("SELECT 1 FROM plan_versions WHERE task_id=?", (task,)).fetchone()):
     |                                                                                               ^^^^^^^^^^^^^^
2183 | …             raise IdempotencyConflictError("partial existing contract/version history")
2184 | …         if self._conn.execute("SELECT 1 FROM execution_checkpoints WHERE checkpoint_id=?", (checkpoint.checkpoint_id,)).fetchone():
     |

E501 Line too long (139 > 100)
    --> src/cloud_edge_robot_arm/repositories/event_autonomy/sqlite.py:2184:101
     |
2182 | …1 FROM plan_versions WHERE task_id=?", (task,)).fetchone()):
2183 | …rtial existing contract/version history")
2184 | …xecution_checkpoints WHERE checkpoint_id=?", (checkpoint.checkpoint_id,)).fetchone():
     |                                                ^^^^^^^^^^^^^^^^^^^^^^^^^^^^^^^^^^^^^^^
2185 | …itial checkpoint identity already belongs to a source")
2186 | …pool, retry, revision=1, generation=0,
     |

E501 Line too long (109 > 100)
    --> src/cloud_edge_robot_arm/repositories/event_autonomy/sqlite.py:2185:101
     |
2183 | …             raise IdempotencyConflictError("partial existing contract/version history")
2184 | …         if self._conn.execute("SELECT 1 FROM execution_checkpoints WHERE checkpoint_id=?", (checkpoint.checkpoint_id,)).fetchone():
2185 | …             raise IdempotencyConflictError("initial checkpoint identity already belongs to a source")
     |                                                                                               ^^^^^^^^^
2186 | …     saved = publication(original, checkpoint, pool, retry, revision=1, generation=0,
2187 | …                         source_revision=None, operation_hash=key)
     |

E501 Line too long (103 > 100)
    --> src/cloud_edge_robot_arm/repositories/event_autonomy/sqlite.py:2189:101
     |
2187 |                                 source_revision=None, operation_hash=key)
2188 |             if not any(present):
2189 |                 self._save_active_contract_locked(original.contract, plan_id=original.identity.plan_id,
     |                                                                                                     ^^^
2190 |                     robot_id=original.identity.robot_id, status="ACTIVE", based_on_plan_version=None,
2191 |                     correlation_id="", commit=False)
     |

E501 Line too long (101 > 100)
    --> src/cloud_edge_robot_arm/repositories/event_autonomy/sqlite.py:2190:101
     |
2188 |             if not any(present):
2189 |                 self._save_active_contract_locked(original.contract, plan_id=original.identity.plan_id,
2190 |                     robot_id=original.identity.robot_id, status="ACTIVE", based_on_plan_version=None,
     |                                                                                                     ^
2191 |                     correlation_id="", commit=False)
2192 |                 self._visual_store_checkpoint_locked(checkpoint)
     |

I001 [*] Import block is un-sorted or un-formatted
    --> src/cloud_edge_robot_arm/repositories/event_autonomy/sqlite.py:2209:9
     |
2207 |           state_generation: int,
2208 |       ) -> VisualOwnerPublicationRecord | None:
2209 | /         from cloud_edge_robot_arm.repositories.event_autonomy.visual_owner import (
2210 | |             canonical, counter, monotonic_pools, operation_hash, publication, record_binding_valid, validate_checkpoint, validate_gr…
2211 | |         )
     | |_________^
2212 |           counter(expected_owner_revision); counter(state_generation)
2213 |           key = operation_hash(task_id=task_id, owner_epoch=owner_epoch, expected_owner_revision=expected_owner_revision,
     |
help: Organize imports

E501 Line too long (156 > 100)
    --> src/cloud_edge_robot_arm/repositories/event_autonomy/sqlite.py:2210:101
     |
2208 | …
2209 | …isual_owner import (
2210 | …, publication, record_binding_valid, validate_checkpoint, validate_grounding, validate_group,
     |                                       ^^^^^^^^^^^^^^^^^^^^^^^^^^^^^^^^^^^^^^^^^^^^^^^^^^^^^^^^
2211 | …
2212 | …ion)
     |

E702 Multiple statements on one line (semicolon)
    --> src/cloud_edge_robot_arm/repositories/event_autonomy/sqlite.py:2212:41
     |
2210 | …         canonical, counter, monotonic_pools, operation_hash, publication, record_binding_valid, validate_checkpoint, validate_grou…
2211 | …     )
2212 | …     counter(expected_owner_revision); counter(state_generation)
     |                                       ^
2213 | …     key = operation_hash(task_id=task_id, owner_epoch=owner_epoch, expected_owner_revision=expected_owner_revision,
2214 | …         expected_contract_hash=expected_contract_hash, expected_checkpoint_hash=expected_checkpoint_hash,
     |

E501 Line too long (119 > 100)
    --> src/cloud_edge_robot_arm/repositories/event_autonomy/sqlite.py:2213:101
     |
2211 |         )
2212 |         counter(expected_owner_revision); counter(state_generation)
2213 |         key = operation_hash(task_id=task_id, owner_epoch=owner_epoch, expected_owner_revision=expected_owner_revision,
     |                                                                                                     ^^^^^^^^^^^^^^^^^^^
2214 |             expected_contract_hash=expected_contract_hash, expected_checkpoint_hash=expected_checkpoint_hash,
2215 |             checkpoint=checkpoint, grounding=grounding, state_generation=state_generation)
     |

E501 Line too long (109 > 100)
    --> src/cloud_edge_robot_arm/repositories/event_autonomy/sqlite.py:2214:101
     |
2212 |         counter(expected_owner_revision); counter(state_generation)
2213 |         key = operation_hash(task_id=task_id, owner_epoch=owner_epoch, expected_owner_revision=expected_owner_revision,
2214 |             expected_contract_hash=expected_contract_hash, expected_checkpoint_hash=expected_checkpoint_hash,
     |                                                                                                     ^^^^^^^^^
2215 |             checkpoint=checkpoint, grounding=grounding, state_generation=state_generation)
2216 |         with self._write_lock, self._conn:
     |

E701 Multiple statements on one line (colon)
    --> src/cloud_edge_robot_arm/repositories/event_autonomy/sqlite.py:2219:89
     |
2217 |             self._conn.execute("BEGIN IMMEDIATE")
2218 |             duplicate = self._visual_record_locked(task_id, expected_owner_revision + 1)
2219 |             if duplicate is not None and duplicate.to_payload()["operation_hash"] == key: return duplicate.detached()
     |                                                                                         ^
2220 |             previous = self._visual_record_locked(task_id)
2221 |             if (previous is None or previous.owner_revision != expected_owner_revision
     |

E501 Line too long (117 > 100)
    --> src/cloud_edge_robot_arm/repositories/event_autonomy/sqlite.py:2219:101
     |
2217 |             self._conn.execute("BEGIN IMMEDIATE")
2218 |             duplicate = self._visual_record_locked(task_id, expected_owner_revision + 1)
2219 |             if duplicate is not None and duplicate.to_payload()["operation_hash"] == key: return duplicate.detached()
     |                                                                                                     ^^^^^^^^^^^^^^^^^
2220 |             previous = self._visual_record_locked(task_id)
2221 |             if (previous is None or previous.owner_revision != expected_owner_revision
     |

E501 Line too long (130 > 100)
    --> src/cloud_edge_robot_arm/repositories/event_autonomy/sqlite.py:2222:101
     |
2220 |             previous = self._visual_record_locked(task_id)
2221 |             if (previous is None or previous.owner_revision != expected_owner_revision
2222 |                     or previous.identity.owner_epoch != owner_epoch or state_generation <= previous.state_generation): return None
     |                                                                                                     ^^^^^^^^^^^^^^^^^^^^^^^^^^^^^^
2223 |             original = self._visual_original_locked(task_id, previous.checkpoint.plan_version)
2224 |             try: active, current, pool, retry = self._visual_group_locked(task_id)
     |

E701 Multiple statements on one line (colon)
    --> src/cloud_edge_robot_arm/repositories/event_autonomy/sqlite.py:2222:118
     |
2220 |             previous = self._visual_record_locked(task_id)
2221 |             if (previous is None or previous.owner_revision != expected_owner_revision
2222 |                     or previous.identity.owner_epoch != owner_epoch or state_generation <= previous.state_generation): return None
     |                                                                                                                      ^
2223 |             original = self._visual_original_locked(task_id, previous.checkpoint.plan_version)
2224 |             try: active, current, pool, retry = self._visual_group_locked(task_id)
     |

E701 Multiple statements on one line (colon)
    --> src/cloud_edge_robot_arm/repositories/event_autonomy/sqlite.py:2224:16
     |
2222 |                     or previous.identity.owner_epoch != owner_epoch or state_generation <= previous.state_generation): return None
2223 |             original = self._visual_original_locked(task_id, previous.checkpoint.plan_version)
2224 |             try: active, current, pool, retry = self._visual_group_locked(task_id)
     |                ^
2225 |             except (ValueError, TypeError): return None
2226 |             if (original is None or any(item is None for item in (active,current,pool,retry))
     |

E701 Multiple statements on one line (colon)
    --> src/cloud_edge_robot_arm/repositories/event_autonomy/sqlite.py:2225:43
     |
2223 |             original = self._visual_original_locked(task_id, previous.checkpoint.plan_version)
2224 |             try: active, current, pool, retry = self._visual_group_locked(task_id)
2225 |             except (ValueError, TypeError): return None
     |                                           ^
2226 |             if (original is None or any(item is None for item in (active,current,pool,retry))
2227 |                     or not self._visual_versions_match(original) or active.contract_hash != expected_contract_hash
     |

E501 Line too long (114 > 100)
    --> src/cloud_edge_robot_arm/repositories/event_autonomy/sqlite.py:2227:101
     |
2225 | …     except (ValueError, TypeError): return None
2226 | …     if (original is None or any(item is None for item in (active,current,pool,retry))
2227 | …             or not self._visual_versions_match(original) or active.contract_hash != expected_contract_hash
     |                                                                                               ^^^^^^^^^^^^^^
2228 | …             or current.checkpoint_hash != expected_checkpoint_hash or current.checkpoint_hash != previous.checkpoint.checkpoint_ha…
2229 | …     try:
     |

E501 Line too long (154 > 100)
    --> src/cloud_edge_robot_arm/repositories/event_autonomy/sqlite.py:2228:101
     |
2226 | …in (active,current,pool,retry))
2227 | …l) or active.contract_hash != expected_contract_hash
2228 | …ckpoint_hash or current.checkpoint_hash != previous.checkpoint.checkpoint_hash): return None
     |                                        ^^^^^^^^^^^^^^^^^^^^^^^^^^^^^^^^^^^^^^^^^^^^^^^^^^^^^^
2229 | …
2230 | … previous.owner_revision - 1) if previous.owner_revision > 1 else None
     |

E701 Multiple statements on one line (colon)
    --> src/cloud_edge_robot_arm/repositories/event_autonomy/sqlite.py:2228:142
     |
2226 | …rent,pool,retry))
2227 | …ontract_hash != expected_contract_hash
2228 | …r current.checkpoint_hash != previous.checkpoint.checkpoint_hash): return None
     |                                                                   ^
2229 | …
2230 | …r_revision - 1) if previous.owner_revision > 1 else None
     |

E501 Line too long (132 > 100)
    --> src/cloud_edge_robot_arm/repositories/event_autonomy/sqlite.py:2230:101
     |
2228 | …             or current.checkpoint_hash != expected_checkpoint_hash or current.checkpoint_hash != previous.checkpoint.checkpoint_ha…
2229 | …     try:
2230 | …         ancestor = self._visual_record_locked(task_id, previous.owner_revision - 1) if previous.owner_revision > 1 else None
     |                                                                                               ^^^^^^^^^^^^^^^^^^^^^^^^^^^^^^^^
2231 | …         if not record_binding_valid(previous, original, ancestor): return None
2232 | …         validate_group(original,active,current,pool,retry)
     |

E701 Multiple statements on one line (colon)
    --> src/cloud_edge_robot_arm/repositories/event_autonomy/sqlite.py:2231:74
     |
2229 |             try:
2230 |                 ancestor = self._visual_record_locked(task_id, previous.owner_revision - 1) if previous.owner_revision > 1 else None
2231 |                 if not record_binding_valid(previous, original, ancestor): return None
     |                                                                          ^
2232 |                 validate_group(original,active,current,pool,retry)
2233 |                 if not monotonic_pools(previous,pool,retry): return None
     |

E701 Multiple statements on one line (colon)
    --> src/cloud_edge_robot_arm/repositories/event_autonomy/sqlite.py:2233:60
     |
2231 |                 if not record_binding_valid(previous, original, ancestor): return None
2232 |                 validate_group(original,active,current,pool,retry)
2233 |                 if not monotonic_pools(previous,pool,retry): return None
     |                                                            ^
2234 |                 next_checkpoint = validate_checkpoint(original,checkpoint,current)
2235 |                 bound = validate_grounding(original,previous,next_checkpoint,grounding,state_generation)
     |

E501 Line too long (104 > 100)
    --> src/cloud_edge_robot_arm/repositories/event_autonomy/sqlite.py:2235:101
     |
2233 |                 if not monotonic_pools(previous,pool,retry): return None
2234 |                 next_checkpoint = validate_checkpoint(original,checkpoint,current)
2235 |                 bound = validate_grounding(original,previous,next_checkpoint,grounding,state_generation)
     |                                                                                                     ^^^^
2236 |                 saved = publication(original,next_checkpoint,pool,retry,revision=previous.owner_revision+1,
2237 |                     generation=state_generation,source_revision=previous.owner_revision,operation_hash=key,grounding=bound)
     |

E501 Line too long (107 > 100)
    --> src/cloud_edge_robot_arm/repositories/event_autonomy/sqlite.py:2236:101
     |
2234 |                 next_checkpoint = validate_checkpoint(original,checkpoint,current)
2235 |                 bound = validate_grounding(original,previous,next_checkpoint,grounding,state_generation)
2236 |                 saved = publication(original,next_checkpoint,pool,retry,revision=previous.owner_revision+1,
     |                                                                                                     ^^^^^^^
2237 |                     generation=state_generation,source_revision=previous.owner_revision,operation_hash=key,grounding=bound)
2238 |             except (ValueError,TypeError): return None
     |

E701 Multiple statements on one line (colon)
    --> src/cloud_edge_robot_arm/repositories/event_autonomy/sqlite.py:2238:42
     |
2236 | …         saved = publication(original,next_checkpoint,pool,retry,revision=previous.owner_revision+1,
2237 | …             generation=state_generation,source_revision=previous.owner_revision,operation_hash=key,grounding=bound)
2238 | …     except (ValueError,TypeError): return None
     |                                    ^
2239 | …     row = self._conn.execute("SELECT payload_json,checkpoint_hash FROM execution_checkpoints WHERE checkpoint_id=?", (next_checkpo…
2240 | …     if row is not None and (row["checkpoint_hash"] != next_checkpoint.checkpoint_hash
     |

E501 Line too long (169 > 100)
    --> src/cloud_edge_robot_arm/repositories/event_autonomy/sqlite.py:2239:101
     |
2237 | …ous.owner_revision,operation_hash=key,grounding=bound)
2238 | …
2239 | …hash FROM execution_checkpoints WHERE checkpoint_id=?", (next_checkpoint.checkpoint_id,)).fetchone()
     |                                 ^^^^^^^^^^^^^^^^^^^^^^^^^^^^^^^^^^^^^^^^^^^^^^^^^^^^^^^^^^^^^^^^^^^^^
2240 | …eckpoint.checkpoint_hash
2241 | …canonical(next_checkpoint.model_dump(mode="json"))): return None
     |

E501 Line too long (133 > 100)
    --> src/cloud_edge_robot_arm/repositories/event_autonomy/sqlite.py:2241:101
     |
2239 | …     row = self._conn.execute("SELECT payload_json,checkpoint_hash FROM execution_checkpoints WHERE checkpoint_id=?", (next_checkpo…
2240 | …     if row is not None and (row["checkpoint_hash"] != next_checkpoint.checkpoint_hash
2241 | …             or canonical(json.loads(row["payload_json"])) != canonical(next_checkpoint.model_dump(mode="json"))): return None
     |                                                                                               ^^^^^^^^^^^^^^^^^^^^^^^^^^^^^^^^^
2242 | …     self._visual_store_checkpoint_locked(next_checkpoint)
2243 | …     self._visual_store_record_locked(saved)
     |

E701 Multiple statements on one line (colon)
    --> src/cloud_edge_robot_arm/repositories/event_autonomy/sqlite.py:2241:121
     |
2239 | …     row = self._conn.execute("SELECT payload_json,checkpoint_hash FROM execution_checkpoints WHERE checkpoint_id=?", (next_checkpo…
2240 | …     if row is not None and (row["checkpoint_hash"] != next_checkpoint.checkpoint_hash
2241 | …             or canonical(json.loads(row["payload_json"])) != canonical(next_checkpoint.model_dump(mode="json"))): return None
     |                                                                                                                   ^
2242 | …     self._visual_store_checkpoint_locked(next_checkpoint)
2243 | …     self._visual_store_record_locked(saved)
     |

E501 Line too long (148 > 100)
   --> src/cloud_edge_robot_arm/repositories/event_autonomy/visual_owner.py:512:101
    |
510 | …
511 | …
512 | … != 0 or payload["source_owner_revision"] is not None or payload["grounding"] is not None:
    |                                            ^^^^^^^^^^^^^^^^^^^^^^^^^^^^^^^^^^^^^^^^^^^^^^^^
513 | …
514 | …igest(), checkpoint=record.checkpoint,
    |

E501 Line too long (144 > 100)
   --> src/cloud_edge_robot_arm/repositories/event_autonomy/visual_owner.py:515:101
    |
513 | …
514 | ….digest(), checkpoint=record.checkpoint,
515 | …ion(record.verification_budget), retry_definition=retry_definition(record.retry_budget))
    |                                              ^^^^^^^^^^^^^^^^^^^^^^^^^^^^^^^^^^^^^^^^^^^^
516 | …
517 | …!= record.owner_revision - 1
    |

E501 Line too long (109 > 100)
   --> src/cloud_edge_robot_arm/repositories/event_autonomy/visual_owner.py:518:101
    |
516 |     else:
517 |         if (previous is None or previous.owner_revision != record.owner_revision - 1
518 |                 or previous.identity != original.identity or previous.original_plan_hash != original.digest()
    |                                                                                                     ^^^^^^^^^
519 |                 or payload["source_owner_revision"] != previous.owner_revision
520 |                 or record.state_generation <= previous.state_generation):
    |

E501 Line too long (107 > 100)
   --> src/cloud_edge_robot_arm/repositories/event_autonomy/visual_owner.py:523:101
    |
521 |             return False
522 |         validate_checkpoint(original, record.checkpoint, previous.checkpoint)
523 |         ground = grounding_from_payload(payload["grounding"]) if payload["grounding"] is not None else None
    |                                                                                                     ^^^^^^^
524 |         validate_grounding(original, previous, record.checkpoint, ground, record.state_generation)
525 |         expected = operation_hash(task_id=original.identity.task_id,owner_epoch=original.identity.owner_epoch,
    |

E501 Line too long (110 > 100)
   --> src/cloud_edge_robot_arm/repositories/event_autonomy/visual_owner.py:525:101
    |
523 |         ground = grounding_from_payload(payload["grounding"]) if payload["grounding"] is not None else None
524 |         validate_grounding(original, previous, record.checkpoint, ground, record.state_generation)
525 |         expected = operation_hash(task_id=original.identity.task_id,owner_epoch=original.identity.owner_epoch,
    |                                                                                                     ^^^^^^^^^^
526 |             expected_owner_revision=previous.owner_revision, expected_contract_hash=payload["contract_hash"],
527 |             expected_checkpoint_hash=previous.checkpoint.checkpoint_hash, checkpoint=record.checkpoint,
    |

E501 Line too long (109 > 100)
   --> src/cloud_edge_robot_arm/repositories/event_autonomy/visual_owner.py:526:101
    |
524 |         validate_grounding(original, previous, record.checkpoint, ground, record.state_generation)
525 |         expected = operation_hash(task_id=original.identity.task_id,owner_epoch=original.identity.owner_epoch,
526 |             expected_owner_revision=previous.owner_revision, expected_contract_hash=payload["contract_hash"],
    |                                                                                                     ^^^^^^^^^
527 |             expected_checkpoint_hash=previous.checkpoint.checkpoint_hash, checkpoint=record.checkpoint,
528 |             grounding=ground, state_generation=record.state_generation)
    |

E501 Line too long (103 > 100)
   --> src/cloud_edge_robot_arm/repositories/event_autonomy/visual_owner.py:527:101
    |
525 |         expected = operation_hash(task_id=original.identity.task_id,owner_epoch=original.identity.owner_epoch,
526 |             expected_owner_revision=previous.owner_revision, expected_contract_hash=payload["contract_hash"],
527 |             expected_checkpoint_hash=previous.checkpoint.checkpoint_hash, checkpoint=record.checkpoint,
    |                                                                                                     ^^^
528 |             grounding=ground, state_generation=record.state_generation)
529 |     return payload["operation_hash"] == expected
    |

F401 [*] `json` imported but unused
 --> tests/test_visual_owner_repository.py:6:8
  |
5 | import importlib
6 | import json
  |        ^^^^
7 | import sqlite3
8 | from concurrent.futures import ThreadPoolExecutor
  |
help: Remove unused import: `json`

E501 Line too long (103 > 100)
   --> tests/test_visual_owner_repository.py:338:101
    |
336 | def test_global_checkpoint_identity_collision_cannot_overwrite_another_task(prepared):
337 |     repo, original, checkpoint, _, _ = prepared
338 |     foreign = checkpoint.model_copy(update={"task_id": "other-task", "checkpoint_hash": ""}, deep=True)
    |                                                                                                     ^^^
339 |     foreign = foreign.model_copy(update={"checkpoint_hash": checkpoint_digest(foreign)})
340 |     repo.save_execution_checkpoint(foreign)
    |

E501 Line too long (101 > 100)
   --> tests/test_visual_owner_repository.py:349:101
    |
347 | def test_publication_scope_subclass_cannot_create_an_actual_authority_envelope(prepared):
348 |     record = initialize(prepared)
349 |     module = importlib.import_module("cloud_edge_robot_arm.repositories.event_autonomy.visual_owner")
    |                                                                                                     ^
350 |
351 |     class CallerActualScope(module.VisualOwnerPublicationRecord):
    |

E501 Line too long (106 > 100)
   --> tests/test_visual_owner_repository.py:378:101
    |
376 |     repo, original, checkpoint, _, _ = prepared
377 |     initialize(prepared)
378 |     _, used = repo.consume_retry_if_available(original.identity.task_id, "move", "MOVE_ABOVE", 0, "event")
    |                                                                                                     ^^^^^^
379 |     record = publish(prepared, boundary(checkpoint))
380 |     assert record is not None
    |

E501 Line too long (115 > 100)
   --> tests/test_visual_owner_repository.py:384:101
    |
382 |         altered = used.model_copy(update={"task_total_retry_limit": 3}, deep=True)
383 |     elif change == "deadline":
384 |         altered = used.model_copy(update={"retry_deadline": used.retry_deadline + timedelta(seconds=1)}, deep=True)
    |                                                                                                     ^^^^^^^^^^^^^^^
385 |     else:
386 |         altered = used.model_copy(update={"remaining_retries": 2, "retry_count_used": 0, "task_retry_count": 0,
    |

E501 Line too long (111 > 100)
   --> tests/test_visual_owner_repository.py:386:101
    |
384 |         altered = used.model_copy(update={"retry_deadline": used.retry_deadline + timedelta(seconds=1)}, deep=True)
385 |     else:
386 |         altered = used.model_copy(update={"remaining_retries": 2, "retry_count_used": 0, "task_retry_count": 0,
    |                                                                                                     ^^^^^^^^^^^
387 |                                          "step_retry_counts": {}, "skill_retry_counts": {}, "event_retry_counts": {}}, deep=True)
388 |     repo.save_retry_budget(altered)
    |

E501 Line too long (129 > 100)
   --> tests/test_visual_owner_repository.py:387:101
    |
385 |     else:
386 |         altered = used.model_copy(update={"remaining_retries": 2, "retry_count_used": 0, "task_retry_count": 0,
387 |                                          "step_retry_counts": {}, "skill_retry_counts": {}, "event_retry_counts": {}}, deep=True)
    |                                                                                                     ^^^^^^^^^^^^^^^^^^^^^^^^^^^^^
388 |     repo.save_retry_budget(altered)
389 |     assert repo.get_visual_owner_publication(original.identity.task_id) is None
    |

E501 Line too long (105 > 100)
   --> tests/test_visual_owner_repository.py:391:101
    |
389 |     assert repo.get_visual_owner_publication(original.identity.task_id) is None
390 |     assert publish(prepared, boundary(record.checkpoint, suffix="after-drift"),
391 |                    expected_owner_revision=2, expected_checkpoint_hash=record.checkpoint.checkpoint_hash,
    |                                                                                                     ^^^^^
392 |                    state_generation=2) is None
    |

E501 Line too long (167 > 100)
   --> tests/test_visual_owner_repository.py:399:101
    |
397 | …
398 | …
399 | …E INSERT ON visual_owner_publications BEGIN SELECT RAISE(ABORT, 'qualified-storage-failure'); END")
    |                                  ^^^^^^^^^^^^^^^^^^^^^^^^^^^^^^^^^^^^^^^^^^^^^^^^^^^^^^^^^^^^^^^^^^^
400 | …
401 | …age-failure"):
    |

E501 Line too long (120 > 100)
   --> tests/test_visual_owner_repository.py:413:101
    |
411 | def test_complete_legacy_group_adoption_preserves_spent_counts_and_original_deadline(prepared):
412 |     repo, original, checkpoint, state, retry = prepared
413 |     repo.save_active_contract(original.contract, plan_id=original.identity.plan_id, robot_id=original.identity.robot_id)
    |                                                                                                     ^^^^^^^^^^^^^^^^^^^^
414 |     repo.save_execution_checkpoint(checkpoint)
415 |     repo.initialize_retry_budget_if_absent(retry)
    |

E501 Line too long (111 > 100)
   --> tests/test_visual_owner_repository.py:417:101
    |
415 |     repo.initialize_retry_budget_if_absent(retry)
416 |     repo.initialize_verification_budget_if_absent(original.identity.task_id, state)
417 |     _, spent = repo.consume_retry_if_available(original.identity.task_id, "move", "MOVE_ABOVE", 0, "old-event")
    |                                                                                                     ^^^^^^^^^^^
418 |     old_pool = repo.get_verification_budget(original.identity.task_id).to_payload()
419 |     record = initialize(prepared)
    |

E501 Line too long (131 > 100)
   --> tests/test_visual_owner_repository.py:429:101
    |
427 |     repo, original, checkpoint, state, retry = prepared
428 |     before = original.registered_at - timedelta(seconds=80)
429 |     contract = original.contract.model_copy(update={"issued_at": before, "valid_until": before + timedelta(seconds=60)}, deep=True)
    |                                                                                                     ^^^^^^^^^^^^^^^^^^^^^^^^^^^^^^^
430 |     module = importlib.import_module("cloud_edge_robot_arm.vision.owner_registration")
431 |     original = module.freeze_original_visual_plan(**{**original.freeze_inputs(), "contract": contract,
    |

E501 Line too long (102 > 100)
   --> tests/test_visual_owner_repository.py:431:101
    |
429 |     contract = original.contract.model_copy(update={"issued_at": before, "valid_until": before + timedelta(seconds=60)}, deep=True)
430 |     module = importlib.import_module("cloud_edge_robot_arm.vision.owner_registration")
431 |     original = module.freeze_original_visual_plan(**{**original.freeze_inputs(), "contract": contract,
    |                                                                                                     ^^
432 |         "registered_at": before, "task_deadline_at": before + timedelta(seconds=60),
433 |         "verification_deadline_at": before + timedelta(seconds=40)})
    |

E501 Line too long (125 > 100)
   --> tests/test_visual_owner_repository.py:434:101
    |
432 |         "registered_at": before, "task_deadline_at": before + timedelta(seconds=60),
433 |         "verification_deadline_at": before + timedelta(seconds=40)})
434 |     checkpoint = checkpoint.model_copy(update={"created_at": before, "updated_at": before, "checkpoint_hash": ""}, deep=True)
    |                                                                                                     ^^^^^^^^^^^^^^^^^^^^^^^^^
435 |     checkpoint = checkpoint.model_copy(update={"checkpoint_hash": checkpoint_digest(checkpoint)})
436 |     state.deadline_at = original.verification_deadline_at
    |

E501 Line too long (121 > 100)
   --> tests/test_visual_owner_repository.py:450:101
    |
448 |     initialize(prepared)
449 |     with ThreadPoolExecutor(max_workers=2) as workers:
450 |         futures = [workers.submit(publish, prepared, boundary(checkpoint, suffix=name)) for name in ("race-a", "race-b")]
    |                                                                                                     ^^^^^^^^^^^^^^^^^^^^^
451 |         results = [future.result() for future in futures]
452 |     assert sum(record is not None for record in results) == 1
    |

E501 Line too long (127 > 100)
   --> tests/test_visual_owner_repository.py:455:101
    |
453 |     winner = next(record for record in results if record is not None)
454 |     assert repo.get_visual_owner_publication(original.identity.task_id).digest() == winner.digest()
455 |     assert repo.get_latest_execution_checkpoint(original.identity.task_id).checkpoint_hash == winner.checkpoint.checkpoint_hash
    |                                                                                                     ^^^^^^^^^^^^^^^^^^^^^^^^^^^
    |

E501 Line too long (104 > 100)
   --> tests/test_visual_owner_repository.py:472:101
    |
470 |         assert sum(record is not None for record in results) == 1
471 |         winner = next(record for record in results if record is not None)
472 |         assert first.get_visual_owner_publication(original.identity.task_id).digest() == winner.digest()
    |                                                                                                     ^^^^
473 |         assert second.get_latest_execution_checkpoint(original.identity.task_id).checkpoint_hash == winner.checkpoint.checkpoint_hash
474 |         assert first._conn.execute("SELECT COUNT(*) FROM visual_owner_publications").fetchone()[0] == 2
    |

E501 Line too long (133 > 100)
   --> tests/test_visual_owner_repository.py:473:101
    |
471 |         winner = next(record for record in results if record is not None)
472 |         assert first.get_visual_owner_publication(original.identity.task_id).digest() == winner.digest()
473 |         assert second.get_latest_execution_checkpoint(original.identity.task_id).checkpoint_hash == winner.checkpoint.checkpoint_hash
    |                                                                                                     ^^^^^^^^^^^^^^^^^^^^^^^^^^^^^^^^^
474 |         assert first._conn.execute("SELECT COUNT(*) FROM visual_owner_publications").fetchone()[0] == 2
475 |     finally:
    |

E501 Line too long (103 > 100)
   --> tests/test_visual_owner_repository.py:474:101
    |
472 |         assert first.get_visual_owner_publication(original.identity.task_id).digest() == winner.digest()
473 |         assert second.get_latest_execution_checkpoint(original.identity.task_id).checkpoint_hash == winner.checkpoint.checkpoint_hash
474 |         assert first._conn.execute("SELECT COUNT(*) FROM visual_owner_publications").fetchone()[0] == 2
    |                                                                                                     ^^^
475 |     finally:
476 |         second.close()
    |

E501 Line too long (101 > 100)
   --> tests/test_visual_owner_repository.py:483:101
    |
481 |     repo, original, _, _, _ = prepared
482 |     record = initialize(prepared)
483 |     module = importlib.import_module("cloud_edge_robot_arm.repositories.event_autonomy.visual_owner")
    |                                                                                                     ^
484 |     payload = record.to_payload()
485 |     if field == "owner_epoch":
    |

E501 Line too long (235 > 100)
   --> tests/test_visual_owner_repository.py:495:101
    |
493 | …
494 | …
495 | …sh=?, owner_epoch=? WHERE task_id=?", (encoded, payload["publication_hash"], payload["identity"]["owner_epoch"], original.identity.task_id))
    |       ^^^^^^^^^^^^^^^^^^^^^^^^^^^^^^^^^^^^^^^^^^^^^^^^^^^^^^^^^^^^^^^^^^^^^^^^^^^^^^^^^^^^^^^^^^^^^^^^^^^^^^^^^^^^^^^^^^^^^^^^^^^^^^^^^^^^^^^
496 | …
497 | …
    |

E501 Line too long (110 > 100)
   --> tests/test_visual_owner_repository.py:506:101
    |
504 |         repo._contract_versions.pop(original.identity.task_id)
505 |     else:
506 |         repo._conn.execute("DELETE FROM task_contract_versions WHERE task_id=?", (original.identity.task_id,))
    |                                                                                                     ^^^^^^^^^^
507 |         repo._conn.commit()
508 |     assert repo.get_visual_owner_publication(original.identity.task_id) is None
    |

E501 Line too long (119 > 100)
   --> tests/test_visual_owner_repository.py:516:101
    |
514 |     module = importlib.import_module("cloud_edge_robot_arm.vision.owner_registration")
515 |     now = datetime.now(UTC)
516 |     grounded = original.contract.steps[0].model_copy(update={"preconditions": [], "success_conditions": []}, deep=True)
    |                                                                                                     ^^^^^^^^^^^^^^^^^^^
517 |     return module.StepGroundingBinding(
518 |         original.digest(), original.identity, original.requirements["move"], 1, 2,
    |

E501 Line too long (110 > 100)
   --> tests/test_visual_owner_repository.py:521:101
    |
519 |         checkpoint.checkpoint_hash, "software-frame-carrier", "a" * 64, "software-calibration",
520 |         checkpoint.plan_version, checkpoint.command_seq, "a" * 64, "a" * 64, None,
521 |         original.source_hashes, grounded.model_dump_json(), original.requirements["move"].expected_duration_s,
    |                                                                                                     ^^^^^^^^^^
522 |         now, now + timedelta(seconds=3),
523 |     )
    |

E501 Line too long (113 > 100)
   --> tests/test_visual_owner_repository.py:532:101
    |
530 |     changed = boundary(checkpoint).model_copy(update={"safety_state": {
531 |         **checkpoint.safety_state, "grounding_binding_hash": grounding.binding_hash,
532 |         "original_requirements_hash": original.requirements["move"].digest()}, "checkpoint_hash": ""}, deep=True)
    |                                                                                                     ^^^^^^^^^^^^^
533 |     changed = changed.model_copy(update={"checkpoint_hash": checkpoint_digest(changed)})
534 |     return publish(prepared, changed, grounding=grounding, state_generation=2)
    |

E501 Line too long (101 > 100)
   --> tests/test_visual_owner_repository.py:551:101
    |
549 |     record = publish_source_grounding(prepared)
550 |     assert record is not None
551 |     module = importlib.import_module("cloud_edge_robot_arm.repositories.event_autonomy.visual_owner")
    |                                                                                                     ^
552 |     payload = record.to_payload()
553 |     payload["grounding"]["original_requirements"]["allowed_error_m"] = 0.1
    |

E501 Line too long (204 > 100)
   --> tests/test_visual_owner_repository.py:560:101
    |
558 | …
559 | …
560 | …ation_hash=? WHERE task_id=? AND owner_revision=2", (encoded, payload["publication_hash"], original.identity.task_id))
    |                ^^^^^^^^^^^^^^^^^^^^^^^^^^^^^^^^^^^^^^^^^^^^^^^^^^^^^^^^^^^^^^^^^^^^^^^^^^^^^^^^^^^^^^^^^^^^^^^^^^^^^^^^
561 | …
562 | …
    |

Found 162 errors.
[*] 14 fixable with the `--fix` option.
