FFFFFFFFFFFFFFFFFFFFFFFFFFFFFFFFF                                        [100%]
=================================== FAILURES ===================================
_____ test_future_fail_is_planning_only_with_two_images_and_replanner_cost _____

tmp_path = PosixPath('/tmp/pytest-of-ningyd/pytest-912/test_future_fail_is_planning_o0')
monkeypatch = <_pytest.monkeypatch.MonkeyPatch object at 0x7ebe37903740>

    def test_future_fail_is_planning_only_with_two_images_and_replanner_cost(tmp_path, monkeypatch):
>       provider, wire, planner, _, data, _ = setup(tmp_path, monkeypatch)
                                              ^^^^^^^^^^^^^^^^^^^^^^^^^^^^

tests/test_role_conditional_planning.py:119: 
_ _ _ _ _ _ _ _ _ _ _ _ _ _ _ _ _ _ _ _ _ _ _ _ _ _ _ _ _ _ _ _ _ _ _ _ _ _ _ _ 
tests/test_role_conditional_planning.py:110: in setup
    source = module.RoleConditionalPlanningSource(**data, source_scope="SOFTWARE_ONLY")
             ^^^^^^^^^^^^^^^^^^^^^^^^^^^^^^^^^^^^^^^^^^^^^^^^^^^^^^^^^^^^^^^^^^^^^^^^^^
<string>:11: in __init__
    ???
src/cloud_edge_robot_arm/cloud/replanning/role_conditional_planning.py:90: in __post_init__
    object.__setattr__(self, "source_hash", _digest(self.payload()))
                                            ^^^^^^^^^^^^^^^^^^^^^^^
src/cloud_edge_robot_arm/cloud/replanning/role_conditional_planning.py:57: in _digest
    return hashlib.sha256(_canonical(value).encode()).hexdigest()
                          ^^^^^^^^^^^^^^^^^
src/cloud_edge_robot_arm/cloud/replanning/role_conditional_planning.py:53: in _canonical
    return json.dumps(_plain(value), sort_keys=True, separators=(",", ":"), allow_nan=False)
                      ^^^^^^^^^^^^^
src/cloud_edge_robot_arm/vision/owner_registration.py:80: in _plain
    return {k: _plain(v) for k, v in value.items()}
               ^^^^^^^^^
_ _ _ _ _ _ _ _ _ _ _ _ _ _ _ _ _ _ _ _ _ _ _ _ _ _ _ _ _ _ _ _ _ _ _ _ _ _ _ _ 

value = VisualOriginalPlan(identity=VisualOwnerIdentity(job_id='job-1', run_id='run-1', attempt=1, worker_id='worker-1', lease...0, 40, tzinfo=datetime.timezone.utc), registered_at=datetime.datetime(2026, 10, 4, 0, 0, tzinfo=datetime.timezone.utc))

    def _plain(value: Any) -> Any:
        if isinstance(value, Enum):
            return value.value
        if isinstance(value, datetime):
            return _aware(value).isoformat()
        if isinstance(value, Mapping):
            if any(not isinstance(k, str) for k in value):
                raise ValueError("source payload keys must be strings")
            return {k: _plain(v) for k, v in value.items()}
        if isinstance(value, (tuple, list)):
            return [_plain(v) for v in value]
        if type(value) is float and not math.isfinite(value):
            raise ValueError("nonfinite source payload")
        if value is None or type(value) in {str, bool, int, float}:
            return value
>       raise ValueError("source payload must contain bounded JSON data")
E       ValueError: source payload must contain bounded JSON data

src/cloud_edge_robot_arm/vision/owner_registration.py:87: ValueError
____________ test_remote_text_contains_only_minimum_intent_context _____________

tmp_path = PosixPath('/tmp/pytest-of-ningyd/pytest-912/test_remote_text_contains_only0')
monkeypatch = <_pytest.monkeypatch.MonkeyPatch object at 0x7ebe37303320>

    def test_remote_text_contains_only_minimum_intent_context(tmp_path, monkeypatch):
>       provider, wire, _, _, _, _ = setup(tmp_path, monkeypatch)
                                     ^^^^^^^^^^^^^^^^^^^^^^^^^^^^

tests/test_role_conditional_planning.py:138: 
_ _ _ _ _ _ _ _ _ _ _ _ _ _ _ _ _ _ _ _ _ _ _ _ _ _ _ _ _ _ _ _ _ _ _ _ _ _ _ _ 
tests/test_role_conditional_planning.py:110: in setup
    source = module.RoleConditionalPlanningSource(**data, source_scope="SOFTWARE_ONLY")
             ^^^^^^^^^^^^^^^^^^^^^^^^^^^^^^^^^^^^^^^^^^^^^^^^^^^^^^^^^^^^^^^^^^^^^^^^^^
<string>:11: in __init__
    ???
src/cloud_edge_robot_arm/cloud/replanning/role_conditional_planning.py:90: in __post_init__
    object.__setattr__(self, "source_hash", _digest(self.payload()))
                                            ^^^^^^^^^^^^^^^^^^^^^^^
src/cloud_edge_robot_arm/cloud/replanning/role_conditional_planning.py:57: in _digest
    return hashlib.sha256(_canonical(value).encode()).hexdigest()
                          ^^^^^^^^^^^^^^^^^
src/cloud_edge_robot_arm/cloud/replanning/role_conditional_planning.py:53: in _canonical
    return json.dumps(_plain(value), sort_keys=True, separators=(",", ":"), allow_nan=False)
                      ^^^^^^^^^^^^^
src/cloud_edge_robot_arm/vision/owner_registration.py:80: in _plain
    return {k: _plain(v) for k, v in value.items()}
               ^^^^^^^^^
_ _ _ _ _ _ _ _ _ _ _ _ _ _ _ _ _ _ _ _ _ _ _ _ _ _ _ _ _ _ _ _ _ _ _ _ _ _ _ _ 

value = VisualOriginalPlan(identity=VisualOwnerIdentity(job_id='job-1', run_id='run-1', attempt=1, worker_id='worker-1', lease...0, 40, tzinfo=datetime.timezone.utc), registered_at=datetime.datetime(2026, 10, 4, 0, 0, tzinfo=datetime.timezone.utc))

    def _plain(value: Any) -> Any:
        if isinstance(value, Enum):
            return value.value
        if isinstance(value, datetime):
            return _aware(value).isoformat()
        if isinstance(value, Mapping):
            if any(not isinstance(k, str) for k in value):
                raise ValueError("source payload keys must be strings")
            return {k: _plain(v) for k, v in value.items()}
        if isinstance(value, (tuple, list)):
            return [_plain(v) for v in value]
        if type(value) is float and not math.isfinite(value):
            raise ValueError("nonfinite source payload")
        if value is None or type(value) in {str, bool, int, float}:
            return value
>       raise ValueError("source payload must contain bounded JSON data")
E       ValueError: source payload must contain bounded JSON data

src/cloud_edge_robot_arm/vision/owner_registration.py:87: ValueError
_ test_missing_prerequisite_makes_zero_requests_and_zero_reservations[binding] _

tmp_path = PosixPath('/tmp/pytest-of-ningyd/pytest-912/test_missing_prerequisite_make0')
monkeypatch = <_pytest.monkeypatch.MonkeyPatch object at 0x7ebe37395ee0>
missing = 'binding'

    @pytest.mark.parametrize("missing", ["binding", "source", "key", "paid", "ledger", "inventory", "snapshot", "role", "original_bundle"])
    def test_missing_prerequisite_makes_zero_requests_and_zero_reservations(tmp_path, monkeypatch, missing):
>       provider, wire, planner, binding, _, _ = setup(tmp_path, monkeypatch)
                                                 ^^^^^^^^^^^^^^^^^^^^^^^^^^^^

tests/test_role_conditional_planning.py:152: 
_ _ _ _ _ _ _ _ _ _ _ _ _ _ _ _ _ _ _ _ _ _ _ _ _ _ _ _ _ _ _ _ _ _ _ _ _ _ _ _ 
tests/test_role_conditional_planning.py:110: in setup
    source = module.RoleConditionalPlanningSource(**data, source_scope="SOFTWARE_ONLY")
             ^^^^^^^^^^^^^^^^^^^^^^^^^^^^^^^^^^^^^^^^^^^^^^^^^^^^^^^^^^^^^^^^^^^^^^^^^^
<string>:11: in __init__
    ???
src/cloud_edge_robot_arm/cloud/replanning/role_conditional_planning.py:90: in __post_init__
    object.__setattr__(self, "source_hash", _digest(self.payload()))
                                            ^^^^^^^^^^^^^^^^^^^^^^^
src/cloud_edge_robot_arm/cloud/replanning/role_conditional_planning.py:57: in _digest
    return hashlib.sha256(_canonical(value).encode()).hexdigest()
                          ^^^^^^^^^^^^^^^^^
src/cloud_edge_robot_arm/cloud/replanning/role_conditional_planning.py:53: in _canonical
    return json.dumps(_plain(value), sort_keys=True, separators=(",", ":"), allow_nan=False)
                      ^^^^^^^^^^^^^
src/cloud_edge_robot_arm/vision/owner_registration.py:80: in _plain
    return {k: _plain(v) for k, v in value.items()}
               ^^^^^^^^^
_ _ _ _ _ _ _ _ _ _ _ _ _ _ _ _ _ _ _ _ _ _ _ _ _ _ _ _ _ _ _ _ _ _ _ _ _ _ _ _ 

value = VisualOriginalPlan(identity=VisualOwnerIdentity(job_id='job-1', run_id='run-1', attempt=1, worker_id='worker-1', lease...0, 40, tzinfo=datetime.timezone.utc), registered_at=datetime.datetime(2026, 10, 4, 0, 0, tzinfo=datetime.timezone.utc))

    def _plain(value: Any) -> Any:
        if isinstance(value, Enum):
            return value.value
        if isinstance(value, datetime):
            return _aware(value).isoformat()
        if isinstance(value, Mapping):
            if any(not isinstance(k, str) for k in value):
                raise ValueError("source payload keys must be strings")
            return {k: _plain(v) for k, v in value.items()}
        if isinstance(value, (tuple, list)):
            return [_plain(v) for v in value]
        if type(value) is float and not math.isfinite(value):
            raise ValueError("nonfinite source payload")
        if value is None or type(value) in {str, bool, int, float}:
            return value
>       raise ValueError("source payload must contain bounded JSON data")
E       ValueError: source payload must contain bounded JSON data

src/cloud_edge_robot_arm/vision/owner_registration.py:87: ValueError
_ test_missing_prerequisite_makes_zero_requests_and_zero_reservations[source] __

tmp_path = PosixPath('/tmp/pytest-of-ningyd/pytest-912/test_missing_prerequisite_make1')
monkeypatch = <_pytest.monkeypatch.MonkeyPatch object at 0x7ebe37354ad0>
missing = 'source'

    @pytest.mark.parametrize("missing", ["binding", "source", "key", "paid", "ledger", "inventory", "snapshot", "role", "original_bundle"])
    def test_missing_prerequisite_makes_zero_requests_and_zero_reservations(tmp_path, monkeypatch, missing):
>       provider, wire, planner, binding, _, _ = setup(tmp_path, monkeypatch)
                                                 ^^^^^^^^^^^^^^^^^^^^^^^^^^^^

tests/test_role_conditional_planning.py:152: 
_ _ _ _ _ _ _ _ _ _ _ _ _ _ _ _ _ _ _ _ _ _ _ _ _ _ _ _ _ _ _ _ _ _ _ _ _ _ _ _ 
tests/test_role_conditional_planning.py:110: in setup
    source = module.RoleConditionalPlanningSource(**data, source_scope="SOFTWARE_ONLY")
             ^^^^^^^^^^^^^^^^^^^^^^^^^^^^^^^^^^^^^^^^^^^^^^^^^^^^^^^^^^^^^^^^^^^^^^^^^^
<string>:11: in __init__
    ???
src/cloud_edge_robot_arm/cloud/replanning/role_conditional_planning.py:90: in __post_init__
    object.__setattr__(self, "source_hash", _digest(self.payload()))
                                            ^^^^^^^^^^^^^^^^^^^^^^^
src/cloud_edge_robot_arm/cloud/replanning/role_conditional_planning.py:57: in _digest
    return hashlib.sha256(_canonical(value).encode()).hexdigest()
                          ^^^^^^^^^^^^^^^^^
src/cloud_edge_robot_arm/cloud/replanning/role_conditional_planning.py:53: in _canonical
    return json.dumps(_plain(value), sort_keys=True, separators=(",", ":"), allow_nan=False)
                      ^^^^^^^^^^^^^
src/cloud_edge_robot_arm/vision/owner_registration.py:80: in _plain
    return {k: _plain(v) for k, v in value.items()}
               ^^^^^^^^^
_ _ _ _ _ _ _ _ _ _ _ _ _ _ _ _ _ _ _ _ _ _ _ _ _ _ _ _ _ _ _ _ _ _ _ _ _ _ _ _ 

value = VisualOriginalPlan(identity=VisualOwnerIdentity(job_id='job-1', run_id='run-1', attempt=1, worker_id='worker-1', lease...0, 40, tzinfo=datetime.timezone.utc), registered_at=datetime.datetime(2026, 10, 4, 0, 0, tzinfo=datetime.timezone.utc))

    def _plain(value: Any) -> Any:
        if isinstance(value, Enum):
            return value.value
        if isinstance(value, datetime):
            return _aware(value).isoformat()
        if isinstance(value, Mapping):
            if any(not isinstance(k, str) for k in value):
                raise ValueError("source payload keys must be strings")
            return {k: _plain(v) for k, v in value.items()}
        if isinstance(value, (tuple, list)):
            return [_plain(v) for v in value]
        if type(value) is float and not math.isfinite(value):
            raise ValueError("nonfinite source payload")
        if value is None or type(value) in {str, bool, int, float}:
            return value
>       raise ValueError("source payload must contain bounded JSON data")
E       ValueError: source payload must contain bounded JSON data

src/cloud_edge_robot_arm/vision/owner_registration.py:87: ValueError
___ test_missing_prerequisite_makes_zero_requests_and_zero_reservations[key] ___

tmp_path = PosixPath('/tmp/pytest-of-ningyd/pytest-912/test_missing_prerequisite_make2')
monkeypatch = <_pytest.monkeypatch.MonkeyPatch object at 0x7ebe37357e00>
missing = 'key'

    @pytest.mark.parametrize("missing", ["binding", "source", "key", "paid", "ledger", "inventory", "snapshot", "role", "original_bundle"])
    def test_missing_prerequisite_makes_zero_requests_and_zero_reservations(tmp_path, monkeypatch, missing):
>       provider, wire, planner, binding, _, _ = setup(tmp_path, monkeypatch)
                                                 ^^^^^^^^^^^^^^^^^^^^^^^^^^^^

tests/test_role_conditional_planning.py:152: 
_ _ _ _ _ _ _ _ _ _ _ _ _ _ _ _ _ _ _ _ _ _ _ _ _ _ _ _ _ _ _ _ _ _ _ _ _ _ _ _ 
tests/test_role_conditional_planning.py:110: in setup
    source = module.RoleConditionalPlanningSource(**data, source_scope="SOFTWARE_ONLY")
             ^^^^^^^^^^^^^^^^^^^^^^^^^^^^^^^^^^^^^^^^^^^^^^^^^^^^^^^^^^^^^^^^^^^^^^^^^^
<string>:11: in __init__
    ???
src/cloud_edge_robot_arm/cloud/replanning/role_conditional_planning.py:90: in __post_init__
    object.__setattr__(self, "source_hash", _digest(self.payload()))
                                            ^^^^^^^^^^^^^^^^^^^^^^^
src/cloud_edge_robot_arm/cloud/replanning/role_conditional_planning.py:57: in _digest
    return hashlib.sha256(_canonical(value).encode()).hexdigest()
                          ^^^^^^^^^^^^^^^^^
src/cloud_edge_robot_arm/cloud/replanning/role_conditional_planning.py:53: in _canonical
    return json.dumps(_plain(value), sort_keys=True, separators=(",", ":"), allow_nan=False)
                      ^^^^^^^^^^^^^
src/cloud_edge_robot_arm/vision/owner_registration.py:80: in _plain
    return {k: _plain(v) for k, v in value.items()}
               ^^^^^^^^^
_ _ _ _ _ _ _ _ _ _ _ _ _ _ _ _ _ _ _ _ _ _ _ _ _ _ _ _ _ _ _ _ _ _ _ _ _ _ _ _ 

value = VisualOriginalPlan(identity=VisualOwnerIdentity(job_id='job-1', run_id='run-1', attempt=1, worker_id='worker-1', lease...0, 40, tzinfo=datetime.timezone.utc), registered_at=datetime.datetime(2026, 10, 4, 0, 0, tzinfo=datetime.timezone.utc))

    def _plain(value: Any) -> Any:
        if isinstance(value, Enum):
            return value.value
        if isinstance(value, datetime):
            return _aware(value).isoformat()
        if isinstance(value, Mapping):
            if any(not isinstance(k, str) for k in value):
                raise ValueError("source payload keys must be strings")
            return {k: _plain(v) for k, v in value.items()}
        if isinstance(value, (tuple, list)):
            return [_plain(v) for v in value]
        if type(value) is float and not math.isfinite(value):
            raise ValueError("nonfinite source payload")
        if value is None or type(value) in {str, bool, int, float}:
            return value
>       raise ValueError("source payload must contain bounded JSON data")
E       ValueError: source payload must contain bounded JSON data

src/cloud_edge_robot_arm/vision/owner_registration.py:87: ValueError
__ test_missing_prerequisite_makes_zero_requests_and_zero_reservations[paid] ___

tmp_path = PosixPath('/tmp/pytest-of-ningyd/pytest-912/test_missing_prerequisite_make3')
monkeypatch = <_pytest.monkeypatch.MonkeyPatch object at 0x7ebe37355730>
missing = 'paid'

    @pytest.mark.parametrize("missing", ["binding", "source", "key", "paid", "ledger", "inventory", "snapshot", "role", "original_bundle"])
    def test_missing_prerequisite_makes_zero_requests_and_zero_reservations(tmp_path, monkeypatch, missing):
>       provider, wire, planner, binding, _, _ = setup(tmp_path, monkeypatch)
                                                 ^^^^^^^^^^^^^^^^^^^^^^^^^^^^

tests/test_role_conditional_planning.py:152: 
_ _ _ _ _ _ _ _ _ _ _ _ _ _ _ _ _ _ _ _ _ _ _ _ _ _ _ _ _ _ _ _ _ _ _ _ _ _ _ _ 
tests/test_role_conditional_planning.py:110: in setup
    source = module.RoleConditionalPlanningSource(**data, source_scope="SOFTWARE_ONLY")
             ^^^^^^^^^^^^^^^^^^^^^^^^^^^^^^^^^^^^^^^^^^^^^^^^^^^^^^^^^^^^^^^^^^^^^^^^^^
<string>:11: in __init__
    ???
src/cloud_edge_robot_arm/cloud/replanning/role_conditional_planning.py:90: in __post_init__
    object.__setattr__(self, "source_hash", _digest(self.payload()))
                                            ^^^^^^^^^^^^^^^^^^^^^^^
src/cloud_edge_robot_arm/cloud/replanning/role_conditional_planning.py:57: in _digest
    return hashlib.sha256(_canonical(value).encode()).hexdigest()
                          ^^^^^^^^^^^^^^^^^
src/cloud_edge_robot_arm/cloud/replanning/role_conditional_planning.py:53: in _canonical
    return json.dumps(_plain(value), sort_keys=True, separators=(",", ":"), allow_nan=False)
                      ^^^^^^^^^^^^^
src/cloud_edge_robot_arm/vision/owner_registration.py:80: in _plain
    return {k: _plain(v) for k, v in value.items()}
               ^^^^^^^^^
_ _ _ _ _ _ _ _ _ _ _ _ _ _ _ _ _ _ _ _ _ _ _ _ _ _ _ _ _ _ _ _ _ _ _ _ _ _ _ _ 

value = VisualOriginalPlan(identity=VisualOwnerIdentity(job_id='job-1', run_id='run-1', attempt=1, worker_id='worker-1', lease...0, 40, tzinfo=datetime.timezone.utc), registered_at=datetime.datetime(2026, 10, 4, 0, 0, tzinfo=datetime.timezone.utc))

    def _plain(value: Any) -> Any:
        if isinstance(value, Enum):
            return value.value
        if isinstance(value, datetime):
            return _aware(value).isoformat()
        if isinstance(value, Mapping):
            if any(not isinstance(k, str) for k in value):
                raise ValueError("source payload keys must be strings")
            return {k: _plain(v) for k, v in value.items()}
        if isinstance(value, (tuple, list)):
            return [_plain(v) for v in value]
        if type(value) is float and not math.isfinite(value):
            raise ValueError("nonfinite source payload")
        if value is None or type(value) in {str, bool, int, float}:
            return value
>       raise ValueError("source payload must contain bounded JSON data")
E       ValueError: source payload must contain bounded JSON data

src/cloud_edge_robot_arm/vision/owner_registration.py:87: ValueError
_ test_missing_prerequisite_makes_zero_requests_and_zero_reservations[ledger] __

tmp_path = PosixPath('/tmp/pytest-of-ningyd/pytest-912/test_missing_prerequisite_make4')
monkeypatch = <_pytest.monkeypatch.MonkeyPatch object at 0x7ebe37397ad0>
missing = 'ledger'

    @pytest.mark.parametrize("missing", ["binding", "source", "key", "paid", "ledger", "inventory", "snapshot", "role", "original_bundle"])
    def test_missing_prerequisite_makes_zero_requests_and_zero_reservations(tmp_path, monkeypatch, missing):
>       provider, wire, planner, binding, _, _ = setup(tmp_path, monkeypatch)
                                                 ^^^^^^^^^^^^^^^^^^^^^^^^^^^^

tests/test_role_conditional_planning.py:152: 
_ _ _ _ _ _ _ _ _ _ _ _ _ _ _ _ _ _ _ _ _ _ _ _ _ _ _ _ _ _ _ _ _ _ _ _ _ _ _ _ 
tests/test_role_conditional_planning.py:110: in setup
    source = module.RoleConditionalPlanningSource(**data, source_scope="SOFTWARE_ONLY")
             ^^^^^^^^^^^^^^^^^^^^^^^^^^^^^^^^^^^^^^^^^^^^^^^^^^^^^^^^^^^^^^^^^^^^^^^^^^
<string>:11: in __init__
    ???
src/cloud_edge_robot_arm/cloud/replanning/role_conditional_planning.py:90: in __post_init__
    object.__setattr__(self, "source_hash", _digest(self.payload()))
                                            ^^^^^^^^^^^^^^^^^^^^^^^
src/cloud_edge_robot_arm/cloud/replanning/role_conditional_planning.py:57: in _digest
    return hashlib.sha256(_canonical(value).encode()).hexdigest()
                          ^^^^^^^^^^^^^^^^^
src/cloud_edge_robot_arm/cloud/replanning/role_conditional_planning.py:53: in _canonical
    return json.dumps(_plain(value), sort_keys=True, separators=(",", ":"), allow_nan=False)
                      ^^^^^^^^^^^^^
src/cloud_edge_robot_arm/vision/owner_registration.py:80: in _plain
    return {k: _plain(v) for k, v in value.items()}
               ^^^^^^^^^
_ _ _ _ _ _ _ _ _ _ _ _ _ _ _ _ _ _ _ _ _ _ _ _ _ _ _ _ _ _ _ _ _ _ _ _ _ _ _ _ 

value = VisualOriginalPlan(identity=VisualOwnerIdentity(job_id='job-1', run_id='run-1', attempt=1, worker_id='worker-1', lease...0, 40, tzinfo=datetime.timezone.utc), registered_at=datetime.datetime(2026, 10, 4, 0, 0, tzinfo=datetime.timezone.utc))

    def _plain(value: Any) -> Any:
        if isinstance(value, Enum):
            return value.value
        if isinstance(value, datetime):
            return _aware(value).isoformat()
        if isinstance(value, Mapping):
            if any(not isinstance(k, str) for k in value):
                raise ValueError("source payload keys must be strings")
            return {k: _plain(v) for k, v in value.items()}
        if isinstance(value, (tuple, list)):
            return [_plain(v) for v in value]
        if type(value) is float and not math.isfinite(value):
            raise ValueError("nonfinite source payload")
        if value is None or type(value) in {str, bool, int, float}:
            return value
>       raise ValueError("source payload must contain bounded JSON data")
E       ValueError: source payload must contain bounded JSON data

src/cloud_edge_robot_arm/vision/owner_registration.py:87: ValueError
_ test_missing_prerequisite_makes_zero_requests_and_zero_reservations[inventory] _

tmp_path = PosixPath('/tmp/pytest-of-ningyd/pytest-912/test_missing_prerequisite_make5')
monkeypatch = <_pytest.monkeypatch.MonkeyPatch object at 0x7ebe3737eba0>
missing = 'inventory'

    @pytest.mark.parametrize("missing", ["binding", "source", "key", "paid", "ledger", "inventory", "snapshot", "role", "original_bundle"])
    def test_missing_prerequisite_makes_zero_requests_and_zero_reservations(tmp_path, monkeypatch, missing):
>       provider, wire, planner, binding, _, _ = setup(tmp_path, monkeypatch)
                                                 ^^^^^^^^^^^^^^^^^^^^^^^^^^^^

tests/test_role_conditional_planning.py:152: 
_ _ _ _ _ _ _ _ _ _ _ _ _ _ _ _ _ _ _ _ _ _ _ _ _ _ _ _ _ _ _ _ _ _ _ _ _ _ _ _ 
tests/test_role_conditional_planning.py:110: in setup
    source = module.RoleConditionalPlanningSource(**data, source_scope="SOFTWARE_ONLY")
             ^^^^^^^^^^^^^^^^^^^^^^^^^^^^^^^^^^^^^^^^^^^^^^^^^^^^^^^^^^^^^^^^^^^^^^^^^^
<string>:11: in __init__
    ???
src/cloud_edge_robot_arm/cloud/replanning/role_conditional_planning.py:90: in __post_init__
    object.__setattr__(self, "source_hash", _digest(self.payload()))
                                            ^^^^^^^^^^^^^^^^^^^^^^^
src/cloud_edge_robot_arm/cloud/replanning/role_conditional_planning.py:57: in _digest
    return hashlib.sha256(_canonical(value).encode()).hexdigest()
                          ^^^^^^^^^^^^^^^^^
src/cloud_edge_robot_arm/cloud/replanning/role_conditional_planning.py:53: in _canonical
    return json.dumps(_plain(value), sort_keys=True, separators=(",", ":"), allow_nan=False)
                      ^^^^^^^^^^^^^
src/cloud_edge_robot_arm/vision/owner_registration.py:80: in _plain
    return {k: _plain(v) for k, v in value.items()}
               ^^^^^^^^^
_ _ _ _ _ _ _ _ _ _ _ _ _ _ _ _ _ _ _ _ _ _ _ _ _ _ _ _ _ _ _ _ _ _ _ _ _ _ _ _ 

value = VisualOriginalPlan(identity=VisualOwnerIdentity(job_id='job-1', run_id='run-1', attempt=1, worker_id='worker-1', lease...0, 40, tzinfo=datetime.timezone.utc), registered_at=datetime.datetime(2026, 10, 4, 0, 0, tzinfo=datetime.timezone.utc))

    def _plain(value: Any) -> Any:
        if isinstance(value, Enum):
            return value.value
        if isinstance(value, datetime):
            return _aware(value).isoformat()
        if isinstance(value, Mapping):
            if any(not isinstance(k, str) for k in value):
                raise ValueError("source payload keys must be strings")
            return {k: _plain(v) for k, v in value.items()}
        if isinstance(value, (tuple, list)):
            return [_plain(v) for v in value]
        if type(value) is float and not math.isfinite(value):
            raise ValueError("nonfinite source payload")
        if value is None or type(value) in {str, bool, int, float}:
            return value
>       raise ValueError("source payload must contain bounded JSON data")
E       ValueError: source payload must contain bounded JSON data

src/cloud_edge_robot_arm/vision/owner_registration.py:87: ValueError
_ test_missing_prerequisite_makes_zero_requests_and_zero_reservations[snapshot] _

tmp_path = PosixPath('/tmp/pytest-of-ningyd/pytest-912/test_missing_prerequisite_make6')
monkeypatch = <_pytest.monkeypatch.MonkeyPatch object at 0x7ebe3737af30>
missing = 'snapshot'

    @pytest.mark.parametrize("missing", ["binding", "source", "key", "paid", "ledger", "inventory", "snapshot", "role", "original_bundle"])
    def test_missing_prerequisite_makes_zero_requests_and_zero_reservations(tmp_path, monkeypatch, missing):
>       provider, wire, planner, binding, _, _ = setup(tmp_path, monkeypatch)
                                                 ^^^^^^^^^^^^^^^^^^^^^^^^^^^^

tests/test_role_conditional_planning.py:152: 
_ _ _ _ _ _ _ _ _ _ _ _ _ _ _ _ _ _ _ _ _ _ _ _ _ _ _ _ _ _ _ _ _ _ _ _ _ _ _ _ 
tests/test_role_conditional_planning.py:110: in setup
    source = module.RoleConditionalPlanningSource(**data, source_scope="SOFTWARE_ONLY")
             ^^^^^^^^^^^^^^^^^^^^^^^^^^^^^^^^^^^^^^^^^^^^^^^^^^^^^^^^^^^^^^^^^^^^^^^^^^
<string>:11: in __init__
    ???
src/cloud_edge_robot_arm/cloud/replanning/role_conditional_planning.py:90: in __post_init__
    object.__setattr__(self, "source_hash", _digest(self.payload()))
                                            ^^^^^^^^^^^^^^^^^^^^^^^
src/cloud_edge_robot_arm/cloud/replanning/role_conditional_planning.py:57: in _digest
    return hashlib.sha256(_canonical(value).encode()).hexdigest()
                          ^^^^^^^^^^^^^^^^^
src/cloud_edge_robot_arm/cloud/replanning/role_conditional_planning.py:53: in _canonical
    return json.dumps(_plain(value), sort_keys=True, separators=(",", ":"), allow_nan=False)
                      ^^^^^^^^^^^^^
src/cloud_edge_robot_arm/vision/owner_registration.py:80: in _plain
    return {k: _plain(v) for k, v in value.items()}
               ^^^^^^^^^
_ _ _ _ _ _ _ _ _ _ _ _ _ _ _ _ _ _ _ _ _ _ _ _ _ _ _ _ _ _ _ _ _ _ _ _ _ _ _ _ 

value = VisualOriginalPlan(identity=VisualOwnerIdentity(job_id='job-1', run_id='run-1', attempt=1, worker_id='worker-1', lease...0, 40, tzinfo=datetime.timezone.utc), registered_at=datetime.datetime(2026, 10, 4, 0, 0, tzinfo=datetime.timezone.utc))

    def _plain(value: Any) -> Any:
        if isinstance(value, Enum):
            return value.value
        if isinstance(value, datetime):
            return _aware(value).isoformat()
        if isinstance(value, Mapping):
            if any(not isinstance(k, str) for k in value):
                raise ValueError("source payload keys must be strings")
            return {k: _plain(v) for k, v in value.items()}
        if isinstance(value, (tuple, list)):
            return [_plain(v) for v in value]
        if type(value) is float and not math.isfinite(value):
            raise ValueError("nonfinite source payload")
        if value is None or type(value) in {str, bool, int, float}:
            return value
>       raise ValueError("source payload must contain bounded JSON data")
E       ValueError: source payload must contain bounded JSON data

src/cloud_edge_robot_arm/vision/owner_registration.py:87: ValueError
__ test_missing_prerequisite_makes_zero_requests_and_zero_reservations[role] ___

tmp_path = PosixPath('/tmp/pytest-of-ningyd/pytest-912/test_missing_prerequisite_make7')
monkeypatch = <_pytest.monkeypatch.MonkeyPatch object at 0x7ebe37379b50>
missing = 'role'

    @pytest.mark.parametrize("missing", ["binding", "source", "key", "paid", "ledger", "inventory", "snapshot", "role", "original_bundle"])
    def test_missing_prerequisite_makes_zero_requests_and_zero_reservations(tmp_path, monkeypatch, missing):
>       provider, wire, planner, binding, _, _ = setup(tmp_path, monkeypatch)
                                                 ^^^^^^^^^^^^^^^^^^^^^^^^^^^^

tests/test_role_conditional_planning.py:152: 
_ _ _ _ _ _ _ _ _ _ _ _ _ _ _ _ _ _ _ _ _ _ _ _ _ _ _ _ _ _ _ _ _ _ _ _ _ _ _ _ 
tests/test_role_conditional_planning.py:110: in setup
    source = module.RoleConditionalPlanningSource(**data, source_scope="SOFTWARE_ONLY")
             ^^^^^^^^^^^^^^^^^^^^^^^^^^^^^^^^^^^^^^^^^^^^^^^^^^^^^^^^^^^^^^^^^^^^^^^^^^
<string>:11: in __init__
    ???
src/cloud_edge_robot_arm/cloud/replanning/role_conditional_planning.py:90: in __post_init__
    object.__setattr__(self, "source_hash", _digest(self.payload()))
                                            ^^^^^^^^^^^^^^^^^^^^^^^
src/cloud_edge_robot_arm/cloud/replanning/role_conditional_planning.py:57: in _digest
    return hashlib.sha256(_canonical(value).encode()).hexdigest()
                          ^^^^^^^^^^^^^^^^^
src/cloud_edge_robot_arm/cloud/replanning/role_conditional_planning.py:53: in _canonical
    return json.dumps(_plain(value), sort_keys=True, separators=(",", ":"), allow_nan=False)
                      ^^^^^^^^^^^^^
src/cloud_edge_robot_arm/vision/owner_registration.py:80: in _plain
    return {k: _plain(v) for k, v in value.items()}
               ^^^^^^^^^
_ _ _ _ _ _ _ _ _ _ _ _ _ _ _ _ _ _ _ _ _ _ _ _ _ _ _ _ _ _ _ _ _ _ _ _ _ _ _ _ 

value = VisualOriginalPlan(identity=VisualOwnerIdentity(job_id='job-1', run_id='run-1', attempt=1, worker_id='worker-1', lease...0, 40, tzinfo=datetime.timezone.utc), registered_at=datetime.datetime(2026, 10, 4, 0, 0, tzinfo=datetime.timezone.utc))

    def _plain(value: Any) -> Any:
        if isinstance(value, Enum):
            return value.value
        if isinstance(value, datetime):
            return _aware(value).isoformat()
        if isinstance(value, Mapping):
            if any(not isinstance(k, str) for k in value):
                raise ValueError("source payload keys must be strings")
            return {k: _plain(v) for k, v in value.items()}
        if isinstance(value, (tuple, list)):
            return [_plain(v) for v in value]
        if type(value) is float and not math.isfinite(value):
            raise ValueError("nonfinite source payload")
        if value is None or type(value) in {str, bool, int, float}:
            return value
>       raise ValueError("source payload must contain bounded JSON data")
E       ValueError: source payload must contain bounded JSON data

src/cloud_edge_robot_arm/vision/owner_registration.py:87: ValueError
_ test_missing_prerequisite_makes_zero_requests_and_zero_reservations[original_bundle] _

tmp_path = PosixPath('/tmp/pytest-of-ningyd/pytest-912/test_missing_prerequisite_make8')
monkeypatch = <_pytest.monkeypatch.MonkeyPatch object at 0x7ebe373780b0>
missing = 'original_bundle'

    @pytest.mark.parametrize("missing", ["binding", "source", "key", "paid", "ledger", "inventory", "snapshot", "role", "original_bundle"])
    def test_missing_prerequisite_makes_zero_requests_and_zero_reservations(tmp_path, monkeypatch, missing):
>       provider, wire, planner, binding, _, _ = setup(tmp_path, monkeypatch)
                                                 ^^^^^^^^^^^^^^^^^^^^^^^^^^^^

tests/test_role_conditional_planning.py:152: 
_ _ _ _ _ _ _ _ _ _ _ _ _ _ _ _ _ _ _ _ _ _ _ _ _ _ _ _ _ _ _ _ _ _ _ _ _ _ _ _ 
tests/test_role_conditional_planning.py:110: in setup
    source = module.RoleConditionalPlanningSource(**data, source_scope="SOFTWARE_ONLY")
             ^^^^^^^^^^^^^^^^^^^^^^^^^^^^^^^^^^^^^^^^^^^^^^^^^^^^^^^^^^^^^^^^^^^^^^^^^^
<string>:11: in __init__
    ???
src/cloud_edge_robot_arm/cloud/replanning/role_conditional_planning.py:90: in __post_init__
    object.__setattr__(self, "source_hash", _digest(self.payload()))
                                            ^^^^^^^^^^^^^^^^^^^^^^^
src/cloud_edge_robot_arm/cloud/replanning/role_conditional_planning.py:57: in _digest
    return hashlib.sha256(_canonical(value).encode()).hexdigest()
                          ^^^^^^^^^^^^^^^^^
src/cloud_edge_robot_arm/cloud/replanning/role_conditional_planning.py:53: in _canonical
    return json.dumps(_plain(value), sort_keys=True, separators=(",", ":"), allow_nan=False)
                      ^^^^^^^^^^^^^
src/cloud_edge_robot_arm/vision/owner_registration.py:80: in _plain
    return {k: _plain(v) for k, v in value.items()}
               ^^^^^^^^^
_ _ _ _ _ _ _ _ _ _ _ _ _ _ _ _ _ _ _ _ _ _ _ _ _ _ _ _ _ _ _ _ _ _ _ _ _ _ _ _ 

value = VisualOriginalPlan(identity=VisualOwnerIdentity(job_id='job-1', run_id='run-1', attempt=1, worker_id='worker-1', lease...0, 40, tzinfo=datetime.timezone.utc), registered_at=datetime.datetime(2026, 10, 4, 0, 0, tzinfo=datetime.timezone.utc))

    def _plain(value: Any) -> Any:
        if isinstance(value, Enum):
            return value.value
        if isinstance(value, datetime):
            return _aware(value).isoformat()
        if isinstance(value, Mapping):
            if any(not isinstance(k, str) for k in value):
                raise ValueError("source payload keys must be strings")
            return {k: _plain(v) for k, v in value.items()}
        if isinstance(value, (tuple, list)):
            return [_plain(v) for v in value]
        if type(value) is float and not math.isfinite(value):
            raise ValueError("nonfinite source payload")
        if value is None or type(value) in {str, bool, int, float}:
            return value
>       raise ValueError("source payload must contain bounded JSON data")
E       ValueError: source payload must contain bounded JSON data

src/cloud_edge_robot_arm/vision/owner_registration.py:87: ValueError
_ test_hard_stop_is_not_a_future_condition_fail_and_never_debits[estop_engaged] _

tmp_path = PosixPath('/tmp/pytest-of-ningyd/pytest-912/test_hard_stop_is_not_a_future0')
monkeypatch = <_pytest.monkeypatch.MonkeyPatch object at 0x7ebe3737ef60>
stop = 'estop_engaged'

    @pytest.mark.parametrize("stop", ["estop_engaged", "collision_detected", "disconnected"])
    def test_hard_stop_is_not_a_future_condition_fail_and_never_debits(tmp_path, monkeypatch, stop):
>       provider, wire, planner, _, _, _ = setup(tmp_path, monkeypatch)
                                           ^^^^^^^^^^^^^^^^^^^^^^^^^^^^

tests/test_role_conditional_planning.py:175: 
_ _ _ _ _ _ _ _ _ _ _ _ _ _ _ _ _ _ _ _ _ _ _ _ _ _ _ _ _ _ _ _ _ _ _ _ _ _ _ _ 
tests/test_role_conditional_planning.py:110: in setup
    source = module.RoleConditionalPlanningSource(**data, source_scope="SOFTWARE_ONLY")
             ^^^^^^^^^^^^^^^^^^^^^^^^^^^^^^^^^^^^^^^^^^^^^^^^^^^^^^^^^^^^^^^^^^^^^^^^^^
<string>:11: in __init__
    ???
src/cloud_edge_robot_arm/cloud/replanning/role_conditional_planning.py:90: in __post_init__
    object.__setattr__(self, "source_hash", _digest(self.payload()))
                                            ^^^^^^^^^^^^^^^^^^^^^^^
src/cloud_edge_robot_arm/cloud/replanning/role_conditional_planning.py:57: in _digest
    return hashlib.sha256(_canonical(value).encode()).hexdigest()
                          ^^^^^^^^^^^^^^^^^
src/cloud_edge_robot_arm/cloud/replanning/role_conditional_planning.py:53: in _canonical
    return json.dumps(_plain(value), sort_keys=True, separators=(",", ":"), allow_nan=False)
                      ^^^^^^^^^^^^^
src/cloud_edge_robot_arm/vision/owner_registration.py:80: in _plain
    return {k: _plain(v) for k, v in value.items()}
               ^^^^^^^^^
_ _ _ _ _ _ _ _ _ _ _ _ _ _ _ _ _ _ _ _ _ _ _ _ _ _ _ _ _ _ _ _ _ _ _ _ _ _ _ _ 

value = VisualOriginalPlan(identity=VisualOwnerIdentity(job_id='job-1', run_id='run-1', attempt=1, worker_id='worker-1', lease...0, 40, tzinfo=datetime.timezone.utc), registered_at=datetime.datetime(2026, 10, 4, 0, 0, tzinfo=datetime.timezone.utc))

    def _plain(value: Any) -> Any:
        if isinstance(value, Enum):
            return value.value
        if isinstance(value, datetime):
            return _aware(value).isoformat()
        if isinstance(value, Mapping):
            if any(not isinstance(k, str) for k in value):
                raise ValueError("source payload keys must be strings")
            return {k: _plain(v) for k, v in value.items()}
        if isinstance(value, (tuple, list)):
            return [_plain(v) for v in value]
        if type(value) is float and not math.isfinite(value):
            raise ValueError("nonfinite source payload")
        if value is None or type(value) in {str, bool, int, float}:
            return value
>       raise ValueError("source payload must contain bounded JSON data")
E       ValueError: source payload must contain bounded JSON data

src/cloud_edge_robot_arm/vision/owner_registration.py:87: ValueError
_ test_hard_stop_is_not_a_future_condition_fail_and_never_debits[collision_detected] _

tmp_path = PosixPath('/tmp/pytest-of-ningyd/pytest-912/test_hard_stop_is_not_a_future1')
monkeypatch = <_pytest.monkeypatch.MonkeyPatch object at 0x7ebe373025d0>
stop = 'collision_detected'

    @pytest.mark.parametrize("stop", ["estop_engaged", "collision_detected", "disconnected"])
    def test_hard_stop_is_not_a_future_condition_fail_and_never_debits(tmp_path, monkeypatch, stop):
>       provider, wire, planner, _, _, _ = setup(tmp_path, monkeypatch)
                                           ^^^^^^^^^^^^^^^^^^^^^^^^^^^^

tests/test_role_conditional_planning.py:175: 
_ _ _ _ _ _ _ _ _ _ _ _ _ _ _ _ _ _ _ _ _ _ _ _ _ _ _ _ _ _ _ _ _ _ _ _ _ _ _ _ 
tests/test_role_conditional_planning.py:110: in setup
    source = module.RoleConditionalPlanningSource(**data, source_scope="SOFTWARE_ONLY")
             ^^^^^^^^^^^^^^^^^^^^^^^^^^^^^^^^^^^^^^^^^^^^^^^^^^^^^^^^^^^^^^^^^^^^^^^^^^
<string>:11: in __init__
    ???
src/cloud_edge_robot_arm/cloud/replanning/role_conditional_planning.py:90: in __post_init__
    object.__setattr__(self, "source_hash", _digest(self.payload()))
                                            ^^^^^^^^^^^^^^^^^^^^^^^
src/cloud_edge_robot_arm/cloud/replanning/role_conditional_planning.py:57: in _digest
    return hashlib.sha256(_canonical(value).encode()).hexdigest()
                          ^^^^^^^^^^^^^^^^^
src/cloud_edge_robot_arm/cloud/replanning/role_conditional_planning.py:53: in _canonical
    return json.dumps(_plain(value), sort_keys=True, separators=(",", ":"), allow_nan=False)
                      ^^^^^^^^^^^^^
src/cloud_edge_robot_arm/vision/owner_registration.py:80: in _plain
    return {k: _plain(v) for k, v in value.items()}
               ^^^^^^^^^
_ _ _ _ _ _ _ _ _ _ _ _ _ _ _ _ _ _ _ _ _ _ _ _ _ _ _ _ _ _ _ _ _ _ _ _ _ _ _ _ 

value = VisualOriginalPlan(identity=VisualOwnerIdentity(job_id='job-1', run_id='run-1', attempt=1, worker_id='worker-1', lease...0, 40, tzinfo=datetime.timezone.utc), registered_at=datetime.datetime(2026, 10, 4, 0, 0, tzinfo=datetime.timezone.utc))

    def _plain(value: Any) -> Any:
        if isinstance(value, Enum):
            return value.value
        if isinstance(value, datetime):
            return _aware(value).isoformat()
        if isinstance(value, Mapping):
            if any(not isinstance(k, str) for k in value):
                raise ValueError("source payload keys must be strings")
            return {k: _plain(v) for k, v in value.items()}
        if isinstance(value, (tuple, list)):
            return [_plain(v) for v in value]
        if type(value) is float and not math.isfinite(value):
            raise ValueError("nonfinite source payload")
        if value is None or type(value) in {str, bool, int, float}:
            return value
>       raise ValueError("source payload must contain bounded JSON data")
E       ValueError: source payload must contain bounded JSON data

src/cloud_edge_robot_arm/vision/owner_registration.py:87: ValueError
_ test_hard_stop_is_not_a_future_condition_fail_and_never_debits[disconnected] _

tmp_path = PosixPath('/tmp/pytest-of-ningyd/pytest-912/test_hard_stop_is_not_a_future2')
monkeypatch = <_pytest.monkeypatch.MonkeyPatch object at 0x7ebe637827e0>
stop = 'disconnected'

    @pytest.mark.parametrize("stop", ["estop_engaged", "collision_detected", "disconnected"])
    def test_hard_stop_is_not_a_future_condition_fail_and_never_debits(tmp_path, monkeypatch, stop):
>       provider, wire, planner, _, _, _ = setup(tmp_path, monkeypatch)
                                           ^^^^^^^^^^^^^^^^^^^^^^^^^^^^

tests/test_role_conditional_planning.py:175: 
_ _ _ _ _ _ _ _ _ _ _ _ _ _ _ _ _ _ _ _ _ _ _ _ _ _ _ _ _ _ _ _ _ _ _ _ _ _ _ _ 
tests/test_role_conditional_planning.py:110: in setup
    source = module.RoleConditionalPlanningSource(**data, source_scope="SOFTWARE_ONLY")
             ^^^^^^^^^^^^^^^^^^^^^^^^^^^^^^^^^^^^^^^^^^^^^^^^^^^^^^^^^^^^^^^^^^^^^^^^^^
<string>:11: in __init__
    ???
src/cloud_edge_robot_arm/cloud/replanning/role_conditional_planning.py:90: in __post_init__
    object.__setattr__(self, "source_hash", _digest(self.payload()))
                                            ^^^^^^^^^^^^^^^^^^^^^^^
src/cloud_edge_robot_arm/cloud/replanning/role_conditional_planning.py:57: in _digest
    return hashlib.sha256(_canonical(value).encode()).hexdigest()
                          ^^^^^^^^^^^^^^^^^
src/cloud_edge_robot_arm/cloud/replanning/role_conditional_planning.py:53: in _canonical
    return json.dumps(_plain(value), sort_keys=True, separators=(",", ":"), allow_nan=False)
                      ^^^^^^^^^^^^^
src/cloud_edge_robot_arm/vision/owner_registration.py:80: in _plain
    return {k: _plain(v) for k, v in value.items()}
               ^^^^^^^^^
_ _ _ _ _ _ _ _ _ _ _ _ _ _ _ _ _ _ _ _ _ _ _ _ _ _ _ _ _ _ _ _ _ _ _ _ _ _ _ _ 

value = VisualOriginalPlan(identity=VisualOwnerIdentity(job_id='job-1', run_id='run-1', attempt=1, worker_id='worker-1', lease...0, 40, tzinfo=datetime.timezone.utc), registered_at=datetime.datetime(2026, 10, 4, 0, 0, tzinfo=datetime.timezone.utc))

    def _plain(value: Any) -> Any:
        if isinstance(value, Enum):
            return value.value
        if isinstance(value, datetime):
            return _aware(value).isoformat()
        if isinstance(value, Mapping):
            if any(not isinstance(k, str) for k in value):
                raise ValueError("source payload keys must be strings")
            return {k: _plain(v) for k, v in value.items()}
        if isinstance(value, (tuple, list)):
            return [_plain(v) for v in value]
        if type(value) is float and not math.isfinite(value):
            raise ValueError("nonfinite source payload")
        if value is None or type(value) in {str, bool, int, float}:
            return value
>       raise ValueError("source payload must contain bounded JSON data")
E       ValueError: source payload must contain bounded JSON data

src/cloud_edge_robot_arm/vision/owner_registration.py:87: ValueError
_____ test_strict_remote_intent_rejects_without_any_execution_shape[extra] _____

tmp_path = PosixPath('/tmp/pytest-of-ningyd/pytest-912/test_strict_remote_intent_reje0')
monkeypatch = <_pytest.monkeypatch.MonkeyPatch object at 0x7ebe637376b0>
change = 'extra'

    @pytest.mark.parametrize("change", ["extra", "duplicate", "reorder", "skill", "binding", "command", "token", "bool", "pixel", "nan", "duplicate_key"])
    def test_strict_remote_intent_rejects_without_any_execution_shape(tmp_path, monkeypatch, change):
        def mutate(d):
            if change == "extra": d["execution_admitted"] = True
            elif change == "duplicate": d["replacements"][1] = dict(d["replacements"][0])
            elif change == "reorder": d["replacements"].reverse()
            elif change == "skill": d["replacements"][1]["skill"] = "RELEASE"
            elif change == "binding": d["binding_hash"] = "0" * 64
            elif change == "command": d["replacements"][0]["joint_angles"] = [0] * 7
            elif change == "token": d["activation_token"] = "forged"
            elif change == "bool": d["replacements"][0]["target_pixel"] = [True, 0]
            elif change == "pixel": d["replacements"][0]["target_pixel"] = [9999, 0]
            elif change == "nan": d["replacements"][0]["target_pixel"] = [float("nan"), 0]
            else: return '{"binding_hash":"0",' + json.dumps(d)[1:]
>       provider, wire, planner, *_ = setup(tmp_path, monkeypatch, change=mutate)
                                      ^^^^^^^^^^^^^^^^^^^^^^^^^^^^^^^^^^^^^^^^^^^

tests/test_role_conditional_planning.py:197: 
_ _ _ _ _ _ _ _ _ _ _ _ _ _ _ _ _ _ _ _ _ _ _ _ _ _ _ _ _ _ _ _ _ _ _ _ _ _ _ _ 
tests/test_role_conditional_planning.py:110: in setup
    source = module.RoleConditionalPlanningSource(**data, source_scope="SOFTWARE_ONLY")
             ^^^^^^^^^^^^^^^^^^^^^^^^^^^^^^^^^^^^^^^^^^^^^^^^^^^^^^^^^^^^^^^^^^^^^^^^^^
<string>:11: in __init__
    ???
src/cloud_edge_robot_arm/cloud/replanning/role_conditional_planning.py:90: in __post_init__
    object.__setattr__(self, "source_hash", _digest(self.payload()))
                                            ^^^^^^^^^^^^^^^^^^^^^^^
src/cloud_edge_robot_arm/cloud/replanning/role_conditional_planning.py:57: in _digest
    return hashlib.sha256(_canonical(value).encode()).hexdigest()
                          ^^^^^^^^^^^^^^^^^
src/cloud_edge_robot_arm/cloud/replanning/role_conditional_planning.py:53: in _canonical
    return json.dumps(_plain(value), sort_keys=True, separators=(",", ":"), allow_nan=False)
                      ^^^^^^^^^^^^^
src/cloud_edge_robot_arm/vision/owner_registration.py:80: in _plain
    return {k: _plain(v) for k, v in value.items()}
               ^^^^^^^^^
_ _ _ _ _ _ _ _ _ _ _ _ _ _ _ _ _ _ _ _ _ _ _ _ _ _ _ _ _ _ _ _ _ _ _ _ _ _ _ _ 

value = VisualOriginalPlan(identity=VisualOwnerIdentity(job_id='job-1', run_id='run-1', attempt=1, worker_id='worker-1', lease...0, 40, tzinfo=datetime.timezone.utc), registered_at=datetime.datetime(2026, 10, 4, 0, 0, tzinfo=datetime.timezone.utc))

    def _plain(value: Any) -> Any:
        if isinstance(value, Enum):
            return value.value
        if isinstance(value, datetime):
            return _aware(value).isoformat()
        if isinstance(value, Mapping):
            if any(not isinstance(k, str) for k in value):
                raise ValueError("source payload keys must be strings")
            return {k: _plain(v) for k, v in value.items()}
        if isinstance(value, (tuple, list)):
            return [_plain(v) for v in value]
        if type(value) is float and not math.isfinite(value):
            raise ValueError("nonfinite source payload")
        if value is None or type(value) in {str, bool, int, float}:
            return value
>       raise ValueError("source payload must contain bounded JSON data")
E       ValueError: source payload must contain bounded JSON data

src/cloud_edge_robot_arm/vision/owner_registration.py:87: ValueError
___ test_strict_remote_intent_rejects_without_any_execution_shape[duplicate] ___

tmp_path = PosixPath('/tmp/pytest-of-ningyd/pytest-912/test_strict_remote_intent_reje1')
monkeypatch = <_pytest.monkeypatch.MonkeyPatch object at 0x7ebe3737dac0>
change = 'duplicate'

    @pytest.mark.parametrize("change", ["extra", "duplicate", "reorder", "skill", "binding", "command", "token", "bool", "pixel", "nan", "duplicate_key"])
    def test_strict_remote_intent_rejects_without_any_execution_shape(tmp_path, monkeypatch, change):
        def mutate(d):
            if change == "extra": d["execution_admitted"] = True
            elif change == "duplicate": d["replacements"][1] = dict(d["replacements"][0])
            elif change == "reorder": d["replacements"].reverse()
            elif change == "skill": d["replacements"][1]["skill"] = "RELEASE"
            elif change == "binding": d["binding_hash"] = "0" * 64
            elif change == "command": d["replacements"][0]["joint_angles"] = [0] * 7
            elif change == "token": d["activation_token"] = "forged"
            elif change == "bool": d["replacements"][0]["target_pixel"] = [True, 0]
            elif change == "pixel": d["replacements"][0]["target_pixel"] = [9999, 0]
            elif change == "nan": d["replacements"][0]["target_pixel"] = [float("nan"), 0]
            else: return '{"binding_hash":"0",' + json.dumps(d)[1:]
>       provider, wire, planner, *_ = setup(tmp_path, monkeypatch, change=mutate)
                                      ^^^^^^^^^^^^^^^^^^^^^^^^^^^^^^^^^^^^^^^^^^^

tests/test_role_conditional_planning.py:197: 
_ _ _ _ _ _ _ _ _ _ _ _ _ _ _ _ _ _ _ _ _ _ _ _ _ _ _ _ _ _ _ _ _ _ _ _ _ _ _ _ 
tests/test_role_conditional_planning.py:110: in setup
    source = module.RoleConditionalPlanningSource(**data, source_scope="SOFTWARE_ONLY")
             ^^^^^^^^^^^^^^^^^^^^^^^^^^^^^^^^^^^^^^^^^^^^^^^^^^^^^^^^^^^^^^^^^^^^^^^^^^
<string>:11: in __init__
    ???
src/cloud_edge_robot_arm/cloud/replanning/role_conditional_planning.py:90: in __post_init__
    object.__setattr__(self, "source_hash", _digest(self.payload()))
                                            ^^^^^^^^^^^^^^^^^^^^^^^
src/cloud_edge_robot_arm/cloud/replanning/role_conditional_planning.py:57: in _digest
    return hashlib.sha256(_canonical(value).encode()).hexdigest()
                          ^^^^^^^^^^^^^^^^^
src/cloud_edge_robot_arm/cloud/replanning/role_conditional_planning.py:53: in _canonical
    return json.dumps(_plain(value), sort_keys=True, separators=(",", ":"), allow_nan=False)
                      ^^^^^^^^^^^^^
src/cloud_edge_robot_arm/vision/owner_registration.py:80: in _plain
    return {k: _plain(v) for k, v in value.items()}
               ^^^^^^^^^
_ _ _ _ _ _ _ _ _ _ _ _ _ _ _ _ _ _ _ _ _ _ _ _ _ _ _ _ _ _ _ _ _ _ _ _ _ _ _ _ 

value = VisualOriginalPlan(identity=VisualOwnerIdentity(job_id='job-1', run_id='run-1', attempt=1, worker_id='worker-1', lease...0, 40, tzinfo=datetime.timezone.utc), registered_at=datetime.datetime(2026, 10, 4, 0, 0, tzinfo=datetime.timezone.utc))

    def _plain(value: Any) -> Any:
        if isinstance(value, Enum):
            return value.value
        if isinstance(value, datetime):
            return _aware(value).isoformat()
        if isinstance(value, Mapping):
            if any(not isinstance(k, str) for k in value):
                raise ValueError("source payload keys must be strings")
            return {k: _plain(v) for k, v in value.items()}
        if isinstance(value, (tuple, list)):
            return [_plain(v) for v in value]
        if type(value) is float and not math.isfinite(value):
            raise ValueError("nonfinite source payload")
        if value is None or type(value) in {str, bool, int, float}:
            return value
>       raise ValueError("source payload must contain bounded JSON data")
E       ValueError: source payload must contain bounded JSON data

src/cloud_edge_robot_arm/vision/owner_registration.py:87: ValueError
____ test_strict_remote_intent_rejects_without_any_execution_shape[reorder] ____

tmp_path = PosixPath('/tmp/pytest-of-ningyd/pytest-912/test_strict_remote_intent_reje2')
monkeypatch = <_pytest.monkeypatch.MonkeyPatch object at 0x7ebe637c9f70>
change = 'reorder'

    @pytest.mark.parametrize("change", ["extra", "duplicate", "reorder", "skill", "binding", "command", "token", "bool", "pixel", "nan", "duplicate_key"])
    def test_strict_remote_intent_rejects_without_any_execution_shape(tmp_path, monkeypatch, change):
        def mutate(d):
            if change == "extra": d["execution_admitted"] = True
            elif change == "duplicate": d["replacements"][1] = dict(d["replacements"][0])
            elif change == "reorder": d["replacements"].reverse()
            elif change == "skill": d["replacements"][1]["skill"] = "RELEASE"
            elif change == "binding": d["binding_hash"] = "0" * 64
            elif change == "command": d["replacements"][0]["joint_angles"] = [0] * 7
            elif change == "token": d["activation_token"] = "forged"
            elif change == "bool": d["replacements"][0]["target_pixel"] = [True, 0]
            elif change == "pixel": d["replacements"][0]["target_pixel"] = [9999, 0]
            elif change == "nan": d["replacements"][0]["target_pixel"] = [float("nan"), 0]
            else: return '{"binding_hash":"0",' + json.dumps(d)[1:]
>       provider, wire, planner, *_ = setup(tmp_path, monkeypatch, change=mutate)
                                      ^^^^^^^^^^^^^^^^^^^^^^^^^^^^^^^^^^^^^^^^^^^

tests/test_role_conditional_planning.py:197: 
_ _ _ _ _ _ _ _ _ _ _ _ _ _ _ _ _ _ _ _ _ _ _ _ _ _ _ _ _ _ _ _ _ _ _ _ _ _ _ _ 
tests/test_role_conditional_planning.py:110: in setup
    source = module.RoleConditionalPlanningSource(**data, source_scope="SOFTWARE_ONLY")
             ^^^^^^^^^^^^^^^^^^^^^^^^^^^^^^^^^^^^^^^^^^^^^^^^^^^^^^^^^^^^^^^^^^^^^^^^^^
<string>:11: in __init__
    ???
src/cloud_edge_robot_arm/cloud/replanning/role_conditional_planning.py:90: in __post_init__
    object.__setattr__(self, "source_hash", _digest(self.payload()))
                                            ^^^^^^^^^^^^^^^^^^^^^^^
src/cloud_edge_robot_arm/cloud/replanning/role_conditional_planning.py:57: in _digest
    return hashlib.sha256(_canonical(value).encode()).hexdigest()
                          ^^^^^^^^^^^^^^^^^
src/cloud_edge_robot_arm/cloud/replanning/role_conditional_planning.py:53: in _canonical
    return json.dumps(_plain(value), sort_keys=True, separators=(",", ":"), allow_nan=False)
                      ^^^^^^^^^^^^^
src/cloud_edge_robot_arm/vision/owner_registration.py:80: in _plain
    return {k: _plain(v) for k, v in value.items()}
               ^^^^^^^^^
_ _ _ _ _ _ _ _ _ _ _ _ _ _ _ _ _ _ _ _ _ _ _ _ _ _ _ _ _ _ _ _ _ _ _ _ _ _ _ _ 

value = VisualOriginalPlan(identity=VisualOwnerIdentity(job_id='job-1', run_id='run-1', attempt=1, worker_id='worker-1', lease...0, 40, tzinfo=datetime.timezone.utc), registered_at=datetime.datetime(2026, 10, 4, 0, 0, tzinfo=datetime.timezone.utc))

    def _plain(value: Any) -> Any:
        if isinstance(value, Enum):
            return value.value
        if isinstance(value, datetime):
            return _aware(value).isoformat()
        if isinstance(value, Mapping):
            if any(not isinstance(k, str) for k in value):
                raise ValueError("source payload keys must be strings")
            return {k: _plain(v) for k, v in value.items()}
        if isinstance(value, (tuple, list)):
            return [_plain(v) for v in value]
        if type(value) is float and not math.isfinite(value):
            raise ValueError("nonfinite source payload")
        if value is None or type(value) in {str, bool, int, float}:
            return value
>       raise ValueError("source payload must contain bounded JSON data")
E       ValueError: source payload must contain bounded JSON data

src/cloud_edge_robot_arm/vision/owner_registration.py:87: ValueError
_____ test_strict_remote_intent_rejects_without_any_execution_shape[skill] _____

tmp_path = PosixPath('/tmp/pytest-of-ningyd/pytest-912/test_strict_remote_intent_reje3')
monkeypatch = <_pytest.monkeypatch.MonkeyPatch object at 0x7ebe37397e90>
change = 'skill'

    @pytest.mark.parametrize("change", ["extra", "duplicate", "reorder", "skill", "binding", "command", "token", "bool", "pixel", "nan", "duplicate_key"])
    def test_strict_remote_intent_rejects_without_any_execution_shape(tmp_path, monkeypatch, change):
        def mutate(d):
            if change == "extra": d["execution_admitted"] = True
            elif change == "duplicate": d["replacements"][1] = dict(d["replacements"][0])
            elif change == "reorder": d["replacements"].reverse()
            elif change == "skill": d["replacements"][1]["skill"] = "RELEASE"
            elif change == "binding": d["binding_hash"] = "0" * 64
            elif change == "command": d["replacements"][0]["joint_angles"] = [0] * 7
            elif change == "token": d["activation_token"] = "forged"
            elif change == "bool": d["replacements"][0]["target_pixel"] = [True, 0]
            elif change == "pixel": d["replacements"][0]["target_pixel"] = [9999, 0]
            elif change == "nan": d["replacements"][0]["target_pixel"] = [float("nan"), 0]
            else: return '{"binding_hash":"0",' + json.dumps(d)[1:]
>       provider, wire, planner, *_ = setup(tmp_path, monkeypatch, change=mutate)
                                      ^^^^^^^^^^^^^^^^^^^^^^^^^^^^^^^^^^^^^^^^^^^

tests/test_role_conditional_planning.py:197: 
_ _ _ _ _ _ _ _ _ _ _ _ _ _ _ _ _ _ _ _ _ _ _ _ _ _ _ _ _ _ _ _ _ _ _ _ _ _ _ _ 
tests/test_role_conditional_planning.py:110: in setup
    source = module.RoleConditionalPlanningSource(**data, source_scope="SOFTWARE_ONLY")
             ^^^^^^^^^^^^^^^^^^^^^^^^^^^^^^^^^^^^^^^^^^^^^^^^^^^^^^^^^^^^^^^^^^^^^^^^^^
<string>:11: in __init__
    ???
src/cloud_edge_robot_arm/cloud/replanning/role_conditional_planning.py:90: in __post_init__
    object.__setattr__(self, "source_hash", _digest(self.payload()))
                                            ^^^^^^^^^^^^^^^^^^^^^^^
src/cloud_edge_robot_arm/cloud/replanning/role_conditional_planning.py:57: in _digest
    return hashlib.sha256(_canonical(value).encode()).hexdigest()
                          ^^^^^^^^^^^^^^^^^
src/cloud_edge_robot_arm/cloud/replanning/role_conditional_planning.py:53: in _canonical
    return json.dumps(_plain(value), sort_keys=True, separators=(",", ":"), allow_nan=False)
                      ^^^^^^^^^^^^^
src/cloud_edge_robot_arm/vision/owner_registration.py:80: in _plain
    return {k: _plain(v) for k, v in value.items()}
               ^^^^^^^^^
_ _ _ _ _ _ _ _ _ _ _ _ _ _ _ _ _ _ _ _ _ _ _ _ _ _ _ _ _ _ _ _ _ _ _ _ _ _ _ _ 

value = VisualOriginalPlan(identity=VisualOwnerIdentity(job_id='job-1', run_id='run-1', attempt=1, worker_id='worker-1', lease...0, 40, tzinfo=datetime.timezone.utc), registered_at=datetime.datetime(2026, 10, 4, 0, 0, tzinfo=datetime.timezone.utc))

    def _plain(value: Any) -> Any:
        if isinstance(value, Enum):
            return value.value
        if isinstance(value, datetime):
            return _aware(value).isoformat()
        if isinstance(value, Mapping):
            if any(not isinstance(k, str) for k in value):
                raise ValueError("source payload keys must be strings")
            return {k: _plain(v) for k, v in value.items()}
        if isinstance(value, (tuple, list)):
            return [_plain(v) for v in value]
        if type(value) is float and not math.isfinite(value):
            raise ValueError("nonfinite source payload")
        if value is None or type(value) in {str, bool, int, float}:
            return value
>       raise ValueError("source payload must contain bounded JSON data")
E       ValueError: source payload must contain bounded JSON data

src/cloud_edge_robot_arm/vision/owner_registration.py:87: ValueError
____ test_strict_remote_intent_rejects_without_any_execution_shape[binding] ____

tmp_path = PosixPath('/tmp/pytest-of-ningyd/pytest-912/test_strict_remote_intent_reje4')
monkeypatch = <_pytest.monkeypatch.MonkeyPatch object at 0x7ebe637e5760>
change = 'binding'

    @pytest.mark.parametrize("change", ["extra", "duplicate", "reorder", "skill", "binding", "command", "token", "bool", "pixel", "nan", "duplicate_key"])
    def test_strict_remote_intent_rejects_without_any_execution_shape(tmp_path, monkeypatch, change):
        def mutate(d):
            if change == "extra": d["execution_admitted"] = True
            elif change == "duplicate": d["replacements"][1] = dict(d["replacements"][0])
            elif change == "reorder": d["replacements"].reverse()
            elif change == "skill": d["replacements"][1]["skill"] = "RELEASE"
            elif change == "binding": d["binding_hash"] = "0" * 64
            elif change == "command": d["replacements"][0]["joint_angles"] = [0] * 7
            elif change == "token": d["activation_token"] = "forged"
            elif change == "bool": d["replacements"][0]["target_pixel"] = [True, 0]
            elif change == "pixel": d["replacements"][0]["target_pixel"] = [9999, 0]
            elif change == "nan": d["replacements"][0]["target_pixel"] = [float("nan"), 0]
            else: return '{"binding_hash":"0",' + json.dumps(d)[1:]
>       provider, wire, planner, *_ = setup(tmp_path, monkeypatch, change=mutate)
                                      ^^^^^^^^^^^^^^^^^^^^^^^^^^^^^^^^^^^^^^^^^^^

tests/test_role_conditional_planning.py:197: 
_ _ _ _ _ _ _ _ _ _ _ _ _ _ _ _ _ _ _ _ _ _ _ _ _ _ _ _ _ _ _ _ _ _ _ _ _ _ _ _ 
tests/test_role_conditional_planning.py:110: in setup
    source = module.RoleConditionalPlanningSource(**data, source_scope="SOFTWARE_ONLY")
             ^^^^^^^^^^^^^^^^^^^^^^^^^^^^^^^^^^^^^^^^^^^^^^^^^^^^^^^^^^^^^^^^^^^^^^^^^^
<string>:11: in __init__
    ???
src/cloud_edge_robot_arm/cloud/replanning/role_conditional_planning.py:90: in __post_init__
    object.__setattr__(self, "source_hash", _digest(self.payload()))
                                            ^^^^^^^^^^^^^^^^^^^^^^^
src/cloud_edge_robot_arm/cloud/replanning/role_conditional_planning.py:57: in _digest
    return hashlib.sha256(_canonical(value).encode()).hexdigest()
                          ^^^^^^^^^^^^^^^^^
src/cloud_edge_robot_arm/cloud/replanning/role_conditional_planning.py:53: in _canonical
    return json.dumps(_plain(value), sort_keys=True, separators=(",", ":"), allow_nan=False)
                      ^^^^^^^^^^^^^
src/cloud_edge_robot_arm/vision/owner_registration.py:80: in _plain
    return {k: _plain(v) for k, v in value.items()}
               ^^^^^^^^^
_ _ _ _ _ _ _ _ _ _ _ _ _ _ _ _ _ _ _ _ _ _ _ _ _ _ _ _ _ _ _ _ _ _ _ _ _ _ _ _ 

value = VisualOriginalPlan(identity=VisualOwnerIdentity(job_id='job-1', run_id='run-1', attempt=1, worker_id='worker-1', lease...0, 40, tzinfo=datetime.timezone.utc), registered_at=datetime.datetime(2026, 10, 4, 0, 0, tzinfo=datetime.timezone.utc))

    def _plain(value: Any) -> Any:
        if isinstance(value, Enum):
            return value.value
        if isinstance(value, datetime):
            return _aware(value).isoformat()
        if isinstance(value, Mapping):
            if any(not isinstance(k, str) for k in value):
                raise ValueError("source payload keys must be strings")
            return {k: _plain(v) for k, v in value.items()}
        if isinstance(value, (tuple, list)):
            return [_plain(v) for v in value]
        if type(value) is float and not math.isfinite(value):
            raise ValueError("nonfinite source payload")
        if value is None or type(value) in {str, bool, int, float}:
            return value
>       raise ValueError("source payload must contain bounded JSON data")
E       ValueError: source payload must contain bounded JSON data

src/cloud_edge_robot_arm/vision/owner_registration.py:87: ValueError
____ test_strict_remote_intent_rejects_without_any_execution_shape[command] ____

tmp_path = PosixPath('/tmp/pytest-of-ningyd/pytest-912/test_strict_remote_intent_reje5')
monkeypatch = <_pytest.monkeypatch.MonkeyPatch object at 0x7ebe3743e510>
change = 'command'

    @pytest.mark.parametrize("change", ["extra", "duplicate", "reorder", "skill", "binding", "command", "token", "bool", "pixel", "nan", "duplicate_key"])
    def test_strict_remote_intent_rejects_without_any_execution_shape(tmp_path, monkeypatch, change):
        def mutate(d):
            if change == "extra": d["execution_admitted"] = True
            elif change == "duplicate": d["replacements"][1] = dict(d["replacements"][0])
            elif change == "reorder": d["replacements"].reverse()
            elif change == "skill": d["replacements"][1]["skill"] = "RELEASE"
            elif change == "binding": d["binding_hash"] = "0" * 64
            elif change == "command": d["replacements"][0]["joint_angles"] = [0] * 7
            elif change == "token": d["activation_token"] = "forged"
            elif change == "bool": d["replacements"][0]["target_pixel"] = [True, 0]
            elif change == "pixel": d["replacements"][0]["target_pixel"] = [9999, 0]
            elif change == "nan": d["replacements"][0]["target_pixel"] = [float("nan"), 0]
            else: return '{"binding_hash":"0",' + json.dumps(d)[1:]
>       provider, wire, planner, *_ = setup(tmp_path, monkeypatch, change=mutate)
                                      ^^^^^^^^^^^^^^^^^^^^^^^^^^^^^^^^^^^^^^^^^^^

tests/test_role_conditional_planning.py:197: 
_ _ _ _ _ _ _ _ _ _ _ _ _ _ _ _ _ _ _ _ _ _ _ _ _ _ _ _ _ _ _ _ _ _ _ _ _ _ _ _ 
tests/test_role_conditional_planning.py:110: in setup
    source = module.RoleConditionalPlanningSource(**data, source_scope="SOFTWARE_ONLY")
             ^^^^^^^^^^^^^^^^^^^^^^^^^^^^^^^^^^^^^^^^^^^^^^^^^^^^^^^^^^^^^^^^^^^^^^^^^^
<string>:11: in __init__
    ???
src/cloud_edge_robot_arm/cloud/replanning/role_conditional_planning.py:90: in __post_init__
    object.__setattr__(self, "source_hash", _digest(self.payload()))
                                            ^^^^^^^^^^^^^^^^^^^^^^^
src/cloud_edge_robot_arm/cloud/replanning/role_conditional_planning.py:57: in _digest
    return hashlib.sha256(_canonical(value).encode()).hexdigest()
                          ^^^^^^^^^^^^^^^^^
src/cloud_edge_robot_arm/cloud/replanning/role_conditional_planning.py:53: in _canonical
    return json.dumps(_plain(value), sort_keys=True, separators=(",", ":"), allow_nan=False)
                      ^^^^^^^^^^^^^
src/cloud_edge_robot_arm/vision/owner_registration.py:80: in _plain
    return {k: _plain(v) for k, v in value.items()}
               ^^^^^^^^^
_ _ _ _ _ _ _ _ _ _ _ _ _ _ _ _ _ _ _ _ _ _ _ _ _ _ _ _ _ _ _ _ _ _ _ _ _ _ _ _ 

value = VisualOriginalPlan(identity=VisualOwnerIdentity(job_id='job-1', run_id='run-1', attempt=1, worker_id='worker-1', lease...0, 40, tzinfo=datetime.timezone.utc), registered_at=datetime.datetime(2026, 10, 4, 0, 0, tzinfo=datetime.timezone.utc))

    def _plain(value: Any) -> Any:
        if isinstance(value, Enum):
            return value.value
        if isinstance(value, datetime):
            return _aware(value).isoformat()
        if isinstance(value, Mapping):
            if any(not isinstance(k, str) for k in value):
                raise ValueError("source payload keys must be strings")
            return {k: _plain(v) for k, v in value.items()}
        if isinstance(value, (tuple, list)):
            return [_plain(v) for v in value]
        if type(value) is float and not math.isfinite(value):
            raise ValueError("nonfinite source payload")
        if value is None or type(value) in {str, bool, int, float}:
            return value
>       raise ValueError("source payload must contain bounded JSON data")
E       ValueError: source payload must contain bounded JSON data

src/cloud_edge_robot_arm/vision/owner_registration.py:87: ValueError
_____ test_strict_remote_intent_rejects_without_any_execution_shape[token] _____

tmp_path = PosixPath('/tmp/pytest-of-ningyd/pytest-912/test_strict_remote_intent_reje6')
monkeypatch = <_pytest.monkeypatch.MonkeyPatch object at 0x7ebe37355d90>
change = 'token'

    @pytest.mark.parametrize("change", ["extra", "duplicate", "reorder", "skill", "binding", "command", "token", "bool", "pixel", "nan", "duplicate_key"])
    def test_strict_remote_intent_rejects_without_any_execution_shape(tmp_path, monkeypatch, change):
        def mutate(d):
            if change == "extra": d["execution_admitted"] = True
            elif change == "duplicate": d["replacements"][1] = dict(d["replacements"][0])
            elif change == "reorder": d["replacements"].reverse()
            elif change == "skill": d["replacements"][1]["skill"] = "RELEASE"
            elif change == "binding": d["binding_hash"] = "0" * 64
            elif change == "command": d["replacements"][0]["joint_angles"] = [0] * 7
            elif change == "token": d["activation_token"] = "forged"
            elif change == "bool": d["replacements"][0]["target_pixel"] = [True, 0]
            elif change == "pixel": d["replacements"][0]["target_pixel"] = [9999, 0]
            elif change == "nan": d["replacements"][0]["target_pixel"] = [float("nan"), 0]
            else: return '{"binding_hash":"0",' + json.dumps(d)[1:]
>       provider, wire, planner, *_ = setup(tmp_path, monkeypatch, change=mutate)
                                      ^^^^^^^^^^^^^^^^^^^^^^^^^^^^^^^^^^^^^^^^^^^

tests/test_role_conditional_planning.py:197: 
_ _ _ _ _ _ _ _ _ _ _ _ _ _ _ _ _ _ _ _ _ _ _ _ _ _ _ _ _ _ _ _ _ _ _ _ _ _ _ _ 
tests/test_role_conditional_planning.py:110: in setup
    source = module.RoleConditionalPlanningSource(**data, source_scope="SOFTWARE_ONLY")
             ^^^^^^^^^^^^^^^^^^^^^^^^^^^^^^^^^^^^^^^^^^^^^^^^^^^^^^^^^^^^^^^^^^^^^^^^^^
<string>:11: in __init__
    ???
src/cloud_edge_robot_arm/cloud/replanning/role_conditional_planning.py:90: in __post_init__
    object.__setattr__(self, "source_hash", _digest(self.payload()))
                                            ^^^^^^^^^^^^^^^^^^^^^^^
src/cloud_edge_robot_arm/cloud/replanning/role_conditional_planning.py:57: in _digest
    return hashlib.sha256(_canonical(value).encode()).hexdigest()
                          ^^^^^^^^^^^^^^^^^
src/cloud_edge_robot_arm/cloud/replanning/role_conditional_planning.py:53: in _canonical
    return json.dumps(_plain(value), sort_keys=True, separators=(",", ":"), allow_nan=False)
                      ^^^^^^^^^^^^^
src/cloud_edge_robot_arm/vision/owner_registration.py:80: in _plain
    return {k: _plain(v) for k, v in value.items()}
               ^^^^^^^^^
_ _ _ _ _ _ _ _ _ _ _ _ _ _ _ _ _ _ _ _ _ _ _ _ _ _ _ _ _ _ _ _ _ _ _ _ _ _ _ _ 

value = VisualOriginalPlan(identity=VisualOwnerIdentity(job_id='job-1', run_id='run-1', attempt=1, worker_id='worker-1', lease...0, 40, tzinfo=datetime.timezone.utc), registered_at=datetime.datetime(2026, 10, 4, 0, 0, tzinfo=datetime.timezone.utc))

    def _plain(value: Any) -> Any:
        if isinstance(value, Enum):
            return value.value
        if isinstance(value, datetime):
            return _aware(value).isoformat()
        if isinstance(value, Mapping):
            if any(not isinstance(k, str) for k in value):
                raise ValueError("source payload keys must be strings")
            return {k: _plain(v) for k, v in value.items()}
        if isinstance(value, (tuple, list)):
            return [_plain(v) for v in value]
        if type(value) is float and not math.isfinite(value):
            raise ValueError("nonfinite source payload")
        if value is None or type(value) in {str, bool, int, float}:
            return value
>       raise ValueError("source payload must contain bounded JSON data")
E       ValueError: source payload must contain bounded JSON data

src/cloud_edge_robot_arm/vision/owner_registration.py:87: ValueError
_____ test_strict_remote_intent_rejects_without_any_execution_shape[bool] ______

tmp_path = PosixPath('/tmp/pytest-of-ningyd/pytest-912/test_strict_remote_intent_reje7')
monkeypatch = <_pytest.monkeypatch.MonkeyPatch object at 0x7ebe37361220>
change = 'bool'

    @pytest.mark.parametrize("change", ["extra", "duplicate", "reorder", "skill", "binding", "command", "token", "bool", "pixel", "nan", "duplicate_key"])
    def test_strict_remote_intent_rejects_without_any_execution_shape(tmp_path, monkeypatch, change):
        def mutate(d):
            if change == "extra": d["execution_admitted"] = True
            elif change == "duplicate": d["replacements"][1] = dict(d["replacements"][0])
            elif change == "reorder": d["replacements"].reverse()
            elif change == "skill": d["replacements"][1]["skill"] = "RELEASE"
            elif change == "binding": d["binding_hash"] = "0" * 64
            elif change == "command": d["replacements"][0]["joint_angles"] = [0] * 7
            elif change == "token": d["activation_token"] = "forged"
            elif change == "bool": d["replacements"][0]["target_pixel"] = [True, 0]
            elif change == "pixel": d["replacements"][0]["target_pixel"] = [9999, 0]
            elif change == "nan": d["replacements"][0]["target_pixel"] = [float("nan"), 0]
            else: return '{"binding_hash":"0",' + json.dumps(d)[1:]
>       provider, wire, planner, *_ = setup(tmp_path, monkeypatch, change=mutate)
                                      ^^^^^^^^^^^^^^^^^^^^^^^^^^^^^^^^^^^^^^^^^^^

tests/test_role_conditional_planning.py:197: 
_ _ _ _ _ _ _ _ _ _ _ _ _ _ _ _ _ _ _ _ _ _ _ _ _ _ _ _ _ _ _ _ _ _ _ _ _ _ _ _ 
tests/test_role_conditional_planning.py:110: in setup
    source = module.RoleConditionalPlanningSource(**data, source_scope="SOFTWARE_ONLY")
             ^^^^^^^^^^^^^^^^^^^^^^^^^^^^^^^^^^^^^^^^^^^^^^^^^^^^^^^^^^^^^^^^^^^^^^^^^^
<string>:11: in __init__
    ???
src/cloud_edge_robot_arm/cloud/replanning/role_conditional_planning.py:90: in __post_init__
    object.__setattr__(self, "source_hash", _digest(self.payload()))
                                            ^^^^^^^^^^^^^^^^^^^^^^^
src/cloud_edge_robot_arm/cloud/replanning/role_conditional_planning.py:57: in _digest
    return hashlib.sha256(_canonical(value).encode()).hexdigest()
                          ^^^^^^^^^^^^^^^^^
src/cloud_edge_robot_arm/cloud/replanning/role_conditional_planning.py:53: in _canonical
    return json.dumps(_plain(value), sort_keys=True, separators=(",", ":"), allow_nan=False)
                      ^^^^^^^^^^^^^
src/cloud_edge_robot_arm/vision/owner_registration.py:80: in _plain
    return {k: _plain(v) for k, v in value.items()}
               ^^^^^^^^^
_ _ _ _ _ _ _ _ _ _ _ _ _ _ _ _ _ _ _ _ _ _ _ _ _ _ _ _ _ _ _ _ _ _ _ _ _ _ _ _ 

value = VisualOriginalPlan(identity=VisualOwnerIdentity(job_id='job-1', run_id='run-1', attempt=1, worker_id='worker-1', lease...0, 40, tzinfo=datetime.timezone.utc), registered_at=datetime.datetime(2026, 10, 4, 0, 0, tzinfo=datetime.timezone.utc))

    def _plain(value: Any) -> Any:
        if isinstance(value, Enum):
            return value.value
        if isinstance(value, datetime):
            return _aware(value).isoformat()
        if isinstance(value, Mapping):
            if any(not isinstance(k, str) for k in value):
                raise ValueError("source payload keys must be strings")
            return {k: _plain(v) for k, v in value.items()}
        if isinstance(value, (tuple, list)):
            return [_plain(v) for v in value]
        if type(value) is float and not math.isfinite(value):
            raise ValueError("nonfinite source payload")
        if value is None or type(value) in {str, bool, int, float}:
            return value
>       raise ValueError("source payload must contain bounded JSON data")
E       ValueError: source payload must contain bounded JSON data

src/cloud_edge_robot_arm/vision/owner_registration.py:87: ValueError
_____ test_strict_remote_intent_rejects_without_any_execution_shape[pixel] _____

tmp_path = PosixPath('/tmp/pytest-of-ningyd/pytest-912/test_strict_remote_intent_reje8')
monkeypatch = <_pytest.monkeypatch.MonkeyPatch object at 0x7ebe37361eb0>
change = 'pixel'

    @pytest.mark.parametrize("change", ["extra", "duplicate", "reorder", "skill", "binding", "command", "token", "bool", "pixel", "nan", "duplicate_key"])
    def test_strict_remote_intent_rejects_without_any_execution_shape(tmp_path, monkeypatch, change):
        def mutate(d):
            if change == "extra": d["execution_admitted"] = True
            elif change == "duplicate": d["replacements"][1] = dict(d["replacements"][0])
            elif change == "reorder": d["replacements"].reverse()
            elif change == "skill": d["replacements"][1]["skill"] = "RELEASE"
            elif change == "binding": d["binding_hash"] = "0" * 64
            elif change == "command": d["replacements"][0]["joint_angles"] = [0] * 7
            elif change == "token": d["activation_token"] = "forged"
            elif change == "bool": d["replacements"][0]["target_pixel"] = [True, 0]
            elif change == "pixel": d["replacements"][0]["target_pixel"] = [9999, 0]
            elif change == "nan": d["replacements"][0]["target_pixel"] = [float("nan"), 0]
            else: return '{"binding_hash":"0",' + json.dumps(d)[1:]
>       provider, wire, planner, *_ = setup(tmp_path, monkeypatch, change=mutate)
                                      ^^^^^^^^^^^^^^^^^^^^^^^^^^^^^^^^^^^^^^^^^^^

tests/test_role_conditional_planning.py:197: 
_ _ _ _ _ _ _ _ _ _ _ _ _ _ _ _ _ _ _ _ _ _ _ _ _ _ _ _ _ _ _ _ _ _ _ _ _ _ _ _ 
tests/test_role_conditional_planning.py:110: in setup
    source = module.RoleConditionalPlanningSource(**data, source_scope="SOFTWARE_ONLY")
             ^^^^^^^^^^^^^^^^^^^^^^^^^^^^^^^^^^^^^^^^^^^^^^^^^^^^^^^^^^^^^^^^^^^^^^^^^^
<string>:11: in __init__
    ???
src/cloud_edge_robot_arm/cloud/replanning/role_conditional_planning.py:90: in __post_init__
    object.__setattr__(self, "source_hash", _digest(self.payload()))
                                            ^^^^^^^^^^^^^^^^^^^^^^^
src/cloud_edge_robot_arm/cloud/replanning/role_conditional_planning.py:57: in _digest
    return hashlib.sha256(_canonical(value).encode()).hexdigest()
                          ^^^^^^^^^^^^^^^^^
src/cloud_edge_robot_arm/cloud/replanning/role_conditional_planning.py:53: in _canonical
    return json.dumps(_plain(value), sort_keys=True, separators=(",", ":"), allow_nan=False)
                      ^^^^^^^^^^^^^
src/cloud_edge_robot_arm/vision/owner_registration.py:80: in _plain
    return {k: _plain(v) for k, v in value.items()}
               ^^^^^^^^^
_ _ _ _ _ _ _ _ _ _ _ _ _ _ _ _ _ _ _ _ _ _ _ _ _ _ _ _ _ _ _ _ _ _ _ _ _ _ _ _ 

value = VisualOriginalPlan(identity=VisualOwnerIdentity(job_id='job-1', run_id='run-1', attempt=1, worker_id='worker-1', lease...0, 40, tzinfo=datetime.timezone.utc), registered_at=datetime.datetime(2026, 10, 4, 0, 0, tzinfo=datetime.timezone.utc))

    def _plain(value: Any) -> Any:
        if isinstance(value, Enum):
            return value.value
        if isinstance(value, datetime):
            return _aware(value).isoformat()
        if isinstance(value, Mapping):
            if any(not isinstance(k, str) for k in value):
                raise ValueError("source payload keys must be strings")
            return {k: _plain(v) for k, v in value.items()}
        if isinstance(value, (tuple, list)):
            return [_plain(v) for v in value]
        if type(value) is float and not math.isfinite(value):
            raise ValueError("nonfinite source payload")
        if value is None or type(value) in {str, bool, int, float}:
            return value
>       raise ValueError("source payload must contain bounded JSON data")
E       ValueError: source payload must contain bounded JSON data

src/cloud_edge_robot_arm/vision/owner_registration.py:87: ValueError
______ test_strict_remote_intent_rejects_without_any_execution_shape[nan] ______

tmp_path = PosixPath('/tmp/pytest-of-ningyd/pytest-912/test_strict_remote_intent_reje9')
monkeypatch = <_pytest.monkeypatch.MonkeyPatch object at 0x7ebe37357620>
change = 'nan'

    @pytest.mark.parametrize("change", ["extra", "duplicate", "reorder", "skill", "binding", "command", "token", "bool", "pixel", "nan", "duplicate_key"])
    def test_strict_remote_intent_rejects_without_any_execution_shape(tmp_path, monkeypatch, change):
        def mutate(d):
            if change == "extra": d["execution_admitted"] = True
            elif change == "duplicate": d["replacements"][1] = dict(d["replacements"][0])
            elif change == "reorder": d["replacements"].reverse()
            elif change == "skill": d["replacements"][1]["skill"] = "RELEASE"
            elif change == "binding": d["binding_hash"] = "0" * 64
            elif change == "command": d["replacements"][0]["joint_angles"] = [0] * 7
            elif change == "token": d["activation_token"] = "forged"
            elif change == "bool": d["replacements"][0]["target_pixel"] = [True, 0]
            elif change == "pixel": d["replacements"][0]["target_pixel"] = [9999, 0]
            elif change == "nan": d["replacements"][0]["target_pixel"] = [float("nan"), 0]
            else: return '{"binding_hash":"0",' + json.dumps(d)[1:]
>       provider, wire, planner, *_ = setup(tmp_path, monkeypatch, change=mutate)
                                      ^^^^^^^^^^^^^^^^^^^^^^^^^^^^^^^^^^^^^^^^^^^

tests/test_role_conditional_planning.py:197: 
_ _ _ _ _ _ _ _ _ _ _ _ _ _ _ _ _ _ _ _ _ _ _ _ _ _ _ _ _ _ _ _ _ _ _ _ _ _ _ _ 
tests/test_role_conditional_planning.py:110: in setup
    source = module.RoleConditionalPlanningSource(**data, source_scope="SOFTWARE_ONLY")
             ^^^^^^^^^^^^^^^^^^^^^^^^^^^^^^^^^^^^^^^^^^^^^^^^^^^^^^^^^^^^^^^^^^^^^^^^^^
<string>:11: in __init__
    ???
src/cloud_edge_robot_arm/cloud/replanning/role_conditional_planning.py:90: in __post_init__
    object.__setattr__(self, "source_hash", _digest(self.payload()))
                                            ^^^^^^^^^^^^^^^^^^^^^^^
src/cloud_edge_robot_arm/cloud/replanning/role_conditional_planning.py:57: in _digest
    return hashlib.sha256(_canonical(value).encode()).hexdigest()
                          ^^^^^^^^^^^^^^^^^
src/cloud_edge_robot_arm/cloud/replanning/role_conditional_planning.py:53: in _canonical
    return json.dumps(_plain(value), sort_keys=True, separators=(",", ":"), allow_nan=False)
                      ^^^^^^^^^^^^^
src/cloud_edge_robot_arm/vision/owner_registration.py:80: in _plain
    return {k: _plain(v) for k, v in value.items()}
               ^^^^^^^^^
_ _ _ _ _ _ _ _ _ _ _ _ _ _ _ _ _ _ _ _ _ _ _ _ _ _ _ _ _ _ _ _ _ _ _ _ _ _ _ _ 

value = VisualOriginalPlan(identity=VisualOwnerIdentity(job_id='job-1', run_id='run-1', attempt=1, worker_id='worker-1', lease...0, 40, tzinfo=datetime.timezone.utc), registered_at=datetime.datetime(2026, 10, 4, 0, 0, tzinfo=datetime.timezone.utc))

    def _plain(value: Any) -> Any:
        if isinstance(value, Enum):
            return value.value
        if isinstance(value, datetime):
            return _aware(value).isoformat()
        if isinstance(value, Mapping):
            if any(not isinstance(k, str) for k in value):
                raise ValueError("source payload keys must be strings")
            return {k: _plain(v) for k, v in value.items()}
        if isinstance(value, (tuple, list)):
            return [_plain(v) for v in value]
        if type(value) is float and not math.isfinite(value):
            raise ValueError("nonfinite source payload")
        if value is None or type(value) in {str, bool, int, float}:
            return value
>       raise ValueError("source payload must contain bounded JSON data")
E       ValueError: source payload must contain bounded JSON data

src/cloud_edge_robot_arm/vision/owner_registration.py:87: ValueError
_ test_strict_remote_intent_rejects_without_any_execution_shape[duplicate_key] _

tmp_path = PosixPath('/tmp/pytest-of-ningyd/pytest-912/test_strict_remote_intent_reje10')
monkeypatch = <_pytest.monkeypatch.MonkeyPatch object at 0x7ebe37290710>
change = 'duplicate_key'

    @pytest.mark.parametrize("change", ["extra", "duplicate", "reorder", "skill", "binding", "command", "token", "bool", "pixel", "nan", "duplicate_key"])
    def test_strict_remote_intent_rejects_without_any_execution_shape(tmp_path, monkeypatch, change):
        def mutate(d):
            if change == "extra": d["execution_admitted"] = True
            elif change == "duplicate": d["replacements"][1] = dict(d["replacements"][0])
            elif change == "reorder": d["replacements"].reverse()
            elif change == "skill": d["replacements"][1]["skill"] = "RELEASE"
            elif change == "binding": d["binding_hash"] = "0" * 64
            elif change == "command": d["replacements"][0]["joint_angles"] = [0] * 7
            elif change == "token": d["activation_token"] = "forged"
            elif change == "bool": d["replacements"][0]["target_pixel"] = [True, 0]
            elif change == "pixel": d["replacements"][0]["target_pixel"] = [9999, 0]
            elif change == "nan": d["replacements"][0]["target_pixel"] = [float("nan"), 0]
            else: return '{"binding_hash":"0",' + json.dumps(d)[1:]
>       provider, wire, planner, *_ = setup(tmp_path, monkeypatch, change=mutate)
                                      ^^^^^^^^^^^^^^^^^^^^^^^^^^^^^^^^^^^^^^^^^^^

tests/test_role_conditional_planning.py:197: 
_ _ _ _ _ _ _ _ _ _ _ _ _ _ _ _ _ _ _ _ _ _ _ _ _ _ _ _ _ _ _ _ _ _ _ _ _ _ _ _ 
tests/test_role_conditional_planning.py:110: in setup
    source = module.RoleConditionalPlanningSource(**data, source_scope="SOFTWARE_ONLY")
             ^^^^^^^^^^^^^^^^^^^^^^^^^^^^^^^^^^^^^^^^^^^^^^^^^^^^^^^^^^^^^^^^^^^^^^^^^^
<string>:11: in __init__
    ???
src/cloud_edge_robot_arm/cloud/replanning/role_conditional_planning.py:90: in __post_init__
    object.__setattr__(self, "source_hash", _digest(self.payload()))
                                            ^^^^^^^^^^^^^^^^^^^^^^^
src/cloud_edge_robot_arm/cloud/replanning/role_conditional_planning.py:57: in _digest
    return hashlib.sha256(_canonical(value).encode()).hexdigest()
                          ^^^^^^^^^^^^^^^^^
src/cloud_edge_robot_arm/cloud/replanning/role_conditional_planning.py:53: in _canonical
    return json.dumps(_plain(value), sort_keys=True, separators=(",", ":"), allow_nan=False)
                      ^^^^^^^^^^^^^
src/cloud_edge_robot_arm/vision/owner_registration.py:80: in _plain
    return {k: _plain(v) for k, v in value.items()}
               ^^^^^^^^^
_ _ _ _ _ _ _ _ _ _ _ _ _ _ _ _ _ _ _ _ _ _ _ _ _ _ _ _ _ _ _ _ _ _ _ _ _ _ _ _ 

value = VisualOriginalPlan(identity=VisualOwnerIdentity(job_id='job-1', run_id='run-1', attempt=1, worker_id='worker-1', lease...0, 40, tzinfo=datetime.timezone.utc), registered_at=datetime.datetime(2026, 10, 4, 0, 0, tzinfo=datetime.timezone.utc))

    def _plain(value: Any) -> Any:
        if isinstance(value, Enum):
            return value.value
        if isinstance(value, datetime):
            return _aware(value).isoformat()
        if isinstance(value, Mapping):
            if any(not isinstance(k, str) for k in value):
                raise ValueError("source payload keys must be strings")
            return {k: _plain(v) for k, v in value.items()}
        if isinstance(value, (tuple, list)):
            return [_plain(v) for v in value]
        if type(value) is float and not math.isfinite(value):
            raise ValueError("nonfinite source payload")
        if value is None or type(value) in {str, bool, int, float}:
            return value
>       raise ValueError("source payload must contain bounded JSON data")
E       ValueError: source payload must contain bounded JSON data

src/cloud_edge_robot_arm/vision/owner_registration.py:87: ValueError
_ test_post_response_clock_source_profile_robot_drift_cannot_return_intent[clock] _

tmp_path = PosixPath('/tmp/pytest-of-ningyd/pytest-912/test_post_response_clock_sourc0')
monkeypatch = <_pytest.monkeypatch.MonkeyPatch object at 0x7ebe37293fb0>
drift = 'clock'

    @pytest.mark.parametrize("drift", ["clock", "source", "profile", "hardstop", "role"])
    def test_post_response_clock_source_profile_robot_drift_cannot_return_intent(tmp_path, monkeypatch, drift):
>       provider, wire, planner, binding, _, now = setup(tmp_path, monkeypatch)
                                                   ^^^^^^^^^^^^^^^^^^^^^^^^^^^^

tests/test_role_conditional_planning.py:204: 
_ _ _ _ _ _ _ _ _ _ _ _ _ _ _ _ _ _ _ _ _ _ _ _ _ _ _ _ _ _ _ _ _ _ _ _ _ _ _ _ 
tests/test_role_conditional_planning.py:110: in setup
    source = module.RoleConditionalPlanningSource(**data, source_scope="SOFTWARE_ONLY")
             ^^^^^^^^^^^^^^^^^^^^^^^^^^^^^^^^^^^^^^^^^^^^^^^^^^^^^^^^^^^^^^^^^^^^^^^^^^
<string>:11: in __init__
    ???
src/cloud_edge_robot_arm/cloud/replanning/role_conditional_planning.py:90: in __post_init__
    object.__setattr__(self, "source_hash", _digest(self.payload()))
                                            ^^^^^^^^^^^^^^^^^^^^^^^
src/cloud_edge_robot_arm/cloud/replanning/role_conditional_planning.py:57: in _digest
    return hashlib.sha256(_canonical(value).encode()).hexdigest()
                          ^^^^^^^^^^^^^^^^^
src/cloud_edge_robot_arm/cloud/replanning/role_conditional_planning.py:53: in _canonical
    return json.dumps(_plain(value), sort_keys=True, separators=(",", ":"), allow_nan=False)
                      ^^^^^^^^^^^^^
src/cloud_edge_robot_arm/vision/owner_registration.py:80: in _plain
    return {k: _plain(v) for k, v in value.items()}
               ^^^^^^^^^
_ _ _ _ _ _ _ _ _ _ _ _ _ _ _ _ _ _ _ _ _ _ _ _ _ _ _ _ _ _ _ _ _ _ _ _ _ _ _ _ 

value = VisualOriginalPlan(identity=VisualOwnerIdentity(job_id='job-1', run_id='run-1', attempt=1, worker_id='worker-1', lease...0, 40, tzinfo=datetime.timezone.utc), registered_at=datetime.datetime(2026, 10, 4, 0, 0, tzinfo=datetime.timezone.utc))

    def _plain(value: Any) -> Any:
        if isinstance(value, Enum):
            return value.value
        if isinstance(value, datetime):
            return _aware(value).isoformat()
        if isinstance(value, Mapping):
            if any(not isinstance(k, str) for k in value):
                raise ValueError("source payload keys must be strings")
            return {k: _plain(v) for k, v in value.items()}
        if isinstance(value, (tuple, list)):
            return [_plain(v) for v in value]
        if type(value) is float and not math.isfinite(value):
            raise ValueError("nonfinite source payload")
        if value is None or type(value) in {str, bool, int, float}:
            return value
>       raise ValueError("source payload must contain bounded JSON data")
E       ValueError: source payload must contain bounded JSON data

src/cloud_edge_robot_arm/vision/owner_registration.py:87: ValueError
_ test_post_response_clock_source_profile_robot_drift_cannot_return_intent[source] _

tmp_path = PosixPath('/tmp/pytest-of-ningyd/pytest-912/test_post_response_clock_sourc1')
monkeypatch = <_pytest.monkeypatch.MonkeyPatch object at 0x7ebe637e4d70>
drift = 'source'

    @pytest.mark.parametrize("drift", ["clock", "source", "profile", "hardstop", "role"])
    def test_post_response_clock_source_profile_robot_drift_cannot_return_intent(tmp_path, monkeypatch, drift):
>       provider, wire, planner, binding, _, now = setup(tmp_path, monkeypatch)
                                                   ^^^^^^^^^^^^^^^^^^^^^^^^^^^^

tests/test_role_conditional_planning.py:204: 
_ _ _ _ _ _ _ _ _ _ _ _ _ _ _ _ _ _ _ _ _ _ _ _ _ _ _ _ _ _ _ _ _ _ _ _ _ _ _ _ 
tests/test_role_conditional_planning.py:110: in setup
    source = module.RoleConditionalPlanningSource(**data, source_scope="SOFTWARE_ONLY")
             ^^^^^^^^^^^^^^^^^^^^^^^^^^^^^^^^^^^^^^^^^^^^^^^^^^^^^^^^^^^^^^^^^^^^^^^^^^
<string>:11: in __init__
    ???
src/cloud_edge_robot_arm/cloud/replanning/role_conditional_planning.py:90: in __post_init__
    object.__setattr__(self, "source_hash", _digest(self.payload()))
                                            ^^^^^^^^^^^^^^^^^^^^^^^
src/cloud_edge_robot_arm/cloud/replanning/role_conditional_planning.py:57: in _digest
    return hashlib.sha256(_canonical(value).encode()).hexdigest()
                          ^^^^^^^^^^^^^^^^^
src/cloud_edge_robot_arm/cloud/replanning/role_conditional_planning.py:53: in _canonical
    return json.dumps(_plain(value), sort_keys=True, separators=(",", ":"), allow_nan=False)
                      ^^^^^^^^^^^^^
src/cloud_edge_robot_arm/vision/owner_registration.py:80: in _plain
    return {k: _plain(v) for k, v in value.items()}
               ^^^^^^^^^
_ _ _ _ _ _ _ _ _ _ _ _ _ _ _ _ _ _ _ _ _ _ _ _ _ _ _ _ _ _ _ _ _ _ _ _ _ _ _ _ 

value = VisualOriginalPlan(identity=VisualOwnerIdentity(job_id='job-1', run_id='run-1', attempt=1, worker_id='worker-1', lease...0, 40, tzinfo=datetime.timezone.utc), registered_at=datetime.datetime(2026, 10, 4, 0, 0, tzinfo=datetime.timezone.utc))

    def _plain(value: Any) -> Any:
        if isinstance(value, Enum):
            return value.value
        if isinstance(value, datetime):
            return _aware(value).isoformat()
        if isinstance(value, Mapping):
            if any(not isinstance(k, str) for k in value):
                raise ValueError("source payload keys must be strings")
            return {k: _plain(v) for k, v in value.items()}
        if isinstance(value, (tuple, list)):
            return [_plain(v) for v in value]
        if type(value) is float and not math.isfinite(value):
            raise ValueError("nonfinite source payload")
        if value is None or type(value) in {str, bool, int, float}:
            return value
>       raise ValueError("source payload must contain bounded JSON data")
E       ValueError: source payload must contain bounded JSON data

src/cloud_edge_robot_arm/vision/owner_registration.py:87: ValueError
_ test_post_response_clock_source_profile_robot_drift_cannot_return_intent[profile] _

tmp_path = PosixPath('/tmp/pytest-of-ningyd/pytest-912/test_post_response_clock_sourc2')
monkeypatch = <_pytest.monkeypatch.MonkeyPatch object at 0x7ebe373001d0>
drift = 'profile'

    @pytest.mark.parametrize("drift", ["clock", "source", "profile", "hardstop", "role"])
    def test_post_response_clock_source_profile_robot_drift_cannot_return_intent(tmp_path, monkeypatch, drift):
>       provider, wire, planner, binding, _, now = setup(tmp_path, monkeypatch)
                                                   ^^^^^^^^^^^^^^^^^^^^^^^^^^^^

tests/test_role_conditional_planning.py:204: 
_ _ _ _ _ _ _ _ _ _ _ _ _ _ _ _ _ _ _ _ _ _ _ _ _ _ _ _ _ _ _ _ _ _ _ _ _ _ _ _ 
tests/test_role_conditional_planning.py:110: in setup
    source = module.RoleConditionalPlanningSource(**data, source_scope="SOFTWARE_ONLY")
             ^^^^^^^^^^^^^^^^^^^^^^^^^^^^^^^^^^^^^^^^^^^^^^^^^^^^^^^^^^^^^^^^^^^^^^^^^^
<string>:11: in __init__
    ???
src/cloud_edge_robot_arm/cloud/replanning/role_conditional_planning.py:90: in __post_init__
    object.__setattr__(self, "source_hash", _digest(self.payload()))
                                            ^^^^^^^^^^^^^^^^^^^^^^^
src/cloud_edge_robot_arm/cloud/replanning/role_conditional_planning.py:57: in _digest
    return hashlib.sha256(_canonical(value).encode()).hexdigest()
                          ^^^^^^^^^^^^^^^^^
src/cloud_edge_robot_arm/cloud/replanning/role_conditional_planning.py:53: in _canonical
    return json.dumps(_plain(value), sort_keys=True, separators=(",", ":"), allow_nan=False)
                      ^^^^^^^^^^^^^
src/cloud_edge_robot_arm/vision/owner_registration.py:80: in _plain
    return {k: _plain(v) for k, v in value.items()}
               ^^^^^^^^^
_ _ _ _ _ _ _ _ _ _ _ _ _ _ _ _ _ _ _ _ _ _ _ _ _ _ _ _ _ _ _ _ _ _ _ _ _ _ _ _ 

value = VisualOriginalPlan(identity=VisualOwnerIdentity(job_id='job-1', run_id='run-1', attempt=1, worker_id='worker-1', lease...0, 40, tzinfo=datetime.timezone.utc), registered_at=datetime.datetime(2026, 10, 4, 0, 0, tzinfo=datetime.timezone.utc))

    def _plain(value: Any) -> Any:
        if isinstance(value, Enum):
            return value.value
        if isinstance(value, datetime):
            return _aware(value).isoformat()
        if isinstance(value, Mapping):
            if any(not isinstance(k, str) for k in value):
                raise ValueError("source payload keys must be strings")
            return {k: _plain(v) for k, v in value.items()}
        if isinstance(value, (tuple, list)):
            return [_plain(v) for v in value]
        if type(value) is float and not math.isfinite(value):
            raise ValueError("nonfinite source payload")
        if value is None or type(value) in {str, bool, int, float}:
            return value
>       raise ValueError("source payload must contain bounded JSON data")
E       ValueError: source payload must contain bounded JSON data

src/cloud_edge_robot_arm/vision/owner_registration.py:87: ValueError
_ test_post_response_clock_source_profile_robot_drift_cannot_return_intent[hardstop] _

tmp_path = PosixPath('/tmp/pytest-of-ningyd/pytest-912/test_post_response_clock_sourc3')
monkeypatch = <_pytest.monkeypatch.MonkeyPatch object at 0x7ebe371d35f0>
drift = 'hardstop'

    @pytest.mark.parametrize("drift", ["clock", "source", "profile", "hardstop", "role"])
    def test_post_response_clock_source_profile_robot_drift_cannot_return_intent(tmp_path, monkeypatch, drift):
>       provider, wire, planner, binding, _, now = setup(tmp_path, monkeypatch)
                                                   ^^^^^^^^^^^^^^^^^^^^^^^^^^^^

tests/test_role_conditional_planning.py:204: 
_ _ _ _ _ _ _ _ _ _ _ _ _ _ _ _ _ _ _ _ _ _ _ _ _ _ _ _ _ _ _ _ _ _ _ _ _ _ _ _ 
tests/test_role_conditional_planning.py:110: in setup
    source = module.RoleConditionalPlanningSource(**data, source_scope="SOFTWARE_ONLY")
             ^^^^^^^^^^^^^^^^^^^^^^^^^^^^^^^^^^^^^^^^^^^^^^^^^^^^^^^^^^^^^^^^^^^^^^^^^^
<string>:11: in __init__
    ???
src/cloud_edge_robot_arm/cloud/replanning/role_conditional_planning.py:90: in __post_init__
    object.__setattr__(self, "source_hash", _digest(self.payload()))
                                            ^^^^^^^^^^^^^^^^^^^^^^^
src/cloud_edge_robot_arm/cloud/replanning/role_conditional_planning.py:57: in _digest
    return hashlib.sha256(_canonical(value).encode()).hexdigest()
                          ^^^^^^^^^^^^^^^^^
src/cloud_edge_robot_arm/cloud/replanning/role_conditional_planning.py:53: in _canonical
    return json.dumps(_plain(value), sort_keys=True, separators=(",", ":"), allow_nan=False)
                      ^^^^^^^^^^^^^
src/cloud_edge_robot_arm/vision/owner_registration.py:80: in _plain
    return {k: _plain(v) for k, v in value.items()}
               ^^^^^^^^^
_ _ _ _ _ _ _ _ _ _ _ _ _ _ _ _ _ _ _ _ _ _ _ _ _ _ _ _ _ _ _ _ _ _ _ _ _ _ _ _ 

value = VisualOriginalPlan(identity=VisualOwnerIdentity(job_id='job-1', run_id='run-1', attempt=1, worker_id='worker-1', lease...0, 40, tzinfo=datetime.timezone.utc), registered_at=datetime.datetime(2026, 10, 4, 0, 0, tzinfo=datetime.timezone.utc))

    def _plain(value: Any) -> Any:
        if isinstance(value, Enum):
            return value.value
        if isinstance(value, datetime):
            return _aware(value).isoformat()
        if isinstance(value, Mapping):
            if any(not isinstance(k, str) for k in value):
                raise ValueError("source payload keys must be strings")
            return {k: _plain(v) for k, v in value.items()}
        if isinstance(value, (tuple, list)):
            return [_plain(v) for v in value]
        if type(value) is float and not math.isfinite(value):
            raise ValueError("nonfinite source payload")
        if value is None or type(value) in {str, bool, int, float}:
            return value
>       raise ValueError("source payload must contain bounded JSON data")
E       ValueError: source payload must contain bounded JSON data

src/cloud_edge_robot_arm/vision/owner_registration.py:87: ValueError
_ test_post_response_clock_source_profile_robot_drift_cannot_return_intent[role] _

tmp_path = PosixPath('/tmp/pytest-of-ningyd/pytest-912/test_post_response_clock_sourc4')
monkeypatch = <_pytest.monkeypatch.MonkeyPatch object at 0x7ebe37252720>
drift = 'role'

    @pytest.mark.parametrize("drift", ["clock", "source", "profile", "hardstop", "role"])
    def test_post_response_clock_source_profile_robot_drift_cannot_return_intent(tmp_path, monkeypatch, drift):
>       provider, wire, planner, binding, _, now = setup(tmp_path, monkeypatch)
                                                   ^^^^^^^^^^^^^^^^^^^^^^^^^^^^

tests/test_role_conditional_planning.py:204: 
_ _ _ _ _ _ _ _ _ _ _ _ _ _ _ _ _ _ _ _ _ _ _ _ _ _ _ _ _ _ _ _ _ _ _ _ _ _ _ _ 
tests/test_role_conditional_planning.py:110: in setup
    source = module.RoleConditionalPlanningSource(**data, source_scope="SOFTWARE_ONLY")
             ^^^^^^^^^^^^^^^^^^^^^^^^^^^^^^^^^^^^^^^^^^^^^^^^^^^^^^^^^^^^^^^^^^^^^^^^^^
<string>:11: in __init__
    ???
src/cloud_edge_robot_arm/cloud/replanning/role_conditional_planning.py:90: in __post_init__
    object.__setattr__(self, "source_hash", _digest(self.payload()))
                                            ^^^^^^^^^^^^^^^^^^^^^^^
src/cloud_edge_robot_arm/cloud/replanning/role_conditional_planning.py:57: in _digest
    return hashlib.sha256(_canonical(value).encode()).hexdigest()
                          ^^^^^^^^^^^^^^^^^
src/cloud_edge_robot_arm/cloud/replanning/role_conditional_planning.py:53: in _canonical
    return json.dumps(_plain(value), sort_keys=True, separators=(",", ":"), allow_nan=False)
                      ^^^^^^^^^^^^^
src/cloud_edge_robot_arm/vision/owner_registration.py:80: in _plain
    return {k: _plain(v) for k, v in value.items()}
               ^^^^^^^^^
_ _ _ _ _ _ _ _ _ _ _ _ _ _ _ _ _ _ _ _ _ _ _ _ _ _ _ _ _ _ _ _ _ _ _ _ _ _ _ _ 

value = VisualOriginalPlan(identity=VisualOwnerIdentity(job_id='job-1', run_id='run-1', attempt=1, worker_id='worker-1', lease...0, 40, tzinfo=datetime.timezone.utc), registered_at=datetime.datetime(2026, 10, 4, 0, 0, tzinfo=datetime.timezone.utc))

    def _plain(value: Any) -> Any:
        if isinstance(value, Enum):
            return value.value
        if isinstance(value, datetime):
            return _aware(value).isoformat()
        if isinstance(value, Mapping):
            if any(not isinstance(k, str) for k in value):
                raise ValueError("source payload keys must be strings")
            return {k: _plain(v) for k, v in value.items()}
        if isinstance(value, (tuple, list)):
            return [_plain(v) for v in value]
        if type(value) is float and not math.isfinite(value):
            raise ValueError("nonfinite source payload")
        if value is None or type(value) in {str, bool, int, float}:
            return value
>       raise ValueError("source payload must contain bounded JSON data")
E       ValueError: source payload must contain bounded JSON data

src/cloud_edge_robot_arm/vision/owner_registration.py:87: ValueError
________ test_normalized_coordinates_are_converted_before_pure_builder _________

tmp_path = PosixPath('/tmp/pytest-of-ningyd/pytest-912/test_normalized_coordinates_ar0')
monkeypatch = <_pytest.monkeypatch.MonkeyPatch object at 0x7ebe372519d0>

    def test_normalized_coordinates_are_converted_before_pure_builder(tmp_path, monkeypatch):
        def selected(d):
            d["replacements"][0]["target_pixel"] = [1000, 1000]
>       provider, _, _, _, data, _ = setup(tmp_path, monkeypatch, change=selected,
                                          coordinate_system="normalized_1000")

tests/test_role_conditional_planning.py:219: 
_ _ _ _ _ _ _ _ _ _ _ _ _ _ _ _ _ _ _ _ _ _ _ _ _ _ _ _ _ _ _ _ _ _ _ _ _ _ _ _ 
tests/test_role_conditional_planning.py:110: in setup
    source = module.RoleConditionalPlanningSource(**data, source_scope="SOFTWARE_ONLY")
             ^^^^^^^^^^^^^^^^^^^^^^^^^^^^^^^^^^^^^^^^^^^^^^^^^^^^^^^^^^^^^^^^^^^^^^^^^^
<string>:11: in __init__
    ???
src/cloud_edge_robot_arm/cloud/replanning/role_conditional_planning.py:90: in __post_init__
    object.__setattr__(self, "source_hash", _digest(self.payload()))
                                            ^^^^^^^^^^^^^^^^^^^^^^^
src/cloud_edge_robot_arm/cloud/replanning/role_conditional_planning.py:57: in _digest
    return hashlib.sha256(_canonical(value).encode()).hexdigest()
                          ^^^^^^^^^^^^^^^^^
src/cloud_edge_robot_arm/cloud/replanning/role_conditional_planning.py:53: in _canonical
    return json.dumps(_plain(value), sort_keys=True, separators=(",", ":"), allow_nan=False)
                      ^^^^^^^^^^^^^
src/cloud_edge_robot_arm/vision/owner_registration.py:80: in _plain
    return {k: _plain(v) for k, v in value.items()}
               ^^^^^^^^^
_ _ _ _ _ _ _ _ _ _ _ _ _ _ _ _ _ _ _ _ _ _ _ _ _ _ _ _ _ _ _ _ _ _ _ _ _ _ _ _ 

value = VisualOriginalPlan(identity=VisualOwnerIdentity(job_id='job-1', run_id='run-1', attempt=1, worker_id='worker-1', lease...0, 40, tzinfo=datetime.timezone.utc), registered_at=datetime.datetime(2026, 10, 4, 0, 0, tzinfo=datetime.timezone.utc))

    def _plain(value: Any) -> Any:
        if isinstance(value, Enum):
            return value.value
        if isinstance(value, datetime):
            return _aware(value).isoformat()
        if isinstance(value, Mapping):
            if any(not isinstance(k, str) for k in value):
                raise ValueError("source payload keys must be strings")
            return {k: _plain(v) for k, v in value.items()}
        if isinstance(value, (tuple, list)):
            return [_plain(v) for v in value]
        if type(value) is float and not math.isfinite(value):
            raise ValueError("nonfinite source payload")
        if value is None or type(value) in {str, bool, int, float}:
            return value
>       raise ValueError("source payload must contain bounded JSON data")
E       ValueError: source payload must contain bounded JSON data

src/cloud_edge_robot_arm/vision/owner_registration.py:87: ValueError
__________ test_detached_original_source_inputs_cannot_change_request __________

tmp_path = PosixPath('/tmp/pytest-of-ningyd/pytest-912/test_detached_original_source_0')
monkeypatch = <_pytest.monkeypatch.MonkeyPatch object at 0x7ebe371d12e0>

    def test_detached_original_source_inputs_cannot_change_request(tmp_path, monkeypatch):
>       provider, _, _, _, data, _ = setup(tmp_path, monkeypatch)
                                     ^^^^^^^^^^^^^^^^^^^^^^^^^^^^

tests/test_role_conditional_planning.py:227: 
_ _ _ _ _ _ _ _ _ _ _ _ _ _ _ _ _ _ _ _ _ _ _ _ _ _ _ _ _ _ _ _ _ _ _ _ _ _ _ _ 
tests/test_role_conditional_planning.py:110: in setup
    source = module.RoleConditionalPlanningSource(**data, source_scope="SOFTWARE_ONLY")
             ^^^^^^^^^^^^^^^^^^^^^^^^^^^^^^^^^^^^^^^^^^^^^^^^^^^^^^^^^^^^^^^^^^^^^^^^^^
<string>:11: in __init__
    ???
src/cloud_edge_robot_arm/cloud/replanning/role_conditional_planning.py:90: in __post_init__
    object.__setattr__(self, "source_hash", _digest(self.payload()))
                                            ^^^^^^^^^^^^^^^^^^^^^^^
src/cloud_edge_robot_arm/cloud/replanning/role_conditional_planning.py:57: in _digest
    return hashlib.sha256(_canonical(value).encode()).hexdigest()
                          ^^^^^^^^^^^^^^^^^
src/cloud_edge_robot_arm/cloud/replanning/role_conditional_planning.py:53: in _canonical
    return json.dumps(_plain(value), sort_keys=True, separators=(",", ":"), allow_nan=False)
                      ^^^^^^^^^^^^^
src/cloud_edge_robot_arm/vision/owner_registration.py:80: in _plain
    return {k: _plain(v) for k, v in value.items()}
               ^^^^^^^^^
_ _ _ _ _ _ _ _ _ _ _ _ _ _ _ _ _ _ _ _ _ _ _ _ _ _ _ _ _ _ _ _ _ _ _ _ _ _ _ _ 

value = VisualOriginalPlan(identity=VisualOwnerIdentity(job_id='job-1', run_id='run-1', attempt=1, worker_id='worker-1', lease...0, 40, tzinfo=datetime.timezone.utc), registered_at=datetime.datetime(2026, 10, 4, 0, 0, tzinfo=datetime.timezone.utc))

    def _plain(value: Any) -> Any:
        if isinstance(value, Enum):
            return value.value
        if isinstance(value, datetime):
            return _aware(value).isoformat()
        if isinstance(value, Mapping):
            if any(not isinstance(k, str) for k in value):
                raise ValueError("source payload keys must be strings")
            return {k: _plain(v) for k, v in value.items()}
        if isinstance(value, (tuple, list)):
            return [_plain(v) for v in value]
        if type(value) is float and not math.isfinite(value):
            raise ValueError("nonfinite source payload")
        if value is None or type(value) in {str, bool, int, float}:
            return value
>       raise ValueError("source payload must contain bounded JSON data")
E       ValueError: source payload must contain bounded JSON data

src/cloud_edge_robot_arm/vision/owner_registration.py:87: ValueError
_______ test_unavailable_or_forged_actual_scope_never_enables_transport ________

tmp_path = PosixPath('/tmp/pytest-of-ningyd/pytest-912/test_unavailable_or_forged_act0')
monkeypatch = <_pytest.monkeypatch.MonkeyPatch object at 0x7ebe37274c50>

    def test_unavailable_or_forged_actual_scope_never_enables_transport(tmp_path, monkeypatch):
>       provider, wire, planner, _, _, _ = setup(tmp_path, monkeypatch)
                                           ^^^^^^^^^^^^^^^^^^^^^^^^^^^^

tests/test_role_conditional_planning.py:236: 
_ _ _ _ _ _ _ _ _ _ _ _ _ _ _ _ _ _ _ _ _ _ _ _ _ _ _ _ _ _ _ _ _ _ _ _ _ _ _ _ 
tests/test_role_conditional_planning.py:110: in setup
    source = module.RoleConditionalPlanningSource(**data, source_scope="SOFTWARE_ONLY")
             ^^^^^^^^^^^^^^^^^^^^^^^^^^^^^^^^^^^^^^^^^^^^^^^^^^^^^^^^^^^^^^^^^^^^^^^^^^
<string>:11: in __init__
    ???
src/cloud_edge_robot_arm/cloud/replanning/role_conditional_planning.py:90: in __post_init__
    object.__setattr__(self, "source_hash", _digest(self.payload()))
                                            ^^^^^^^^^^^^^^^^^^^^^^^
src/cloud_edge_robot_arm/cloud/replanning/role_conditional_planning.py:57: in _digest
    return hashlib.sha256(_canonical(value).encode()).hexdigest()
                          ^^^^^^^^^^^^^^^^^
src/cloud_edge_robot_arm/cloud/replanning/role_conditional_planning.py:53: in _canonical
    return json.dumps(_plain(value), sort_keys=True, separators=(",", ":"), allow_nan=False)
                      ^^^^^^^^^^^^^
src/cloud_edge_robot_arm/vision/owner_registration.py:80: in _plain
    return {k: _plain(v) for k, v in value.items()}
               ^^^^^^^^^
_ _ _ _ _ _ _ _ _ _ _ _ _ _ _ _ _ _ _ _ _ _ _ _ _ _ _ _ _ _ _ _ _ _ _ _ _ _ _ _ 

value = VisualOriginalPlan(identity=VisualOwnerIdentity(job_id='job-1', run_id='run-1', attempt=1, worker_id='worker-1', lease...0, 40, tzinfo=datetime.timezone.utc), registered_at=datetime.datetime(2026, 10, 4, 0, 0, tzinfo=datetime.timezone.utc))

    def _plain(value: Any) -> Any:
        if isinstance(value, Enum):
            return value.value
        if isinstance(value, datetime):
            return _aware(value).isoformat()
        if isinstance(value, Mapping):
            if any(not isinstance(k, str) for k in value):
                raise ValueError("source payload keys must be strings")
            return {k: _plain(v) for k, v in value.items()}
        if isinstance(value, (tuple, list)):
            return [_plain(v) for v in value]
        if type(value) is float and not math.isfinite(value):
            raise ValueError("nonfinite source payload")
        if value is None or type(value) in {str, bool, int, float}:
            return value
>       raise ValueError("source payload must contain bounded JSON data")
E       ValueError: source payload must contain bounded JSON data

src/cloud_edge_robot_arm/vision/owner_registration.py:87: ValueError
=========================== short test summary info ============================
FAILED tests/test_role_conditional_planning.py::test_future_fail_is_planning_only_with_two_images_and_replanner_cost
FAILED tests/test_role_conditional_planning.py::test_remote_text_contains_only_minimum_intent_context
FAILED tests/test_role_conditional_planning.py::test_missing_prerequisite_makes_zero_requests_and_zero_reservations[binding]
FAILED tests/test_role_conditional_planning.py::test_missing_prerequisite_makes_zero_requests_and_zero_reservations[source]
FAILED tests/test_role_conditional_planning.py::test_missing_prerequisite_makes_zero_requests_and_zero_reservations[key]
FAILED tests/test_role_conditional_planning.py::test_missing_prerequisite_makes_zero_requests_and_zero_reservations[paid]
FAILED tests/test_role_conditional_planning.py::test_missing_prerequisite_makes_zero_requests_and_zero_reservations[ledger]
FAILED tests/test_role_conditional_planning.py::test_missing_prerequisite_makes_zero_requests_and_zero_reservations[inventory]
FAILED tests/test_role_conditional_planning.py::test_missing_prerequisite_makes_zero_requests_and_zero_reservations[snapshot]
FAILED tests/test_role_conditional_planning.py::test_missing_prerequisite_makes_zero_requests_and_zero_reservations[role]
FAILED tests/test_role_conditional_planning.py::test_missing_prerequisite_makes_zero_requests_and_zero_reservations[original_bundle]
FAILED tests/test_role_conditional_planning.py::test_hard_stop_is_not_a_future_condition_fail_and_never_debits[estop_engaged]
FAILED tests/test_role_conditional_planning.py::test_hard_stop_is_not_a_future_condition_fail_and_never_debits[collision_detected]
FAILED tests/test_role_conditional_planning.py::test_hard_stop_is_not_a_future_condition_fail_and_never_debits[disconnected]
FAILED tests/test_role_conditional_planning.py::test_strict_remote_intent_rejects_without_any_execution_shape[extra]
FAILED tests/test_role_conditional_planning.py::test_strict_remote_intent_rejects_without_any_execution_shape[duplicate]
FAILED tests/test_role_conditional_planning.py::test_strict_remote_intent_rejects_without_any_execution_shape[reorder]
FAILED tests/test_role_conditional_planning.py::test_strict_remote_intent_rejects_without_any_execution_shape[skill]
FAILED tests/test_role_conditional_planning.py::test_strict_remote_intent_rejects_without_any_execution_shape[binding]
FAILED tests/test_role_conditional_planning.py::test_strict_remote_intent_rejects_without_any_execution_shape[command]
FAILED tests/test_role_conditional_planning.py::test_strict_remote_intent_rejects_without_any_execution_shape[token]
FAILED tests/test_role_conditional_planning.py::test_strict_remote_intent_rejects_without_any_execution_shape[bool]
FAILED tests/test_role_conditional_planning.py::test_strict_remote_intent_rejects_without_any_execution_shape[pixel]
FAILED tests/test_role_conditional_planning.py::test_strict_remote_intent_rejects_without_any_execution_shape[nan]
FAILED tests/test_role_conditional_planning.py::test_strict_remote_intent_rejects_without_any_execution_shape[duplicate_key]
FAILED tests/test_role_conditional_planning.py::test_post_response_clock_source_profile_robot_drift_cannot_return_intent[clock]
FAILED tests/test_role_conditional_planning.py::test_post_response_clock_source_profile_robot_drift_cannot_return_intent[source]
FAILED tests/test_role_conditional_planning.py::test_post_response_clock_source_profile_robot_drift_cannot_return_intent[profile]
FAILED tests/test_role_conditional_planning.py::test_post_response_clock_source_profile_robot_drift_cannot_return_intent[hardstop]
FAILED tests/test_role_conditional_planning.py::test_post_response_clock_source_profile_robot_drift_cannot_return_intent[role]
FAILED tests/test_role_conditional_planning.py::test_normalized_coordinates_are_converted_before_pure_builder
FAILED tests/test_role_conditional_planning.py::test_detached_original_source_inputs_cannot_change_request
FAILED tests/test_role_conditional_planning.py::test_unavailable_or_forged_actual_scope_never_enables_transport
33 failed in 1.61s
