FFFFFFFFFFFFFFFFFFFFFFFFFFFFFFFFF                                        [100%]
=================================== FAILURES ===================================
_____ test_future_fail_is_planning_only_with_two_images_and_replanner_cost _____

tmp_path = PosixPath('/tmp/pytest-of-ningyd/pytest-911/test_future_fail_is_planning_o0')
monkeypatch = <_pytest.monkeypatch.MonkeyPatch object at 0x7b80c8152de0>

    def test_future_fail_is_planning_only_with_two_images_and_replanner_cost(tmp_path, monkeypatch):
>       provider, wire, planner, _, data, _ = setup(tmp_path, monkeypatch)
                                              ^^^^^^^^^^^^^^^^^^^^^^^^^^^^

tests/test_role_conditional_planning.py:119: 
_ _ _ _ _ _ _ _ _ _ _ _ _ _ _ _ _ _ _ _ _ _ _ _ _ _ _ _ _ _ _ _ _ _ _ _ _ _ _ _ 
tests/test_role_conditional_planning.py:93: in setup
    binding = replace(binding, bundle=bundle)
              ^^^^^^^^^^^^^^^^^^^^^^^^^^^^^^^
/usr/lib/python3.12/dataclasses.py:1581: in replace
    return obj.__class__(**changes)
           ^^^^^^^^^^^^^^^^^^^^^^^^
<string>:8: in __init__
    ???
src/cloud_edge_robot_arm/vision/runtime_binding.py:75: in __post_init__
    policy = json.loads(json.dumps(dict(self.edge_policy), allow_nan=False))
                        ^^^^^^^^^^^^^^^^^^^^^^^^^^^^^^^^^^^^^^^^^^^^^^^^^^^
/usr/lib/python3.12/json/__init__.py:238: in dumps
    **kw).encode(obj)
          ^^^^^^^^^^^
/usr/lib/python3.12/json/encoder.py:200: in encode
    chunks = self.iterencode(o, _one_shot=True)
             ^^^^^^^^^^^^^^^^^^^^^^^^^^^^^^^^^^
/usr/lib/python3.12/json/encoder.py:258: in iterencode
    return _iterencode(o, 0)
           ^^^^^^^^^^^^^^^^^
_ _ _ _ _ _ _ _ _ _ _ _ _ _ _ _ _ _ _ _ _ _ _ _ _ _ _ _ _ _ _ _ _ _ _ _ _ _ _ _ 

self = <json.encoder.JSONEncoder object at 0x7b80c8153320>
o = mappingproxy({'max_reobservations': 2, 'max_retries': 0, 'max_no_progress': 3, 'deadline_s': 120.0})

    def default(self, o):
        """Implement this method in a subclass such that it returns
        a serializable object for ``o``, or calls the base implementation
        (to raise a ``TypeError``).
    
        For example, to support arbitrary iterators, you could
        implement default like this::
    
            def default(self, o):
                try:
                    iterable = iter(o)
                except TypeError:
                    pass
                else:
                    return list(iterable)
                # Let the base class default method raise the TypeError
                return super().default(o)
    
        """
>       raise TypeError(f'Object of type {o.__class__.__name__} '
                        f'is not JSON serializable')
E       TypeError: Object of type mappingproxy is not JSON serializable

/usr/lib/python3.12/json/encoder.py:180: TypeError
____________ test_remote_text_contains_only_minimum_intent_context _____________

tmp_path = PosixPath('/tmp/pytest-of-ningyd/pytest-911/test_remote_text_contains_only0')
monkeypatch = <_pytest.monkeypatch.MonkeyPatch object at 0x7b80c8188d70>

    def test_remote_text_contains_only_minimum_intent_context(tmp_path, monkeypatch):
>       provider, wire, _, _, _, _ = setup(tmp_path, monkeypatch)
                                     ^^^^^^^^^^^^^^^^^^^^^^^^^^^^

tests/test_role_conditional_planning.py:138: 
_ _ _ _ _ _ _ _ _ _ _ _ _ _ _ _ _ _ _ _ _ _ _ _ _ _ _ _ _ _ _ _ _ _ _ _ _ _ _ _ 
tests/test_role_conditional_planning.py:93: in setup
    binding = replace(binding, bundle=bundle)
              ^^^^^^^^^^^^^^^^^^^^^^^^^^^^^^^
/usr/lib/python3.12/dataclasses.py:1581: in replace
    return obj.__class__(**changes)
           ^^^^^^^^^^^^^^^^^^^^^^^^
<string>:8: in __init__
    ???
src/cloud_edge_robot_arm/vision/runtime_binding.py:75: in __post_init__
    policy = json.loads(json.dumps(dict(self.edge_policy), allow_nan=False))
                        ^^^^^^^^^^^^^^^^^^^^^^^^^^^^^^^^^^^^^^^^^^^^^^^^^^^
/usr/lib/python3.12/json/__init__.py:238: in dumps
    **kw).encode(obj)
          ^^^^^^^^^^^
/usr/lib/python3.12/json/encoder.py:200: in encode
    chunks = self.iterencode(o, _one_shot=True)
             ^^^^^^^^^^^^^^^^^^^^^^^^^^^^^^^^^^
/usr/lib/python3.12/json/encoder.py:258: in iterencode
    return _iterencode(o, 0)
           ^^^^^^^^^^^^^^^^^
_ _ _ _ _ _ _ _ _ _ _ _ _ _ _ _ _ _ _ _ _ _ _ _ _ _ _ _ _ _ _ _ _ _ _ _ _ _ _ _ 

self = <json.encoder.JSONEncoder object at 0x7b80c818a060>
o = mappingproxy({'max_reobservations': 2, 'max_retries': 0, 'max_no_progress': 3, 'deadline_s': 120.0})

    def default(self, o):
        """Implement this method in a subclass such that it returns
        a serializable object for ``o``, or calls the base implementation
        (to raise a ``TypeError``).
    
        For example, to support arbitrary iterators, you could
        implement default like this::
    
            def default(self, o):
                try:
                    iterable = iter(o)
                except TypeError:
                    pass
                else:
                    return list(iterable)
                # Let the base class default method raise the TypeError
                return super().default(o)
    
        """
>       raise TypeError(f'Object of type {o.__class__.__name__} '
                        f'is not JSON serializable')
E       TypeError: Object of type mappingproxy is not JSON serializable

/usr/lib/python3.12/json/encoder.py:180: TypeError
_ test_missing_prerequisite_makes_zero_requests_and_zero_reservations[binding] _

tmp_path = PosixPath('/tmp/pytest-of-ningyd/pytest-911/test_missing_prerequisite_make0')
monkeypatch = <_pytest.monkeypatch.MonkeyPatch object at 0x7b80c818a000>
missing = 'binding'

    @pytest.mark.parametrize("missing", ["binding", "source", "key", "paid", "ledger", "inventory", "snapshot", "role", "original_bundle"])
    def test_missing_prerequisite_makes_zero_requests_and_zero_reservations(tmp_path, monkeypatch, missing):
>       provider, wire, planner, binding, _, _ = setup(tmp_path, monkeypatch)
                                                 ^^^^^^^^^^^^^^^^^^^^^^^^^^^^

tests/test_role_conditional_planning.py:152: 
_ _ _ _ _ _ _ _ _ _ _ _ _ _ _ _ _ _ _ _ _ _ _ _ _ _ _ _ _ _ _ _ _ _ _ _ _ _ _ _ 
tests/test_role_conditional_planning.py:93: in setup
    binding = replace(binding, bundle=bundle)
              ^^^^^^^^^^^^^^^^^^^^^^^^^^^^^^^
/usr/lib/python3.12/dataclasses.py:1581: in replace
    return obj.__class__(**changes)
           ^^^^^^^^^^^^^^^^^^^^^^^^
<string>:8: in __init__
    ???
src/cloud_edge_robot_arm/vision/runtime_binding.py:75: in __post_init__
    policy = json.loads(json.dumps(dict(self.edge_policy), allow_nan=False))
                        ^^^^^^^^^^^^^^^^^^^^^^^^^^^^^^^^^^^^^^^^^^^^^^^^^^^
/usr/lib/python3.12/json/__init__.py:238: in dumps
    **kw).encode(obj)
          ^^^^^^^^^^^
/usr/lib/python3.12/json/encoder.py:200: in encode
    chunks = self.iterencode(o, _one_shot=True)
             ^^^^^^^^^^^^^^^^^^^^^^^^^^^^^^^^^^
/usr/lib/python3.12/json/encoder.py:258: in iterencode
    return _iterencode(o, 0)
           ^^^^^^^^^^^^^^^^^
_ _ _ _ _ _ _ _ _ _ _ _ _ _ _ _ _ _ _ _ _ _ _ _ _ _ _ _ _ _ _ _ _ _ _ _ _ _ _ _ 

self = <json.encoder.JSONEncoder object at 0x7b80c8189fa0>
o = mappingproxy({'max_reobservations': 2, 'max_retries': 0, 'max_no_progress': 3, 'deadline_s': 120.0})

    def default(self, o):
        """Implement this method in a subclass such that it returns
        a serializable object for ``o``, or calls the base implementation
        (to raise a ``TypeError``).
    
        For example, to support arbitrary iterators, you could
        implement default like this::
    
            def default(self, o):
                try:
                    iterable = iter(o)
                except TypeError:
                    pass
                else:
                    return list(iterable)
                # Let the base class default method raise the TypeError
                return super().default(o)
    
        """
>       raise TypeError(f'Object of type {o.__class__.__name__} '
                        f'is not JSON serializable')
E       TypeError: Object of type mappingproxy is not JSON serializable

/usr/lib/python3.12/json/encoder.py:180: TypeError
_ test_missing_prerequisite_makes_zero_requests_and_zero_reservations[source] __

tmp_path = PosixPath('/tmp/pytest-of-ningyd/pytest-911/test_missing_prerequisite_make1')
monkeypatch = <_pytest.monkeypatch.MonkeyPatch object at 0x7b80c8189c10>
missing = 'source'

    @pytest.mark.parametrize("missing", ["binding", "source", "key", "paid", "ledger", "inventory", "snapshot", "role", "original_bundle"])
    def test_missing_prerequisite_makes_zero_requests_and_zero_reservations(tmp_path, monkeypatch, missing):
>       provider, wire, planner, binding, _, _ = setup(tmp_path, monkeypatch)
                                                 ^^^^^^^^^^^^^^^^^^^^^^^^^^^^

tests/test_role_conditional_planning.py:152: 
_ _ _ _ _ _ _ _ _ _ _ _ _ _ _ _ _ _ _ _ _ _ _ _ _ _ _ _ _ _ _ _ _ _ _ _ _ _ _ _ 
tests/test_role_conditional_planning.py:93: in setup
    binding = replace(binding, bundle=bundle)
              ^^^^^^^^^^^^^^^^^^^^^^^^^^^^^^^
/usr/lib/python3.12/dataclasses.py:1581: in replace
    return obj.__class__(**changes)
           ^^^^^^^^^^^^^^^^^^^^^^^^
<string>:8: in __init__
    ???
src/cloud_edge_robot_arm/vision/runtime_binding.py:75: in __post_init__
    policy = json.loads(json.dumps(dict(self.edge_policy), allow_nan=False))
                        ^^^^^^^^^^^^^^^^^^^^^^^^^^^^^^^^^^^^^^^^^^^^^^^^^^^
/usr/lib/python3.12/json/__init__.py:238: in dumps
    **kw).encode(obj)
          ^^^^^^^^^^^
/usr/lib/python3.12/json/encoder.py:200: in encode
    chunks = self.iterencode(o, _one_shot=True)
             ^^^^^^^^^^^^^^^^^^^^^^^^^^^^^^^^^^
/usr/lib/python3.12/json/encoder.py:258: in iterencode
    return _iterencode(o, 0)
           ^^^^^^^^^^^^^^^^^
_ _ _ _ _ _ _ _ _ _ _ _ _ _ _ _ _ _ _ _ _ _ _ _ _ _ _ _ _ _ _ _ _ _ _ _ _ _ _ _ 

self = <json.encoder.JSONEncoder object at 0x7b80c818bb60>
o = mappingproxy({'max_reobservations': 2, 'max_retries': 0, 'max_no_progress': 3, 'deadline_s': 120.0})

    def default(self, o):
        """Implement this method in a subclass such that it returns
        a serializable object for ``o``, or calls the base implementation
        (to raise a ``TypeError``).
    
        For example, to support arbitrary iterators, you could
        implement default like this::
    
            def default(self, o):
                try:
                    iterable = iter(o)
                except TypeError:
                    pass
                else:
                    return list(iterable)
                # Let the base class default method raise the TypeError
                return super().default(o)
    
        """
>       raise TypeError(f'Object of type {o.__class__.__name__} '
                        f'is not JSON serializable')
E       TypeError: Object of type mappingproxy is not JSON serializable

/usr/lib/python3.12/json/encoder.py:180: TypeError
___ test_missing_prerequisite_makes_zero_requests_and_zero_reservations[key] ___

tmp_path = PosixPath('/tmp/pytest-of-ningyd/pytest-911/test_missing_prerequisite_make2')
monkeypatch = <_pytest.monkeypatch.MonkeyPatch object at 0x7b80c818b6b0>
missing = 'key'

    @pytest.mark.parametrize("missing", ["binding", "source", "key", "paid", "ledger", "inventory", "snapshot", "role", "original_bundle"])
    def test_missing_prerequisite_makes_zero_requests_and_zero_reservations(tmp_path, monkeypatch, missing):
>       provider, wire, planner, binding, _, _ = setup(tmp_path, monkeypatch)
                                                 ^^^^^^^^^^^^^^^^^^^^^^^^^^^^

tests/test_role_conditional_planning.py:152: 
_ _ _ _ _ _ _ _ _ _ _ _ _ _ _ _ _ _ _ _ _ _ _ _ _ _ _ _ _ _ _ _ _ _ _ _ _ _ _ _ 
tests/test_role_conditional_planning.py:93: in setup
    binding = replace(binding, bundle=bundle)
              ^^^^^^^^^^^^^^^^^^^^^^^^^^^^^^^
/usr/lib/python3.12/dataclasses.py:1581: in replace
    return obj.__class__(**changes)
           ^^^^^^^^^^^^^^^^^^^^^^^^
<string>:8: in __init__
    ???
src/cloud_edge_robot_arm/vision/runtime_binding.py:75: in __post_init__
    policy = json.loads(json.dumps(dict(self.edge_policy), allow_nan=False))
                        ^^^^^^^^^^^^^^^^^^^^^^^^^^^^^^^^^^^^^^^^^^^^^^^^^^^
/usr/lib/python3.12/json/__init__.py:238: in dumps
    **kw).encode(obj)
          ^^^^^^^^^^^
/usr/lib/python3.12/json/encoder.py:200: in encode
    chunks = self.iterencode(o, _one_shot=True)
             ^^^^^^^^^^^^^^^^^^^^^^^^^^^^^^^^^^
/usr/lib/python3.12/json/encoder.py:258: in iterencode
    return _iterencode(o, 0)
           ^^^^^^^^^^^^^^^^^
_ _ _ _ _ _ _ _ _ _ _ _ _ _ _ _ _ _ _ _ _ _ _ _ _ _ _ _ _ _ _ _ _ _ _ _ _ _ _ _ 

self = <json.encoder.JSONEncoder object at 0x7b80c80642c0>
o = mappingproxy({'max_reobservations': 2, 'max_retries': 0, 'max_no_progress': 3, 'deadline_s': 120.0})

    def default(self, o):
        """Implement this method in a subclass such that it returns
        a serializable object for ``o``, or calls the base implementation
        (to raise a ``TypeError``).
    
        For example, to support arbitrary iterators, you could
        implement default like this::
    
            def default(self, o):
                try:
                    iterable = iter(o)
                except TypeError:
                    pass
                else:
                    return list(iterable)
                # Let the base class default method raise the TypeError
                return super().default(o)
    
        """
>       raise TypeError(f'Object of type {o.__class__.__name__} '
                        f'is not JSON serializable')
E       TypeError: Object of type mappingproxy is not JSON serializable

/usr/lib/python3.12/json/encoder.py:180: TypeError
__ test_missing_prerequisite_makes_zero_requests_and_zero_reservations[paid] ___

tmp_path = PosixPath('/tmp/pytest-of-ningyd/pytest-911/test_missing_prerequisite_make3')
monkeypatch = <_pytest.monkeypatch.MonkeyPatch object at 0x7b80c8067560>
missing = 'paid'

    @pytest.mark.parametrize("missing", ["binding", "source", "key", "paid", "ledger", "inventory", "snapshot", "role", "original_bundle"])
    def test_missing_prerequisite_makes_zero_requests_and_zero_reservations(tmp_path, monkeypatch, missing):
>       provider, wire, planner, binding, _, _ = setup(tmp_path, monkeypatch)
                                                 ^^^^^^^^^^^^^^^^^^^^^^^^^^^^

tests/test_role_conditional_planning.py:152: 
_ _ _ _ _ _ _ _ _ _ _ _ _ _ _ _ _ _ _ _ _ _ _ _ _ _ _ _ _ _ _ _ _ _ _ _ _ _ _ _ 
tests/test_role_conditional_planning.py:93: in setup
    binding = replace(binding, bundle=bundle)
              ^^^^^^^^^^^^^^^^^^^^^^^^^^^^^^^
/usr/lib/python3.12/dataclasses.py:1581: in replace
    return obj.__class__(**changes)
           ^^^^^^^^^^^^^^^^^^^^^^^^
<string>:8: in __init__
    ???
src/cloud_edge_robot_arm/vision/runtime_binding.py:75: in __post_init__
    policy = json.loads(json.dumps(dict(self.edge_policy), allow_nan=False))
                        ^^^^^^^^^^^^^^^^^^^^^^^^^^^^^^^^^^^^^^^^^^^^^^^^^^^
/usr/lib/python3.12/json/__init__.py:238: in dumps
    **kw).encode(obj)
          ^^^^^^^^^^^
/usr/lib/python3.12/json/encoder.py:200: in encode
    chunks = self.iterencode(o, _one_shot=True)
             ^^^^^^^^^^^^^^^^^^^^^^^^^^^^^^^^^^
/usr/lib/python3.12/json/encoder.py:258: in iterencode
    return _iterencode(o, 0)
           ^^^^^^^^^^^^^^^^^
_ _ _ _ _ _ _ _ _ _ _ _ _ _ _ _ _ _ _ _ _ _ _ _ _ _ _ _ _ _ _ _ _ _ _ _ _ _ _ _ 

self = <json.encoder.JSONEncoder object at 0x7b80c8067020>
o = mappingproxy({'max_reobservations': 2, 'max_retries': 0, 'max_no_progress': 3, 'deadline_s': 120.0})

    def default(self, o):
        """Implement this method in a subclass such that it returns
        a serializable object for ``o``, or calls the base implementation
        (to raise a ``TypeError``).
    
        For example, to support arbitrary iterators, you could
        implement default like this::
    
            def default(self, o):
                try:
                    iterable = iter(o)
                except TypeError:
                    pass
                else:
                    return list(iterable)
                # Let the base class default method raise the TypeError
                return super().default(o)
    
        """
>       raise TypeError(f'Object of type {o.__class__.__name__} '
                        f'is not JSON serializable')
E       TypeError: Object of type mappingproxy is not JSON serializable

/usr/lib/python3.12/json/encoder.py:180: TypeError
_ test_missing_prerequisite_makes_zero_requests_and_zero_reservations[ledger] __

tmp_path = PosixPath('/tmp/pytest-of-ningyd/pytest-911/test_missing_prerequisite_make4')
monkeypatch = <_pytest.monkeypatch.MonkeyPatch object at 0x7b80c818bf50>
missing = 'ledger'

    @pytest.mark.parametrize("missing", ["binding", "source", "key", "paid", "ledger", "inventory", "snapshot", "role", "original_bundle"])
    def test_missing_prerequisite_makes_zero_requests_and_zero_reservations(tmp_path, monkeypatch, missing):
>       provider, wire, planner, binding, _, _ = setup(tmp_path, monkeypatch)
                                                 ^^^^^^^^^^^^^^^^^^^^^^^^^^^^

tests/test_role_conditional_planning.py:152: 
_ _ _ _ _ _ _ _ _ _ _ _ _ _ _ _ _ _ _ _ _ _ _ _ _ _ _ _ _ _ _ _ _ _ _ _ _ _ _ _ 
tests/test_role_conditional_planning.py:93: in setup
    binding = replace(binding, bundle=bundle)
              ^^^^^^^^^^^^^^^^^^^^^^^^^^^^^^^
/usr/lib/python3.12/dataclasses.py:1581: in replace
    return obj.__class__(**changes)
           ^^^^^^^^^^^^^^^^^^^^^^^^
<string>:8: in __init__
    ???
src/cloud_edge_robot_arm/vision/runtime_binding.py:75: in __post_init__
    policy = json.loads(json.dumps(dict(self.edge_policy), allow_nan=False))
                        ^^^^^^^^^^^^^^^^^^^^^^^^^^^^^^^^^^^^^^^^^^^^^^^^^^^
/usr/lib/python3.12/json/__init__.py:238: in dumps
    **kw).encode(obj)
          ^^^^^^^^^^^
/usr/lib/python3.12/json/encoder.py:200: in encode
    chunks = self.iterencode(o, _one_shot=True)
             ^^^^^^^^^^^^^^^^^^^^^^^^^^^^^^^^^^
/usr/lib/python3.12/json/encoder.py:258: in iterencode
    return _iterencode(o, 0)
           ^^^^^^^^^^^^^^^^^
_ _ _ _ _ _ _ _ _ _ _ _ _ _ _ _ _ _ _ _ _ _ _ _ _ _ _ _ _ _ _ _ _ _ _ _ _ _ _ _ 

self = <json.encoder.JSONEncoder object at 0x7b80c818a1e0>
o = mappingproxy({'max_reobservations': 2, 'max_retries': 0, 'max_no_progress': 3, 'deadline_s': 120.0})

    def default(self, o):
        """Implement this method in a subclass such that it returns
        a serializable object for ``o``, or calls the base implementation
        (to raise a ``TypeError``).
    
        For example, to support arbitrary iterators, you could
        implement default like this::
    
            def default(self, o):
                try:
                    iterable = iter(o)
                except TypeError:
                    pass
                else:
                    return list(iterable)
                # Let the base class default method raise the TypeError
                return super().default(o)
    
        """
>       raise TypeError(f'Object of type {o.__class__.__name__} '
                        f'is not JSON serializable')
E       TypeError: Object of type mappingproxy is not JSON serializable

/usr/lib/python3.12/json/encoder.py:180: TypeError
_ test_missing_prerequisite_makes_zero_requests_and_zero_reservations[inventory] _

tmp_path = PosixPath('/tmp/pytest-of-ningyd/pytest-911/test_missing_prerequisite_make5')
monkeypatch = <_pytest.monkeypatch.MonkeyPatch object at 0x7b80c80653d0>
missing = 'inventory'

    @pytest.mark.parametrize("missing", ["binding", "source", "key", "paid", "ledger", "inventory", "snapshot", "role", "original_bundle"])
    def test_missing_prerequisite_makes_zero_requests_and_zero_reservations(tmp_path, monkeypatch, missing):
>       provider, wire, planner, binding, _, _ = setup(tmp_path, monkeypatch)
                                                 ^^^^^^^^^^^^^^^^^^^^^^^^^^^^

tests/test_role_conditional_planning.py:152: 
_ _ _ _ _ _ _ _ _ _ _ _ _ _ _ _ _ _ _ _ _ _ _ _ _ _ _ _ _ _ _ _ _ _ _ _ _ _ _ _ 
tests/test_role_conditional_planning.py:93: in setup
    binding = replace(binding, bundle=bundle)
              ^^^^^^^^^^^^^^^^^^^^^^^^^^^^^^^
/usr/lib/python3.12/dataclasses.py:1581: in replace
    return obj.__class__(**changes)
           ^^^^^^^^^^^^^^^^^^^^^^^^
<string>:8: in __init__
    ???
src/cloud_edge_robot_arm/vision/runtime_binding.py:75: in __post_init__
    policy = json.loads(json.dumps(dict(self.edge_policy), allow_nan=False))
                        ^^^^^^^^^^^^^^^^^^^^^^^^^^^^^^^^^^^^^^^^^^^^^^^^^^^
/usr/lib/python3.12/json/__init__.py:238: in dumps
    **kw).encode(obj)
          ^^^^^^^^^^^
/usr/lib/python3.12/json/encoder.py:200: in encode
    chunks = self.iterencode(o, _one_shot=True)
             ^^^^^^^^^^^^^^^^^^^^^^^^^^^^^^^^^^
/usr/lib/python3.12/json/encoder.py:258: in iterencode
    return _iterencode(o, 0)
           ^^^^^^^^^^^^^^^^^
_ _ _ _ _ _ _ _ _ _ _ _ _ _ _ _ _ _ _ _ _ _ _ _ _ _ _ _ _ _ _ _ _ _ _ _ _ _ _ _ 

self = <json.encoder.JSONEncoder object at 0x7b80c8067e60>
o = mappingproxy({'max_reobservations': 2, 'max_retries': 0, 'max_no_progress': 3, 'deadline_s': 120.0})

    def default(self, o):
        """Implement this method in a subclass such that it returns
        a serializable object for ``o``, or calls the base implementation
        (to raise a ``TypeError``).
    
        For example, to support arbitrary iterators, you could
        implement default like this::
    
            def default(self, o):
                try:
                    iterable = iter(o)
                except TypeError:
                    pass
                else:
                    return list(iterable)
                # Let the base class default method raise the TypeError
                return super().default(o)
    
        """
>       raise TypeError(f'Object of type {o.__class__.__name__} '
                        f'is not JSON serializable')
E       TypeError: Object of type mappingproxy is not JSON serializable

/usr/lib/python3.12/json/encoder.py:180: TypeError
_ test_missing_prerequisite_makes_zero_requests_and_zero_reservations[snapshot] _

tmp_path = PosixPath('/tmp/pytest-of-ningyd/pytest-911/test_missing_prerequisite_make6')
monkeypatch = <_pytest.monkeypatch.MonkeyPatch object at 0x7b80c8066930>
missing = 'snapshot'

    @pytest.mark.parametrize("missing", ["binding", "source", "key", "paid", "ledger", "inventory", "snapshot", "role", "original_bundle"])
    def test_missing_prerequisite_makes_zero_requests_and_zero_reservations(tmp_path, monkeypatch, missing):
>       provider, wire, planner, binding, _, _ = setup(tmp_path, monkeypatch)
                                                 ^^^^^^^^^^^^^^^^^^^^^^^^^^^^

tests/test_role_conditional_planning.py:152: 
_ _ _ _ _ _ _ _ _ _ _ _ _ _ _ _ _ _ _ _ _ _ _ _ _ _ _ _ _ _ _ _ _ _ _ _ _ _ _ _ 
tests/test_role_conditional_planning.py:93: in setup
    binding = replace(binding, bundle=bundle)
              ^^^^^^^^^^^^^^^^^^^^^^^^^^^^^^^
/usr/lib/python3.12/dataclasses.py:1581: in replace
    return obj.__class__(**changes)
           ^^^^^^^^^^^^^^^^^^^^^^^^
<string>:8: in __init__
    ???
src/cloud_edge_robot_arm/vision/runtime_binding.py:75: in __post_init__
    policy = json.loads(json.dumps(dict(self.edge_policy), allow_nan=False))
                        ^^^^^^^^^^^^^^^^^^^^^^^^^^^^^^^^^^^^^^^^^^^^^^^^^^^
/usr/lib/python3.12/json/__init__.py:238: in dumps
    **kw).encode(obj)
          ^^^^^^^^^^^
/usr/lib/python3.12/json/encoder.py:200: in encode
    chunks = self.iterencode(o, _one_shot=True)
             ^^^^^^^^^^^^^^^^^^^^^^^^^^^^^^^^^^
/usr/lib/python3.12/json/encoder.py:258: in iterencode
    return _iterencode(o, 0)
           ^^^^^^^^^^^^^^^^^
_ _ _ _ _ _ _ _ _ _ _ _ _ _ _ _ _ _ _ _ _ _ _ _ _ _ _ _ _ _ _ _ _ _ _ _ _ _ _ _ 

self = <json.encoder.JSONEncoder object at 0x7b80c8065e80>
o = mappingproxy({'max_reobservations': 2, 'max_retries': 0, 'max_no_progress': 3, 'deadline_s': 120.0})

    def default(self, o):
        """Implement this method in a subclass such that it returns
        a serializable object for ``o``, or calls the base implementation
        (to raise a ``TypeError``).
    
        For example, to support arbitrary iterators, you could
        implement default like this::
    
            def default(self, o):
                try:
                    iterable = iter(o)
                except TypeError:
                    pass
                else:
                    return list(iterable)
                # Let the base class default method raise the TypeError
                return super().default(o)
    
        """
>       raise TypeError(f'Object of type {o.__class__.__name__} '
                        f'is not JSON serializable')
E       TypeError: Object of type mappingproxy is not JSON serializable

/usr/lib/python3.12/json/encoder.py:180: TypeError
__ test_missing_prerequisite_makes_zero_requests_and_zero_reservations[role] ___

tmp_path = PosixPath('/tmp/pytest-of-ningyd/pytest-911/test_missing_prerequisite_make7')
monkeypatch = <_pytest.monkeypatch.MonkeyPatch object at 0x7b80c8066c30>
missing = 'role'

    @pytest.mark.parametrize("missing", ["binding", "source", "key", "paid", "ledger", "inventory", "snapshot", "role", "original_bundle"])
    def test_missing_prerequisite_makes_zero_requests_and_zero_reservations(tmp_path, monkeypatch, missing):
>       provider, wire, planner, binding, _, _ = setup(tmp_path, monkeypatch)
                                                 ^^^^^^^^^^^^^^^^^^^^^^^^^^^^

tests/test_role_conditional_planning.py:152: 
_ _ _ _ _ _ _ _ _ _ _ _ _ _ _ _ _ _ _ _ _ _ _ _ _ _ _ _ _ _ _ _ _ _ _ _ _ _ _ _ 
tests/test_role_conditional_planning.py:93: in setup
    binding = replace(binding, bundle=bundle)
              ^^^^^^^^^^^^^^^^^^^^^^^^^^^^^^^
/usr/lib/python3.12/dataclasses.py:1581: in replace
    return obj.__class__(**changes)
           ^^^^^^^^^^^^^^^^^^^^^^^^
<string>:8: in __init__
    ???
src/cloud_edge_robot_arm/vision/runtime_binding.py:75: in __post_init__
    policy = json.loads(json.dumps(dict(self.edge_policy), allow_nan=False))
                        ^^^^^^^^^^^^^^^^^^^^^^^^^^^^^^^^^^^^^^^^^^^^^^^^^^^
/usr/lib/python3.12/json/__init__.py:238: in dumps
    **kw).encode(obj)
          ^^^^^^^^^^^
/usr/lib/python3.12/json/encoder.py:200: in encode
    chunks = self.iterencode(o, _one_shot=True)
             ^^^^^^^^^^^^^^^^^^^^^^^^^^^^^^^^^^
/usr/lib/python3.12/json/encoder.py:258: in iterencode
    return _iterencode(o, 0)
           ^^^^^^^^^^^^^^^^^
_ _ _ _ _ _ _ _ _ _ _ _ _ _ _ _ _ _ _ _ _ _ _ _ _ _ _ _ _ _ _ _ _ _ _ _ _ _ _ _ 

self = <json.encoder.JSONEncoder object at 0x7b80c8067a10>
o = mappingproxy({'max_reobservations': 2, 'max_retries': 0, 'max_no_progress': 3, 'deadline_s': 120.0})

    def default(self, o):
        """Implement this method in a subclass such that it returns
        a serializable object for ``o``, or calls the base implementation
        (to raise a ``TypeError``).
    
        For example, to support arbitrary iterators, you could
        implement default like this::
    
            def default(self, o):
                try:
                    iterable = iter(o)
                except TypeError:
                    pass
                else:
                    return list(iterable)
                # Let the base class default method raise the TypeError
                return super().default(o)
    
        """
>       raise TypeError(f'Object of type {o.__class__.__name__} '
                        f'is not JSON serializable')
E       TypeError: Object of type mappingproxy is not JSON serializable

/usr/lib/python3.12/json/encoder.py:180: TypeError
_ test_missing_prerequisite_makes_zero_requests_and_zero_reservations[original_bundle] _

tmp_path = PosixPath('/tmp/pytest-of-ningyd/pytest-911/test_missing_prerequisite_make8')
monkeypatch = <_pytest.monkeypatch.MonkeyPatch object at 0x7b80c800b4d0>
missing = 'original_bundle'

    @pytest.mark.parametrize("missing", ["binding", "source", "key", "paid", "ledger", "inventory", "snapshot", "role", "original_bundle"])
    def test_missing_prerequisite_makes_zero_requests_and_zero_reservations(tmp_path, monkeypatch, missing):
>       provider, wire, planner, binding, _, _ = setup(tmp_path, monkeypatch)
                                                 ^^^^^^^^^^^^^^^^^^^^^^^^^^^^

tests/test_role_conditional_planning.py:152: 
_ _ _ _ _ _ _ _ _ _ _ _ _ _ _ _ _ _ _ _ _ _ _ _ _ _ _ _ _ _ _ _ _ _ _ _ _ _ _ _ 
tests/test_role_conditional_planning.py:93: in setup
    binding = replace(binding, bundle=bundle)
              ^^^^^^^^^^^^^^^^^^^^^^^^^^^^^^^
/usr/lib/python3.12/dataclasses.py:1581: in replace
    return obj.__class__(**changes)
           ^^^^^^^^^^^^^^^^^^^^^^^^
<string>:8: in __init__
    ???
src/cloud_edge_robot_arm/vision/runtime_binding.py:75: in __post_init__
    policy = json.loads(json.dumps(dict(self.edge_policy), allow_nan=False))
                        ^^^^^^^^^^^^^^^^^^^^^^^^^^^^^^^^^^^^^^^^^^^^^^^^^^^
/usr/lib/python3.12/json/__init__.py:238: in dumps
    **kw).encode(obj)
          ^^^^^^^^^^^
/usr/lib/python3.12/json/encoder.py:200: in encode
    chunks = self.iterencode(o, _one_shot=True)
             ^^^^^^^^^^^^^^^^^^^^^^^^^^^^^^^^^^
/usr/lib/python3.12/json/encoder.py:258: in iterencode
    return _iterencode(o, 0)
           ^^^^^^^^^^^^^^^^^
_ _ _ _ _ _ _ _ _ _ _ _ _ _ _ _ _ _ _ _ _ _ _ _ _ _ _ _ _ _ _ _ _ _ _ _ _ _ _ _ 

self = <json.encoder.JSONEncoder object at 0x7b80c800a0f0>
o = mappingproxy({'max_reobservations': 2, 'max_retries': 0, 'max_no_progress': 3, 'deadline_s': 120.0})

    def default(self, o):
        """Implement this method in a subclass such that it returns
        a serializable object for ``o``, or calls the base implementation
        (to raise a ``TypeError``).
    
        For example, to support arbitrary iterators, you could
        implement default like this::
    
            def default(self, o):
                try:
                    iterable = iter(o)
                except TypeError:
                    pass
                else:
                    return list(iterable)
                # Let the base class default method raise the TypeError
                return super().default(o)
    
        """
>       raise TypeError(f'Object of type {o.__class__.__name__} '
                        f'is not JSON serializable')
E       TypeError: Object of type mappingproxy is not JSON serializable

/usr/lib/python3.12/json/encoder.py:180: TypeError
_ test_hard_stop_is_not_a_future_condition_fail_and_never_debits[estop_engaged] _

tmp_path = PosixPath('/tmp/pytest-of-ningyd/pytest-911/test_hard_stop_is_not_a_future0')
monkeypatch = <_pytest.monkeypatch.MonkeyPatch object at 0x7b80c8067fb0>
stop = 'estop_engaged'

    @pytest.mark.parametrize("stop", ["estop_engaged", "collision_detected", "disconnected"])
    def test_hard_stop_is_not_a_future_condition_fail_and_never_debits(tmp_path, monkeypatch, stop):
>       provider, wire, planner, _, _, _ = setup(tmp_path, monkeypatch)
                                           ^^^^^^^^^^^^^^^^^^^^^^^^^^^^

tests/test_role_conditional_planning.py:175: 
_ _ _ _ _ _ _ _ _ _ _ _ _ _ _ _ _ _ _ _ _ _ _ _ _ _ _ _ _ _ _ _ _ _ _ _ _ _ _ _ 
tests/test_role_conditional_planning.py:93: in setup
    binding = replace(binding, bundle=bundle)
              ^^^^^^^^^^^^^^^^^^^^^^^^^^^^^^^
/usr/lib/python3.12/dataclasses.py:1581: in replace
    return obj.__class__(**changes)
           ^^^^^^^^^^^^^^^^^^^^^^^^
<string>:8: in __init__
    ???
src/cloud_edge_robot_arm/vision/runtime_binding.py:75: in __post_init__
    policy = json.loads(json.dumps(dict(self.edge_policy), allow_nan=False))
                        ^^^^^^^^^^^^^^^^^^^^^^^^^^^^^^^^^^^^^^^^^^^^^^^^^^^
/usr/lib/python3.12/json/__init__.py:238: in dumps
    **kw).encode(obj)
          ^^^^^^^^^^^
/usr/lib/python3.12/json/encoder.py:200: in encode
    chunks = self.iterencode(o, _one_shot=True)
             ^^^^^^^^^^^^^^^^^^^^^^^^^^^^^^^^^^
/usr/lib/python3.12/json/encoder.py:258: in iterencode
    return _iterencode(o, 0)
           ^^^^^^^^^^^^^^^^^
_ _ _ _ _ _ _ _ _ _ _ _ _ _ _ _ _ _ _ _ _ _ _ _ _ _ _ _ _ _ _ _ _ _ _ _ _ _ _ _ 

self = <json.encoder.JSONEncoder object at 0x7b80c8065d60>
o = mappingproxy({'max_reobservations': 2, 'max_retries': 0, 'max_no_progress': 3, 'deadline_s': 120.0})

    def default(self, o):
        """Implement this method in a subclass such that it returns
        a serializable object for ``o``, or calls the base implementation
        (to raise a ``TypeError``).
    
        For example, to support arbitrary iterators, you could
        implement default like this::
    
            def default(self, o):
                try:
                    iterable = iter(o)
                except TypeError:
                    pass
                else:
                    return list(iterable)
                # Let the base class default method raise the TypeError
                return super().default(o)
    
        """
>       raise TypeError(f'Object of type {o.__class__.__name__} '
                        f'is not JSON serializable')
E       TypeError: Object of type mappingproxy is not JSON serializable

/usr/lib/python3.12/json/encoder.py:180: TypeError
_ test_hard_stop_is_not_a_future_condition_fail_and_never_debits[collision_detected] _

tmp_path = PosixPath('/tmp/pytest-of-ningyd/pytest-911/test_hard_stop_is_not_a_future1')
monkeypatch = <_pytest.monkeypatch.MonkeyPatch object at 0x7b80c800acf0>
stop = 'collision_detected'

    @pytest.mark.parametrize("stop", ["estop_engaged", "collision_detected", "disconnected"])
    def test_hard_stop_is_not_a_future_condition_fail_and_never_debits(tmp_path, monkeypatch, stop):
>       provider, wire, planner, _, _, _ = setup(tmp_path, monkeypatch)
                                           ^^^^^^^^^^^^^^^^^^^^^^^^^^^^

tests/test_role_conditional_planning.py:175: 
_ _ _ _ _ _ _ _ _ _ _ _ _ _ _ _ _ _ _ _ _ _ _ _ _ _ _ _ _ _ _ _ _ _ _ _ _ _ _ _ 
tests/test_role_conditional_planning.py:93: in setup
    binding = replace(binding, bundle=bundle)
              ^^^^^^^^^^^^^^^^^^^^^^^^^^^^^^^
/usr/lib/python3.12/dataclasses.py:1581: in replace
    return obj.__class__(**changes)
           ^^^^^^^^^^^^^^^^^^^^^^^^
<string>:8: in __init__
    ???
src/cloud_edge_robot_arm/vision/runtime_binding.py:75: in __post_init__
    policy = json.loads(json.dumps(dict(self.edge_policy), allow_nan=False))
                        ^^^^^^^^^^^^^^^^^^^^^^^^^^^^^^^^^^^^^^^^^^^^^^^^^^^
/usr/lib/python3.12/json/__init__.py:238: in dumps
    **kw).encode(obj)
          ^^^^^^^^^^^
/usr/lib/python3.12/json/encoder.py:200: in encode
    chunks = self.iterencode(o, _one_shot=True)
             ^^^^^^^^^^^^^^^^^^^^^^^^^^^^^^^^^^
/usr/lib/python3.12/json/encoder.py:258: in iterencode
    return _iterencode(o, 0)
           ^^^^^^^^^^^^^^^^^
_ _ _ _ _ _ _ _ _ _ _ _ _ _ _ _ _ _ _ _ _ _ _ _ _ _ _ _ _ _ _ _ _ _ _ _ _ _ _ _ 

self = <json.encoder.JSONEncoder object at 0x7b80c800ae10>
o = mappingproxy({'max_reobservations': 2, 'max_retries': 0, 'max_no_progress': 3, 'deadline_s': 120.0})

    def default(self, o):
        """Implement this method in a subclass such that it returns
        a serializable object for ``o``, or calls the base implementation
        (to raise a ``TypeError``).
    
        For example, to support arbitrary iterators, you could
        implement default like this::
    
            def default(self, o):
                try:
                    iterable = iter(o)
                except TypeError:
                    pass
                else:
                    return list(iterable)
                # Let the base class default method raise the TypeError
                return super().default(o)
    
        """
>       raise TypeError(f'Object of type {o.__class__.__name__} '
                        f'is not JSON serializable')
E       TypeError: Object of type mappingproxy is not JSON serializable

/usr/lib/python3.12/json/encoder.py:180: TypeError
_ test_hard_stop_is_not_a_future_condition_fail_and_never_debits[disconnected] _

tmp_path = PosixPath('/tmp/pytest-of-ningyd/pytest-911/test_hard_stop_is_not_a_future2')
monkeypatch = <_pytest.monkeypatch.MonkeyPatch object at 0x7b80c8064650>
stop = 'disconnected'

    @pytest.mark.parametrize("stop", ["estop_engaged", "collision_detected", "disconnected"])
    def test_hard_stop_is_not_a_future_condition_fail_and_never_debits(tmp_path, monkeypatch, stop):
>       provider, wire, planner, _, _, _ = setup(tmp_path, monkeypatch)
                                           ^^^^^^^^^^^^^^^^^^^^^^^^^^^^

tests/test_role_conditional_planning.py:175: 
_ _ _ _ _ _ _ _ _ _ _ _ _ _ _ _ _ _ _ _ _ _ _ _ _ _ _ _ _ _ _ _ _ _ _ _ _ _ _ _ 
tests/test_role_conditional_planning.py:93: in setup
    binding = replace(binding, bundle=bundle)
              ^^^^^^^^^^^^^^^^^^^^^^^^^^^^^^^
/usr/lib/python3.12/dataclasses.py:1581: in replace
    return obj.__class__(**changes)
           ^^^^^^^^^^^^^^^^^^^^^^^^
<string>:8: in __init__
    ???
src/cloud_edge_robot_arm/vision/runtime_binding.py:75: in __post_init__
    policy = json.loads(json.dumps(dict(self.edge_policy), allow_nan=False))
                        ^^^^^^^^^^^^^^^^^^^^^^^^^^^^^^^^^^^^^^^^^^^^^^^^^^^
/usr/lib/python3.12/json/__init__.py:238: in dumps
    **kw).encode(obj)
          ^^^^^^^^^^^
/usr/lib/python3.12/json/encoder.py:200: in encode
    chunks = self.iterencode(o, _one_shot=True)
             ^^^^^^^^^^^^^^^^^^^^^^^^^^^^^^^^^^
/usr/lib/python3.12/json/encoder.py:258: in iterencode
    return _iterencode(o, 0)
           ^^^^^^^^^^^^^^^^^
_ _ _ _ _ _ _ _ _ _ _ _ _ _ _ _ _ _ _ _ _ _ _ _ _ _ _ _ _ _ _ _ _ _ _ _ _ _ _ _ 

self = <json.encoder.JSONEncoder object at 0x7b80c8009550>
o = mappingproxy({'max_reobservations': 2, 'max_retries': 0, 'max_no_progress': 3, 'deadline_s': 120.0})

    def default(self, o):
        """Implement this method in a subclass such that it returns
        a serializable object for ``o``, or calls the base implementation
        (to raise a ``TypeError``).
    
        For example, to support arbitrary iterators, you could
        implement default like this::
    
            def default(self, o):
                try:
                    iterable = iter(o)
                except TypeError:
                    pass
                else:
                    return list(iterable)
                # Let the base class default method raise the TypeError
                return super().default(o)
    
        """
>       raise TypeError(f'Object of type {o.__class__.__name__} '
                        f'is not JSON serializable')
E       TypeError: Object of type mappingproxy is not JSON serializable

/usr/lib/python3.12/json/encoder.py:180: TypeError
_____ test_strict_remote_intent_rejects_without_any_execution_shape[extra] _____

tmp_path = PosixPath('/tmp/pytest-of-ningyd/pytest-911/test_strict_remote_intent_reje0')
monkeypatch = <_pytest.monkeypatch.MonkeyPatch object at 0x7b80c800a630>
change = 'extra'

    @pytest.mark.parametrize("change", ["extra", "duplicate", "reorder", "skill", "binding", "command", "token", "bool", "pixel", "nan", "duplicate_key"])
    def test_strict_remote_intent_rejects_without_any_execution_shape(tmp_path, monkeypatch, change):
        def mutate(d):
            if change == "extra": d["execution_admitted"] = True
            elif change == "duplicate": d["replacements"][1] = dict(d["replacements"][0])
            elif change == "reorder": d["replacements"].reverse()
            elif change == "skill": d["replacements"][1]["skill"] = "RELEASE"
            elif change == "binding": d["binding_hash"] = "0" * 64
            elif change == "command": d["replacements"][0]["joint_angles"] = [0] * 7
            elif change == "token": d["activation_token"] = "forged"
            elif change == "bool": d["replacements"][0]["target_pixel"] = [True, 0]
            elif change == "pixel": d["replacements"][0]["target_pixel"] = [9999, 0]
            elif change == "nan": d["replacements"][0]["target_pixel"] = [float("nan"), 0]
            else: return '{"binding_hash":"0",' + json.dumps(d)[1:]
>       provider, wire, planner, *_ = setup(tmp_path, monkeypatch, change=mutate)
                                      ^^^^^^^^^^^^^^^^^^^^^^^^^^^^^^^^^^^^^^^^^^^

tests/test_role_conditional_planning.py:197: 
_ _ _ _ _ _ _ _ _ _ _ _ _ _ _ _ _ _ _ _ _ _ _ _ _ _ _ _ _ _ _ _ _ _ _ _ _ _ _ _ 
tests/test_role_conditional_planning.py:93: in setup
    binding = replace(binding, bundle=bundle)
              ^^^^^^^^^^^^^^^^^^^^^^^^^^^^^^^
/usr/lib/python3.12/dataclasses.py:1581: in replace
    return obj.__class__(**changes)
           ^^^^^^^^^^^^^^^^^^^^^^^^
<string>:8: in __init__
    ???
src/cloud_edge_robot_arm/vision/runtime_binding.py:75: in __post_init__
    policy = json.loads(json.dumps(dict(self.edge_policy), allow_nan=False))
                        ^^^^^^^^^^^^^^^^^^^^^^^^^^^^^^^^^^^^^^^^^^^^^^^^^^^
/usr/lib/python3.12/json/__init__.py:238: in dumps
    **kw).encode(obj)
          ^^^^^^^^^^^
/usr/lib/python3.12/json/encoder.py:200: in encode
    chunks = self.iterencode(o, _one_shot=True)
             ^^^^^^^^^^^^^^^^^^^^^^^^^^^^^^^^^^
/usr/lib/python3.12/json/encoder.py:258: in iterencode
    return _iterencode(o, 0)
           ^^^^^^^^^^^^^^^^^
_ _ _ _ _ _ _ _ _ _ _ _ _ _ _ _ _ _ _ _ _ _ _ _ _ _ _ _ _ _ _ _ _ _ _ _ _ _ _ _ 

self = <json.encoder.JSONEncoder object at 0x7b80c8008890>
o = mappingproxy({'max_reobservations': 2, 'max_retries': 0, 'max_no_progress': 3, 'deadline_s': 120.0})

    def default(self, o):
        """Implement this method in a subclass such that it returns
        a serializable object for ``o``, or calls the base implementation
        (to raise a ``TypeError``).
    
        For example, to support arbitrary iterators, you could
        implement default like this::
    
            def default(self, o):
                try:
                    iterable = iter(o)
                except TypeError:
                    pass
                else:
                    return list(iterable)
                # Let the base class default method raise the TypeError
                return super().default(o)
    
        """
>       raise TypeError(f'Object of type {o.__class__.__name__} '
                        f'is not JSON serializable')
E       TypeError: Object of type mappingproxy is not JSON serializable

/usr/lib/python3.12/json/encoder.py:180: TypeError
___ test_strict_remote_intent_rejects_without_any_execution_shape[duplicate] ___

tmp_path = PosixPath('/tmp/pytest-of-ningyd/pytest-911/test_strict_remote_intent_reje1')
monkeypatch = <_pytest.monkeypatch.MonkeyPatch object at 0x7b80c800a750>
change = 'duplicate'

    @pytest.mark.parametrize("change", ["extra", "duplicate", "reorder", "skill", "binding", "command", "token", "bool", "pixel", "nan", "duplicate_key"])
    def test_strict_remote_intent_rejects_without_any_execution_shape(tmp_path, monkeypatch, change):
        def mutate(d):
            if change == "extra": d["execution_admitted"] = True
            elif change == "duplicate": d["replacements"][1] = dict(d["replacements"][0])
            elif change == "reorder": d["replacements"].reverse()
            elif change == "skill": d["replacements"][1]["skill"] = "RELEASE"
            elif change == "binding": d["binding_hash"] = "0" * 64
            elif change == "command": d["replacements"][0]["joint_angles"] = [0] * 7
            elif change == "token": d["activation_token"] = "forged"
            elif change == "bool": d["replacements"][0]["target_pixel"] = [True, 0]
            elif change == "pixel": d["replacements"][0]["target_pixel"] = [9999, 0]
            elif change == "nan": d["replacements"][0]["target_pixel"] = [float("nan"), 0]
            else: return '{"binding_hash":"0",' + json.dumps(d)[1:]
>       provider, wire, planner, *_ = setup(tmp_path, monkeypatch, change=mutate)
                                      ^^^^^^^^^^^^^^^^^^^^^^^^^^^^^^^^^^^^^^^^^^^

tests/test_role_conditional_planning.py:197: 
_ _ _ _ _ _ _ _ _ _ _ _ _ _ _ _ _ _ _ _ _ _ _ _ _ _ _ _ _ _ _ _ _ _ _ _ _ _ _ _ 
tests/test_role_conditional_planning.py:93: in setup
    binding = replace(binding, bundle=bundle)
              ^^^^^^^^^^^^^^^^^^^^^^^^^^^^^^^
/usr/lib/python3.12/dataclasses.py:1581: in replace
    return obj.__class__(**changes)
           ^^^^^^^^^^^^^^^^^^^^^^^^
<string>:8: in __init__
    ???
src/cloud_edge_robot_arm/vision/runtime_binding.py:75: in __post_init__
    policy = json.loads(json.dumps(dict(self.edge_policy), allow_nan=False))
                        ^^^^^^^^^^^^^^^^^^^^^^^^^^^^^^^^^^^^^^^^^^^^^^^^^^^
/usr/lib/python3.12/json/__init__.py:238: in dumps
    **kw).encode(obj)
          ^^^^^^^^^^^
/usr/lib/python3.12/json/encoder.py:200: in encode
    chunks = self.iterencode(o, _one_shot=True)
             ^^^^^^^^^^^^^^^^^^^^^^^^^^^^^^^^^^
/usr/lib/python3.12/json/encoder.py:258: in iterencode
    return _iterencode(o, 0)
           ^^^^^^^^^^^^^^^^^
_ _ _ _ _ _ _ _ _ _ _ _ _ _ _ _ _ _ _ _ _ _ _ _ _ _ _ _ _ _ _ _ _ _ _ _ _ _ _ _ 

self = <json.encoder.JSONEncoder object at 0x7b80c8064560>
o = mappingproxy({'max_reobservations': 2, 'max_retries': 0, 'max_no_progress': 3, 'deadline_s': 120.0})

    def default(self, o):
        """Implement this method in a subclass such that it returns
        a serializable object for ``o``, or calls the base implementation
        (to raise a ``TypeError``).
    
        For example, to support arbitrary iterators, you could
        implement default like this::
    
            def default(self, o):
                try:
                    iterable = iter(o)
                except TypeError:
                    pass
                else:
                    return list(iterable)
                # Let the base class default method raise the TypeError
                return super().default(o)
    
        """
>       raise TypeError(f'Object of type {o.__class__.__name__} '
                        f'is not JSON serializable')
E       TypeError: Object of type mappingproxy is not JSON serializable

/usr/lib/python3.12/json/encoder.py:180: TypeError
____ test_strict_remote_intent_rejects_without_any_execution_shape[reorder] ____

tmp_path = PosixPath('/tmp/pytest-of-ningyd/pytest-911/test_strict_remote_intent_reje2')
monkeypatch = <_pytest.monkeypatch.MonkeyPatch object at 0x7b80c8008e90>
change = 'reorder'

    @pytest.mark.parametrize("change", ["extra", "duplicate", "reorder", "skill", "binding", "command", "token", "bool", "pixel", "nan", "duplicate_key"])
    def test_strict_remote_intent_rejects_without_any_execution_shape(tmp_path, monkeypatch, change):
        def mutate(d):
            if change == "extra": d["execution_admitted"] = True
            elif change == "duplicate": d["replacements"][1] = dict(d["replacements"][0])
            elif change == "reorder": d["replacements"].reverse()
            elif change == "skill": d["replacements"][1]["skill"] = "RELEASE"
            elif change == "binding": d["binding_hash"] = "0" * 64
            elif change == "command": d["replacements"][0]["joint_angles"] = [0] * 7
            elif change == "token": d["activation_token"] = "forged"
            elif change == "bool": d["replacements"][0]["target_pixel"] = [True, 0]
            elif change == "pixel": d["replacements"][0]["target_pixel"] = [9999, 0]
            elif change == "nan": d["replacements"][0]["target_pixel"] = [float("nan"), 0]
            else: return '{"binding_hash":"0",' + json.dumps(d)[1:]
>       provider, wire, planner, *_ = setup(tmp_path, monkeypatch, change=mutate)
                                      ^^^^^^^^^^^^^^^^^^^^^^^^^^^^^^^^^^^^^^^^^^^

tests/test_role_conditional_planning.py:197: 
_ _ _ _ _ _ _ _ _ _ _ _ _ _ _ _ _ _ _ _ _ _ _ _ _ _ _ _ _ _ _ _ _ _ _ _ _ _ _ _ 
tests/test_role_conditional_planning.py:93: in setup
    binding = replace(binding, bundle=bundle)
              ^^^^^^^^^^^^^^^^^^^^^^^^^^^^^^^
/usr/lib/python3.12/dataclasses.py:1581: in replace
    return obj.__class__(**changes)
           ^^^^^^^^^^^^^^^^^^^^^^^^
<string>:8: in __init__
    ???
src/cloud_edge_robot_arm/vision/runtime_binding.py:75: in __post_init__
    policy = json.loads(json.dumps(dict(self.edge_policy), allow_nan=False))
                        ^^^^^^^^^^^^^^^^^^^^^^^^^^^^^^^^^^^^^^^^^^^^^^^^^^^
/usr/lib/python3.12/json/__init__.py:238: in dumps
    **kw).encode(obj)
          ^^^^^^^^^^^
/usr/lib/python3.12/json/encoder.py:200: in encode
    chunks = self.iterencode(o, _one_shot=True)
             ^^^^^^^^^^^^^^^^^^^^^^^^^^^^^^^^^^
/usr/lib/python3.12/json/encoder.py:258: in iterencode
    return _iterencode(o, 0)
           ^^^^^^^^^^^^^^^^^
_ _ _ _ _ _ _ _ _ _ _ _ _ _ _ _ _ _ _ _ _ _ _ _ _ _ _ _ _ _ _ _ _ _ _ _ _ _ _ _ 

self = <json.encoder.JSONEncoder object at 0x7b80c800bd70>
o = mappingproxy({'max_reobservations': 2, 'max_retries': 0, 'max_no_progress': 3, 'deadline_s': 120.0})

    def default(self, o):
        """Implement this method in a subclass such that it returns
        a serializable object for ``o``, or calls the base implementation
        (to raise a ``TypeError``).
    
        For example, to support arbitrary iterators, you could
        implement default like this::
    
            def default(self, o):
                try:
                    iterable = iter(o)
                except TypeError:
                    pass
                else:
                    return list(iterable)
                # Let the base class default method raise the TypeError
                return super().default(o)
    
        """
>       raise TypeError(f'Object of type {o.__class__.__name__} '
                        f'is not JSON serializable')
E       TypeError: Object of type mappingproxy is not JSON serializable

/usr/lib/python3.12/json/encoder.py:180: TypeError
_____ test_strict_remote_intent_rejects_without_any_execution_shape[skill] _____

tmp_path = PosixPath('/tmp/pytest-of-ningyd/pytest-911/test_strict_remote_intent_reje3')
monkeypatch = <_pytest.monkeypatch.MonkeyPatch object at 0x7b80c8009160>
change = 'skill'

    @pytest.mark.parametrize("change", ["extra", "duplicate", "reorder", "skill", "binding", "command", "token", "bool", "pixel", "nan", "duplicate_key"])
    def test_strict_remote_intent_rejects_without_any_execution_shape(tmp_path, monkeypatch, change):
        def mutate(d):
            if change == "extra": d["execution_admitted"] = True
            elif change == "duplicate": d["replacements"][1] = dict(d["replacements"][0])
            elif change == "reorder": d["replacements"].reverse()
            elif change == "skill": d["replacements"][1]["skill"] = "RELEASE"
            elif change == "binding": d["binding_hash"] = "0" * 64
            elif change == "command": d["replacements"][0]["joint_angles"] = [0] * 7
            elif change == "token": d["activation_token"] = "forged"
            elif change == "bool": d["replacements"][0]["target_pixel"] = [True, 0]
            elif change == "pixel": d["replacements"][0]["target_pixel"] = [9999, 0]
            elif change == "nan": d["replacements"][0]["target_pixel"] = [float("nan"), 0]
            else: return '{"binding_hash":"0",' + json.dumps(d)[1:]
>       provider, wire, planner, *_ = setup(tmp_path, monkeypatch, change=mutate)
                                      ^^^^^^^^^^^^^^^^^^^^^^^^^^^^^^^^^^^^^^^^^^^

tests/test_role_conditional_planning.py:197: 
_ _ _ _ _ _ _ _ _ _ _ _ _ _ _ _ _ _ _ _ _ _ _ _ _ _ _ _ _ _ _ _ _ _ _ _ _ _ _ _ 
tests/test_role_conditional_planning.py:93: in setup
    binding = replace(binding, bundle=bundle)
              ^^^^^^^^^^^^^^^^^^^^^^^^^^^^^^^
/usr/lib/python3.12/dataclasses.py:1581: in replace
    return obj.__class__(**changes)
           ^^^^^^^^^^^^^^^^^^^^^^^^
<string>:8: in __init__
    ???
src/cloud_edge_robot_arm/vision/runtime_binding.py:75: in __post_init__
    policy = json.loads(json.dumps(dict(self.edge_policy), allow_nan=False))
                        ^^^^^^^^^^^^^^^^^^^^^^^^^^^^^^^^^^^^^^^^^^^^^^^^^^^
/usr/lib/python3.12/json/__init__.py:238: in dumps
    **kw).encode(obj)
          ^^^^^^^^^^^
/usr/lib/python3.12/json/encoder.py:200: in encode
    chunks = self.iterencode(o, _one_shot=True)
             ^^^^^^^^^^^^^^^^^^^^^^^^^^^^^^^^^^
/usr/lib/python3.12/json/encoder.py:258: in iterencode
    return _iterencode(o, 0)
           ^^^^^^^^^^^^^^^^^
_ _ _ _ _ _ _ _ _ _ _ _ _ _ _ _ _ _ _ _ _ _ _ _ _ _ _ _ _ _ _ _ _ _ _ _ _ _ _ _ 

self = <json.encoder.JSONEncoder object at 0x7b80c8066e70>
o = mappingproxy({'max_reobservations': 2, 'max_retries': 0, 'max_no_progress': 3, 'deadline_s': 120.0})

    def default(self, o):
        """Implement this method in a subclass such that it returns
        a serializable object for ``o``, or calls the base implementation
        (to raise a ``TypeError``).
    
        For example, to support arbitrary iterators, you could
        implement default like this::
    
            def default(self, o):
                try:
                    iterable = iter(o)
                except TypeError:
                    pass
                else:
                    return list(iterable)
                # Let the base class default method raise the TypeError
                return super().default(o)
    
        """
>       raise TypeError(f'Object of type {o.__class__.__name__} '
                        f'is not JSON serializable')
E       TypeError: Object of type mappingproxy is not JSON serializable

/usr/lib/python3.12/json/encoder.py:180: TypeError
____ test_strict_remote_intent_rejects_without_any_execution_shape[binding] ____

tmp_path = PosixPath('/tmp/pytest-of-ningyd/pytest-911/test_strict_remote_intent_reje4')
monkeypatch = <_pytest.monkeypatch.MonkeyPatch object at 0x7b80c800b8f0>
change = 'binding'

    @pytest.mark.parametrize("change", ["extra", "duplicate", "reorder", "skill", "binding", "command", "token", "bool", "pixel", "nan", "duplicate_key"])
    def test_strict_remote_intent_rejects_without_any_execution_shape(tmp_path, monkeypatch, change):
        def mutate(d):
            if change == "extra": d["execution_admitted"] = True
            elif change == "duplicate": d["replacements"][1] = dict(d["replacements"][0])
            elif change == "reorder": d["replacements"].reverse()
            elif change == "skill": d["replacements"][1]["skill"] = "RELEASE"
            elif change == "binding": d["binding_hash"] = "0" * 64
            elif change == "command": d["replacements"][0]["joint_angles"] = [0] * 7
            elif change == "token": d["activation_token"] = "forged"
            elif change == "bool": d["replacements"][0]["target_pixel"] = [True, 0]
            elif change == "pixel": d["replacements"][0]["target_pixel"] = [9999, 0]
            elif change == "nan": d["replacements"][0]["target_pixel"] = [float("nan"), 0]
            else: return '{"binding_hash":"0",' + json.dumps(d)[1:]
>       provider, wire, planner, *_ = setup(tmp_path, monkeypatch, change=mutate)
                                      ^^^^^^^^^^^^^^^^^^^^^^^^^^^^^^^^^^^^^^^^^^^

tests/test_role_conditional_planning.py:197: 
_ _ _ _ _ _ _ _ _ _ _ _ _ _ _ _ _ _ _ _ _ _ _ _ _ _ _ _ _ _ _ _ _ _ _ _ _ _ _ _ 
tests/test_role_conditional_planning.py:93: in setup
    binding = replace(binding, bundle=bundle)
              ^^^^^^^^^^^^^^^^^^^^^^^^^^^^^^^
/usr/lib/python3.12/dataclasses.py:1581: in replace
    return obj.__class__(**changes)
           ^^^^^^^^^^^^^^^^^^^^^^^^
<string>:8: in __init__
    ???
src/cloud_edge_robot_arm/vision/runtime_binding.py:75: in __post_init__
    policy = json.loads(json.dumps(dict(self.edge_policy), allow_nan=False))
                        ^^^^^^^^^^^^^^^^^^^^^^^^^^^^^^^^^^^^^^^^^^^^^^^^^^^
/usr/lib/python3.12/json/__init__.py:238: in dumps
    **kw).encode(obj)
          ^^^^^^^^^^^
/usr/lib/python3.12/json/encoder.py:200: in encode
    chunks = self.iterencode(o, _one_shot=True)
             ^^^^^^^^^^^^^^^^^^^^^^^^^^^^^^^^^^
/usr/lib/python3.12/json/encoder.py:258: in iterencode
    return _iterencode(o, 0)
           ^^^^^^^^^^^^^^^^^
_ _ _ _ _ _ _ _ _ _ _ _ _ _ _ _ _ _ _ _ _ _ _ _ _ _ _ _ _ _ _ _ _ _ _ _ _ _ _ _ 

self = <json.encoder.JSONEncoder object at 0x7b80c800a720>
o = mappingproxy({'max_reobservations': 2, 'max_retries': 0, 'max_no_progress': 3, 'deadline_s': 120.0})

    def default(self, o):
        """Implement this method in a subclass such that it returns
        a serializable object for ``o``, or calls the base implementation
        (to raise a ``TypeError``).
    
        For example, to support arbitrary iterators, you could
        implement default like this::
    
            def default(self, o):
                try:
                    iterable = iter(o)
                except TypeError:
                    pass
                else:
                    return list(iterable)
                # Let the base class default method raise the TypeError
                return super().default(o)
    
        """
>       raise TypeError(f'Object of type {o.__class__.__name__} '
                        f'is not JSON serializable')
E       TypeError: Object of type mappingproxy is not JSON serializable

/usr/lib/python3.12/json/encoder.py:180: TypeError
____ test_strict_remote_intent_rejects_without_any_execution_shape[command] ____

tmp_path = PosixPath('/tmp/pytest-of-ningyd/pytest-911/test_strict_remote_intent_reje5')
monkeypatch = <_pytest.monkeypatch.MonkeyPatch object at 0x7b80c818a5a0>
change = 'command'

    @pytest.mark.parametrize("change", ["extra", "duplicate", "reorder", "skill", "binding", "command", "token", "bool", "pixel", "nan", "duplicate_key"])
    def test_strict_remote_intent_rejects_without_any_execution_shape(tmp_path, monkeypatch, change):
        def mutate(d):
            if change == "extra": d["execution_admitted"] = True
            elif change == "duplicate": d["replacements"][1] = dict(d["replacements"][0])
            elif change == "reorder": d["replacements"].reverse()
            elif change == "skill": d["replacements"][1]["skill"] = "RELEASE"
            elif change == "binding": d["binding_hash"] = "0" * 64
            elif change == "command": d["replacements"][0]["joint_angles"] = [0] * 7
            elif change == "token": d["activation_token"] = "forged"
            elif change == "bool": d["replacements"][0]["target_pixel"] = [True, 0]
            elif change == "pixel": d["replacements"][0]["target_pixel"] = [9999, 0]
            elif change == "nan": d["replacements"][0]["target_pixel"] = [float("nan"), 0]
            else: return '{"binding_hash":"0",' + json.dumps(d)[1:]
>       provider, wire, planner, *_ = setup(tmp_path, monkeypatch, change=mutate)
                                      ^^^^^^^^^^^^^^^^^^^^^^^^^^^^^^^^^^^^^^^^^^^

tests/test_role_conditional_planning.py:197: 
_ _ _ _ _ _ _ _ _ _ _ _ _ _ _ _ _ _ _ _ _ _ _ _ _ _ _ _ _ _ _ _ _ _ _ _ _ _ _ _ 
tests/test_role_conditional_planning.py:93: in setup
    binding = replace(binding, bundle=bundle)
              ^^^^^^^^^^^^^^^^^^^^^^^^^^^^^^^
/usr/lib/python3.12/dataclasses.py:1581: in replace
    return obj.__class__(**changes)
           ^^^^^^^^^^^^^^^^^^^^^^^^
<string>:8: in __init__
    ???
src/cloud_edge_robot_arm/vision/runtime_binding.py:75: in __post_init__
    policy = json.loads(json.dumps(dict(self.edge_policy), allow_nan=False))
                        ^^^^^^^^^^^^^^^^^^^^^^^^^^^^^^^^^^^^^^^^^^^^^^^^^^^
/usr/lib/python3.12/json/__init__.py:238: in dumps
    **kw).encode(obj)
          ^^^^^^^^^^^
/usr/lib/python3.12/json/encoder.py:200: in encode
    chunks = self.iterencode(o, _one_shot=True)
             ^^^^^^^^^^^^^^^^^^^^^^^^^^^^^^^^^^
/usr/lib/python3.12/json/encoder.py:258: in iterencode
    return _iterencode(o, 0)
           ^^^^^^^^^^^^^^^^^
_ _ _ _ _ _ _ _ _ _ _ _ _ _ _ _ _ _ _ _ _ _ _ _ _ _ _ _ _ _ _ _ _ _ _ _ _ _ _ _ 

self = <json.encoder.JSONEncoder object at 0x7b80c81894c0>
o = mappingproxy({'max_reobservations': 2, 'max_retries': 0, 'max_no_progress': 3, 'deadline_s': 120.0})

    def default(self, o):
        """Implement this method in a subclass such that it returns
        a serializable object for ``o``, or calls the base implementation
        (to raise a ``TypeError``).
    
        For example, to support arbitrary iterators, you could
        implement default like this::
    
            def default(self, o):
                try:
                    iterable = iter(o)
                except TypeError:
                    pass
                else:
                    return list(iterable)
                # Let the base class default method raise the TypeError
                return super().default(o)
    
        """
>       raise TypeError(f'Object of type {o.__class__.__name__} '
                        f'is not JSON serializable')
E       TypeError: Object of type mappingproxy is not JSON serializable

/usr/lib/python3.12/json/encoder.py:180: TypeError
_____ test_strict_remote_intent_rejects_without_any_execution_shape[token] _____

tmp_path = PosixPath('/tmp/pytest-of-ningyd/pytest-911/test_strict_remote_intent_reje6')
monkeypatch = <_pytest.monkeypatch.MonkeyPatch object at 0x7b80c800acf0>
change = 'token'

    @pytest.mark.parametrize("change", ["extra", "duplicate", "reorder", "skill", "binding", "command", "token", "bool", "pixel", "nan", "duplicate_key"])
    def test_strict_remote_intent_rejects_without_any_execution_shape(tmp_path, monkeypatch, change):
        def mutate(d):
            if change == "extra": d["execution_admitted"] = True
            elif change == "duplicate": d["replacements"][1] = dict(d["replacements"][0])
            elif change == "reorder": d["replacements"].reverse()
            elif change == "skill": d["replacements"][1]["skill"] = "RELEASE"
            elif change == "binding": d["binding_hash"] = "0" * 64
            elif change == "command": d["replacements"][0]["joint_angles"] = [0] * 7
            elif change == "token": d["activation_token"] = "forged"
            elif change == "bool": d["replacements"][0]["target_pixel"] = [True, 0]
            elif change == "pixel": d["replacements"][0]["target_pixel"] = [9999, 0]
            elif change == "nan": d["replacements"][0]["target_pixel"] = [float("nan"), 0]
            else: return '{"binding_hash":"0",' + json.dumps(d)[1:]
>       provider, wire, planner, *_ = setup(tmp_path, monkeypatch, change=mutate)
                                      ^^^^^^^^^^^^^^^^^^^^^^^^^^^^^^^^^^^^^^^^^^^

tests/test_role_conditional_planning.py:197: 
_ _ _ _ _ _ _ _ _ _ _ _ _ _ _ _ _ _ _ _ _ _ _ _ _ _ _ _ _ _ _ _ _ _ _ _ _ _ _ _ 
tests/test_role_conditional_planning.py:93: in setup
    binding = replace(binding, bundle=bundle)
              ^^^^^^^^^^^^^^^^^^^^^^^^^^^^^^^
/usr/lib/python3.12/dataclasses.py:1581: in replace
    return obj.__class__(**changes)
           ^^^^^^^^^^^^^^^^^^^^^^^^
<string>:8: in __init__
    ???
src/cloud_edge_robot_arm/vision/runtime_binding.py:75: in __post_init__
    policy = json.loads(json.dumps(dict(self.edge_policy), allow_nan=False))
                        ^^^^^^^^^^^^^^^^^^^^^^^^^^^^^^^^^^^^^^^^^^^^^^^^^^^
/usr/lib/python3.12/json/__init__.py:238: in dumps
    **kw).encode(obj)
          ^^^^^^^^^^^
/usr/lib/python3.12/json/encoder.py:200: in encode
    chunks = self.iterencode(o, _one_shot=True)
             ^^^^^^^^^^^^^^^^^^^^^^^^^^^^^^^^^^
/usr/lib/python3.12/json/encoder.py:258: in iterencode
    return _iterencode(o, 0)
           ^^^^^^^^^^^^^^^^^
_ _ _ _ _ _ _ _ _ _ _ _ _ _ _ _ _ _ _ _ _ _ _ _ _ _ _ _ _ _ _ _ _ _ _ _ _ _ _ _ 

self = <json.encoder.JSONEncoder object at 0x7b80c8009490>
o = mappingproxy({'max_reobservations': 2, 'max_retries': 0, 'max_no_progress': 3, 'deadline_s': 120.0})

    def default(self, o):
        """Implement this method in a subclass such that it returns
        a serializable object for ``o``, or calls the base implementation
        (to raise a ``TypeError``).
    
        For example, to support arbitrary iterators, you could
        implement default like this::
    
            def default(self, o):
                try:
                    iterable = iter(o)
                except TypeError:
                    pass
                else:
                    return list(iterable)
                # Let the base class default method raise the TypeError
                return super().default(o)
    
        """
>       raise TypeError(f'Object of type {o.__class__.__name__} '
                        f'is not JSON serializable')
E       TypeError: Object of type mappingproxy is not JSON serializable

/usr/lib/python3.12/json/encoder.py:180: TypeError
_____ test_strict_remote_intent_rejects_without_any_execution_shape[bool] ______

tmp_path = PosixPath('/tmp/pytest-of-ningyd/pytest-911/test_strict_remote_intent_reje7')
monkeypatch = <_pytest.monkeypatch.MonkeyPatch object at 0x7b80f3f774a0>
change = 'bool'

    @pytest.mark.parametrize("change", ["extra", "duplicate", "reorder", "skill", "binding", "command", "token", "bool", "pixel", "nan", "duplicate_key"])
    def test_strict_remote_intent_rejects_without_any_execution_shape(tmp_path, monkeypatch, change):
        def mutate(d):
            if change == "extra": d["execution_admitted"] = True
            elif change == "duplicate": d["replacements"][1] = dict(d["replacements"][0])
            elif change == "reorder": d["replacements"].reverse()
            elif change == "skill": d["replacements"][1]["skill"] = "RELEASE"
            elif change == "binding": d["binding_hash"] = "0" * 64
            elif change == "command": d["replacements"][0]["joint_angles"] = [0] * 7
            elif change == "token": d["activation_token"] = "forged"
            elif change == "bool": d["replacements"][0]["target_pixel"] = [True, 0]
            elif change == "pixel": d["replacements"][0]["target_pixel"] = [9999, 0]
            elif change == "nan": d["replacements"][0]["target_pixel"] = [float("nan"), 0]
            else: return '{"binding_hash":"0",' + json.dumps(d)[1:]
>       provider, wire, planner, *_ = setup(tmp_path, monkeypatch, change=mutate)
                                      ^^^^^^^^^^^^^^^^^^^^^^^^^^^^^^^^^^^^^^^^^^^

tests/test_role_conditional_planning.py:197: 
_ _ _ _ _ _ _ _ _ _ _ _ _ _ _ _ _ _ _ _ _ _ _ _ _ _ _ _ _ _ _ _ _ _ _ _ _ _ _ _ 
tests/test_role_conditional_planning.py:93: in setup
    binding = replace(binding, bundle=bundle)
              ^^^^^^^^^^^^^^^^^^^^^^^^^^^^^^^
/usr/lib/python3.12/dataclasses.py:1581: in replace
    return obj.__class__(**changes)
           ^^^^^^^^^^^^^^^^^^^^^^^^
<string>:8: in __init__
    ???
src/cloud_edge_robot_arm/vision/runtime_binding.py:75: in __post_init__
    policy = json.loads(json.dumps(dict(self.edge_policy), allow_nan=False))
                        ^^^^^^^^^^^^^^^^^^^^^^^^^^^^^^^^^^^^^^^^^^^^^^^^^^^
/usr/lib/python3.12/json/__init__.py:238: in dumps
    **kw).encode(obj)
          ^^^^^^^^^^^
/usr/lib/python3.12/json/encoder.py:200: in encode
    chunks = self.iterencode(o, _one_shot=True)
             ^^^^^^^^^^^^^^^^^^^^^^^^^^^^^^^^^^
/usr/lib/python3.12/json/encoder.py:258: in iterencode
    return _iterencode(o, 0)
           ^^^^^^^^^^^^^^^^^
_ _ _ _ _ _ _ _ _ _ _ _ _ _ _ _ _ _ _ _ _ _ _ _ _ _ _ _ _ _ _ _ _ _ _ _ _ _ _ _ 

self = <json.encoder.JSONEncoder object at 0x7b80f3f773b0>
o = mappingproxy({'max_reobservations': 2, 'max_retries': 0, 'max_no_progress': 3, 'deadline_s': 120.0})

    def default(self, o):
        """Implement this method in a subclass such that it returns
        a serializable object for ``o``, or calls the base implementation
        (to raise a ``TypeError``).
    
        For example, to support arbitrary iterators, you could
        implement default like this::
    
            def default(self, o):
                try:
                    iterable = iter(o)
                except TypeError:
                    pass
                else:
                    return list(iterable)
                # Let the base class default method raise the TypeError
                return super().default(o)
    
        """
>       raise TypeError(f'Object of type {o.__class__.__name__} '
                        f'is not JSON serializable')
E       TypeError: Object of type mappingproxy is not JSON serializable

/usr/lib/python3.12/json/encoder.py:180: TypeError
_____ test_strict_remote_intent_rejects_without_any_execution_shape[pixel] _____

tmp_path = PosixPath('/tmp/pytest-of-ningyd/pytest-911/test_strict_remote_intent_reje8')
monkeypatch = <_pytest.monkeypatch.MonkeyPatch object at 0x7b80f3fc50a0>
change = 'pixel'

    @pytest.mark.parametrize("change", ["extra", "duplicate", "reorder", "skill", "binding", "command", "token", "bool", "pixel", "nan", "duplicate_key"])
    def test_strict_remote_intent_rejects_without_any_execution_shape(tmp_path, monkeypatch, change):
        def mutate(d):
            if change == "extra": d["execution_admitted"] = True
            elif change == "duplicate": d["replacements"][1] = dict(d["replacements"][0])
            elif change == "reorder": d["replacements"].reverse()
            elif change == "skill": d["replacements"][1]["skill"] = "RELEASE"
            elif change == "binding": d["binding_hash"] = "0" * 64
            elif change == "command": d["replacements"][0]["joint_angles"] = [0] * 7
            elif change == "token": d["activation_token"] = "forged"
            elif change == "bool": d["replacements"][0]["target_pixel"] = [True, 0]
            elif change == "pixel": d["replacements"][0]["target_pixel"] = [9999, 0]
            elif change == "nan": d["replacements"][0]["target_pixel"] = [float("nan"), 0]
            else: return '{"binding_hash":"0",' + json.dumps(d)[1:]
>       provider, wire, planner, *_ = setup(tmp_path, monkeypatch, change=mutate)
                                      ^^^^^^^^^^^^^^^^^^^^^^^^^^^^^^^^^^^^^^^^^^^

tests/test_role_conditional_planning.py:197: 
_ _ _ _ _ _ _ _ _ _ _ _ _ _ _ _ _ _ _ _ _ _ _ _ _ _ _ _ _ _ _ _ _ _ _ _ _ _ _ _ 
tests/test_role_conditional_planning.py:93: in setup
    binding = replace(binding, bundle=bundle)
              ^^^^^^^^^^^^^^^^^^^^^^^^^^^^^^^
/usr/lib/python3.12/dataclasses.py:1581: in replace
    return obj.__class__(**changes)
           ^^^^^^^^^^^^^^^^^^^^^^^^
<string>:8: in __init__
    ???
src/cloud_edge_robot_arm/vision/runtime_binding.py:75: in __post_init__
    policy = json.loads(json.dumps(dict(self.edge_policy), allow_nan=False))
                        ^^^^^^^^^^^^^^^^^^^^^^^^^^^^^^^^^^^^^^^^^^^^^^^^^^^
/usr/lib/python3.12/json/__init__.py:238: in dumps
    **kw).encode(obj)
          ^^^^^^^^^^^
/usr/lib/python3.12/json/encoder.py:200: in encode
    chunks = self.iterencode(o, _one_shot=True)
             ^^^^^^^^^^^^^^^^^^^^^^^^^^^^^^^^^^
/usr/lib/python3.12/json/encoder.py:258: in iterencode
    return _iterencode(o, 0)
           ^^^^^^^^^^^^^^^^^
_ _ _ _ _ _ _ _ _ _ _ _ _ _ _ _ _ _ _ _ _ _ _ _ _ _ _ _ _ _ _ _ _ _ _ _ _ _ _ _ 

self = <json.encoder.JSONEncoder object at 0x7b80f3fc4b30>
o = mappingproxy({'max_reobservations': 2, 'max_retries': 0, 'max_no_progress': 3, 'deadline_s': 120.0})

    def default(self, o):
        """Implement this method in a subclass such that it returns
        a serializable object for ``o``, or calls the base implementation
        (to raise a ``TypeError``).
    
        For example, to support arbitrary iterators, you could
        implement default like this::
    
            def default(self, o):
                try:
                    iterable = iter(o)
                except TypeError:
                    pass
                else:
                    return list(iterable)
                # Let the base class default method raise the TypeError
                return super().default(o)
    
        """
>       raise TypeError(f'Object of type {o.__class__.__name__} '
                        f'is not JSON serializable')
E       TypeError: Object of type mappingproxy is not JSON serializable

/usr/lib/python3.12/json/encoder.py:180: TypeError
______ test_strict_remote_intent_rejects_without_any_execution_shape[nan] ______

tmp_path = PosixPath('/tmp/pytest-of-ningyd/pytest-911/test_strict_remote_intent_reje9')
monkeypatch = <_pytest.monkeypatch.MonkeyPatch object at 0x7b80f3f775c0>
change = 'nan'

    @pytest.mark.parametrize("change", ["extra", "duplicate", "reorder", "skill", "binding", "command", "token", "bool", "pixel", "nan", "duplicate_key"])
    def test_strict_remote_intent_rejects_without_any_execution_shape(tmp_path, monkeypatch, change):
        def mutate(d):
            if change == "extra": d["execution_admitted"] = True
            elif change == "duplicate": d["replacements"][1] = dict(d["replacements"][0])
            elif change == "reorder": d["replacements"].reverse()
            elif change == "skill": d["replacements"][1]["skill"] = "RELEASE"
            elif change == "binding": d["binding_hash"] = "0" * 64
            elif change == "command": d["replacements"][0]["joint_angles"] = [0] * 7
            elif change == "token": d["activation_token"] = "forged"
            elif change == "bool": d["replacements"][0]["target_pixel"] = [True, 0]
            elif change == "pixel": d["replacements"][0]["target_pixel"] = [9999, 0]
            elif change == "nan": d["replacements"][0]["target_pixel"] = [float("nan"), 0]
            else: return '{"binding_hash":"0",' + json.dumps(d)[1:]
>       provider, wire, planner, *_ = setup(tmp_path, monkeypatch, change=mutate)
                                      ^^^^^^^^^^^^^^^^^^^^^^^^^^^^^^^^^^^^^^^^^^^

tests/test_role_conditional_planning.py:197: 
_ _ _ _ _ _ _ _ _ _ _ _ _ _ _ _ _ _ _ _ _ _ _ _ _ _ _ _ _ _ _ _ _ _ _ _ _ _ _ _ 
tests/test_role_conditional_planning.py:93: in setup
    binding = replace(binding, bundle=bundle)
              ^^^^^^^^^^^^^^^^^^^^^^^^^^^^^^^
/usr/lib/python3.12/dataclasses.py:1581: in replace
    return obj.__class__(**changes)
           ^^^^^^^^^^^^^^^^^^^^^^^^
<string>:8: in __init__
    ???
src/cloud_edge_robot_arm/vision/runtime_binding.py:75: in __post_init__
    policy = json.loads(json.dumps(dict(self.edge_policy), allow_nan=False))
                        ^^^^^^^^^^^^^^^^^^^^^^^^^^^^^^^^^^^^^^^^^^^^^^^^^^^
/usr/lib/python3.12/json/__init__.py:238: in dumps
    **kw).encode(obj)
          ^^^^^^^^^^^
/usr/lib/python3.12/json/encoder.py:200: in encode
    chunks = self.iterencode(o, _one_shot=True)
             ^^^^^^^^^^^^^^^^^^^^^^^^^^^^^^^^^^
/usr/lib/python3.12/json/encoder.py:258: in iterencode
    return _iterencode(o, 0)
           ^^^^^^^^^^^^^^^^^
_ _ _ _ _ _ _ _ _ _ _ _ _ _ _ _ _ _ _ _ _ _ _ _ _ _ _ _ _ _ _ _ _ _ _ _ _ _ _ _ 

self = <json.encoder.JSONEncoder object at 0x7b80f3f773b0>
o = mappingproxy({'max_reobservations': 2, 'max_retries': 0, 'max_no_progress': 3, 'deadline_s': 120.0})

    def default(self, o):
        """Implement this method in a subclass such that it returns
        a serializable object for ``o``, or calls the base implementation
        (to raise a ``TypeError``).
    
        For example, to support arbitrary iterators, you could
        implement default like this::
    
            def default(self, o):
                try:
                    iterable = iter(o)
                except TypeError:
                    pass
                else:
                    return list(iterable)
                # Let the base class default method raise the TypeError
                return super().default(o)
    
        """
>       raise TypeError(f'Object of type {o.__class__.__name__} '
                        f'is not JSON serializable')
E       TypeError: Object of type mappingproxy is not JSON serializable

/usr/lib/python3.12/json/encoder.py:180: TypeError
_ test_strict_remote_intent_rejects_without_any_execution_shape[duplicate_key] _

tmp_path = PosixPath('/tmp/pytest-of-ningyd/pytest-911/test_strict_remote_intent_reje10')
monkeypatch = <_pytest.monkeypatch.MonkeyPatch object at 0x7b80f3fee840>
change = 'duplicate_key'

    @pytest.mark.parametrize("change", ["extra", "duplicate", "reorder", "skill", "binding", "command", "token", "bool", "pixel", "nan", "duplicate_key"])
    def test_strict_remote_intent_rejects_without_any_execution_shape(tmp_path, monkeypatch, change):
        def mutate(d):
            if change == "extra": d["execution_admitted"] = True
            elif change == "duplicate": d["replacements"][1] = dict(d["replacements"][0])
            elif change == "reorder": d["replacements"].reverse()
            elif change == "skill": d["replacements"][1]["skill"] = "RELEASE"
            elif change == "binding": d["binding_hash"] = "0" * 64
            elif change == "command": d["replacements"][0]["joint_angles"] = [0] * 7
            elif change == "token": d["activation_token"] = "forged"
            elif change == "bool": d["replacements"][0]["target_pixel"] = [True, 0]
            elif change == "pixel": d["replacements"][0]["target_pixel"] = [9999, 0]
            elif change == "nan": d["replacements"][0]["target_pixel"] = [float("nan"), 0]
            else: return '{"binding_hash":"0",' + json.dumps(d)[1:]
>       provider, wire, planner, *_ = setup(tmp_path, monkeypatch, change=mutate)
                                      ^^^^^^^^^^^^^^^^^^^^^^^^^^^^^^^^^^^^^^^^^^^

tests/test_role_conditional_planning.py:197: 
_ _ _ _ _ _ _ _ _ _ _ _ _ _ _ _ _ _ _ _ _ _ _ _ _ _ _ _ _ _ _ _ _ _ _ _ _ _ _ _ 
tests/test_role_conditional_planning.py:93: in setup
    binding = replace(binding, bundle=bundle)
              ^^^^^^^^^^^^^^^^^^^^^^^^^^^^^^^
/usr/lib/python3.12/dataclasses.py:1581: in replace
    return obj.__class__(**changes)
           ^^^^^^^^^^^^^^^^^^^^^^^^
<string>:8: in __init__
    ???
src/cloud_edge_robot_arm/vision/runtime_binding.py:75: in __post_init__
    policy = json.loads(json.dumps(dict(self.edge_policy), allow_nan=False))
                        ^^^^^^^^^^^^^^^^^^^^^^^^^^^^^^^^^^^^^^^^^^^^^^^^^^^
/usr/lib/python3.12/json/__init__.py:238: in dumps
    **kw).encode(obj)
          ^^^^^^^^^^^
/usr/lib/python3.12/json/encoder.py:200: in encode
    chunks = self.iterencode(o, _one_shot=True)
             ^^^^^^^^^^^^^^^^^^^^^^^^^^^^^^^^^^
/usr/lib/python3.12/json/encoder.py:258: in iterencode
    return _iterencode(o, 0)
           ^^^^^^^^^^^^^^^^^
_ _ _ _ _ _ _ _ _ _ _ _ _ _ _ _ _ _ _ _ _ _ _ _ _ _ _ _ _ _ _ _ _ _ _ _ _ _ _ _ 

self = <json.encoder.JSONEncoder object at 0x7b80f3fed0a0>
o = mappingproxy({'max_reobservations': 2, 'max_retries': 0, 'max_no_progress': 3, 'deadline_s': 120.0})

    def default(self, o):
        """Implement this method in a subclass such that it returns
        a serializable object for ``o``, or calls the base implementation
        (to raise a ``TypeError``).
    
        For example, to support arbitrary iterators, you could
        implement default like this::
    
            def default(self, o):
                try:
                    iterable = iter(o)
                except TypeError:
                    pass
                else:
                    return list(iterable)
                # Let the base class default method raise the TypeError
                return super().default(o)
    
        """
>       raise TypeError(f'Object of type {o.__class__.__name__} '
                        f'is not JSON serializable')
E       TypeError: Object of type mappingproxy is not JSON serializable

/usr/lib/python3.12/json/encoder.py:180: TypeError
_ test_post_response_clock_source_profile_robot_drift_cannot_return_intent[clock] _

tmp_path = PosixPath('/tmp/pytest-of-ningyd/pytest-911/test_post_response_clock_sourc0')
monkeypatch = <_pytest.monkeypatch.MonkeyPatch object at 0x7b80f3f779e0>
drift = 'clock'

    @pytest.mark.parametrize("drift", ["clock", "source", "profile", "hardstop", "role"])
    def test_post_response_clock_source_profile_robot_drift_cannot_return_intent(tmp_path, monkeypatch, drift):
>       provider, wire, planner, binding, _, now = setup(tmp_path, monkeypatch)
                                                   ^^^^^^^^^^^^^^^^^^^^^^^^^^^^

tests/test_role_conditional_planning.py:204: 
_ _ _ _ _ _ _ _ _ _ _ _ _ _ _ _ _ _ _ _ _ _ _ _ _ _ _ _ _ _ _ _ _ _ _ _ _ _ _ _ 
tests/test_role_conditional_planning.py:93: in setup
    binding = replace(binding, bundle=bundle)
              ^^^^^^^^^^^^^^^^^^^^^^^^^^^^^^^
/usr/lib/python3.12/dataclasses.py:1581: in replace
    return obj.__class__(**changes)
           ^^^^^^^^^^^^^^^^^^^^^^^^
<string>:8: in __init__
    ???
src/cloud_edge_robot_arm/vision/runtime_binding.py:75: in __post_init__
    policy = json.loads(json.dumps(dict(self.edge_policy), allow_nan=False))
                        ^^^^^^^^^^^^^^^^^^^^^^^^^^^^^^^^^^^^^^^^^^^^^^^^^^^
/usr/lib/python3.12/json/__init__.py:238: in dumps
    **kw).encode(obj)
          ^^^^^^^^^^^
/usr/lib/python3.12/json/encoder.py:200: in encode
    chunks = self.iterencode(o, _one_shot=True)
             ^^^^^^^^^^^^^^^^^^^^^^^^^^^^^^^^^^
/usr/lib/python3.12/json/encoder.py:258: in iterencode
    return _iterencode(o, 0)
           ^^^^^^^^^^^^^^^^^
_ _ _ _ _ _ _ _ _ _ _ _ _ _ _ _ _ _ _ _ _ _ _ _ _ _ _ _ _ _ _ _ _ _ _ _ _ _ _ _ 

self = <json.encoder.JSONEncoder object at 0x7b80f3fece00>
o = mappingproxy({'max_reobservations': 2, 'max_retries': 0, 'max_no_progress': 3, 'deadline_s': 120.0})

    def default(self, o):
        """Implement this method in a subclass such that it returns
        a serializable object for ``o``, or calls the base implementation
        (to raise a ``TypeError``).
    
        For example, to support arbitrary iterators, you could
        implement default like this::
    
            def default(self, o):
                try:
                    iterable = iter(o)
                except TypeError:
                    pass
                else:
                    return list(iterable)
                # Let the base class default method raise the TypeError
                return super().default(o)
    
        """
>       raise TypeError(f'Object of type {o.__class__.__name__} '
                        f'is not JSON serializable')
E       TypeError: Object of type mappingproxy is not JSON serializable

/usr/lib/python3.12/json/encoder.py:180: TypeError
_ test_post_response_clock_source_profile_robot_drift_cannot_return_intent[source] _

tmp_path = PosixPath('/tmp/pytest-of-ningyd/pytest-911/test_post_response_clock_sourc1')
monkeypatch = <_pytest.monkeypatch.MonkeyPatch object at 0x7b80f4015880>
drift = 'source'

    @pytest.mark.parametrize("drift", ["clock", "source", "profile", "hardstop", "role"])
    def test_post_response_clock_source_profile_robot_drift_cannot_return_intent(tmp_path, monkeypatch, drift):
>       provider, wire, planner, binding, _, now = setup(tmp_path, monkeypatch)
                                                   ^^^^^^^^^^^^^^^^^^^^^^^^^^^^

tests/test_role_conditional_planning.py:204: 
_ _ _ _ _ _ _ _ _ _ _ _ _ _ _ _ _ _ _ _ _ _ _ _ _ _ _ _ _ _ _ _ _ _ _ _ _ _ _ _ 
tests/test_role_conditional_planning.py:93: in setup
    binding = replace(binding, bundle=bundle)
              ^^^^^^^^^^^^^^^^^^^^^^^^^^^^^^^
/usr/lib/python3.12/dataclasses.py:1581: in replace
    return obj.__class__(**changes)
           ^^^^^^^^^^^^^^^^^^^^^^^^
<string>:8: in __init__
    ???
src/cloud_edge_robot_arm/vision/runtime_binding.py:75: in __post_init__
    policy = json.loads(json.dumps(dict(self.edge_policy), allow_nan=False))
                        ^^^^^^^^^^^^^^^^^^^^^^^^^^^^^^^^^^^^^^^^^^^^^^^^^^^
/usr/lib/python3.12/json/__init__.py:238: in dumps
    **kw).encode(obj)
          ^^^^^^^^^^^
/usr/lib/python3.12/json/encoder.py:200: in encode
    chunks = self.iterencode(o, _one_shot=True)
             ^^^^^^^^^^^^^^^^^^^^^^^^^^^^^^^^^^
/usr/lib/python3.12/json/encoder.py:258: in iterencode
    return _iterencode(o, 0)
           ^^^^^^^^^^^^^^^^^
_ _ _ _ _ _ _ _ _ _ _ _ _ _ _ _ _ _ _ _ _ _ _ _ _ _ _ _ _ _ _ _ _ _ _ _ _ _ _ _ 

self = <json.encoder.JSONEncoder object at 0x7b80f4015b80>
o = mappingproxy({'max_reobservations': 2, 'max_retries': 0, 'max_no_progress': 3, 'deadline_s': 120.0})

    def default(self, o):
        """Implement this method in a subclass such that it returns
        a serializable object for ``o``, or calls the base implementation
        (to raise a ``TypeError``).
    
        For example, to support arbitrary iterators, you could
        implement default like this::
    
            def default(self, o):
                try:
                    iterable = iter(o)
                except TypeError:
                    pass
                else:
                    return list(iterable)
                # Let the base class default method raise the TypeError
                return super().default(o)
    
        """
>       raise TypeError(f'Object of type {o.__class__.__name__} '
                        f'is not JSON serializable')
E       TypeError: Object of type mappingproxy is not JSON serializable

/usr/lib/python3.12/json/encoder.py:180: TypeError
_ test_post_response_clock_source_profile_robot_drift_cannot_return_intent[profile] _

tmp_path = PosixPath('/tmp/pytest-of-ningyd/pytest-911/test_post_response_clock_sourc2')
monkeypatch = <_pytest.monkeypatch.MonkeyPatch object at 0x7b80f4016f60>
drift = 'profile'

    @pytest.mark.parametrize("drift", ["clock", "source", "profile", "hardstop", "role"])
    def test_post_response_clock_source_profile_robot_drift_cannot_return_intent(tmp_path, monkeypatch, drift):
>       provider, wire, planner, binding, _, now = setup(tmp_path, monkeypatch)
                                                   ^^^^^^^^^^^^^^^^^^^^^^^^^^^^

tests/test_role_conditional_planning.py:204: 
_ _ _ _ _ _ _ _ _ _ _ _ _ _ _ _ _ _ _ _ _ _ _ _ _ _ _ _ _ _ _ _ _ _ _ _ _ _ _ _ 
tests/test_role_conditional_planning.py:93: in setup
    binding = replace(binding, bundle=bundle)
              ^^^^^^^^^^^^^^^^^^^^^^^^^^^^^^^
/usr/lib/python3.12/dataclasses.py:1581: in replace
    return obj.__class__(**changes)
           ^^^^^^^^^^^^^^^^^^^^^^^^
<string>:8: in __init__
    ???
src/cloud_edge_robot_arm/vision/runtime_binding.py:75: in __post_init__
    policy = json.loads(json.dumps(dict(self.edge_policy), allow_nan=False))
                        ^^^^^^^^^^^^^^^^^^^^^^^^^^^^^^^^^^^^^^^^^^^^^^^^^^^
/usr/lib/python3.12/json/__init__.py:238: in dumps
    **kw).encode(obj)
          ^^^^^^^^^^^
/usr/lib/python3.12/json/encoder.py:200: in encode
    chunks = self.iterencode(o, _one_shot=True)
             ^^^^^^^^^^^^^^^^^^^^^^^^^^^^^^^^^^
/usr/lib/python3.12/json/encoder.py:258: in iterencode
    return _iterencode(o, 0)
           ^^^^^^^^^^^^^^^^^
_ _ _ _ _ _ _ _ _ _ _ _ _ _ _ _ _ _ _ _ _ _ _ _ _ _ _ _ _ _ _ _ _ _ _ _ _ _ _ _ 

self = <json.encoder.JSONEncoder object at 0x7b80f4016660>
o = mappingproxy({'max_reobservations': 2, 'max_retries': 0, 'max_no_progress': 3, 'deadline_s': 120.0})

    def default(self, o):
        """Implement this method in a subclass such that it returns
        a serializable object for ``o``, or calls the base implementation
        (to raise a ``TypeError``).
    
        For example, to support arbitrary iterators, you could
        implement default like this::
    
            def default(self, o):
                try:
                    iterable = iter(o)
                except TypeError:
                    pass
                else:
                    return list(iterable)
                # Let the base class default method raise the TypeError
                return super().default(o)
    
        """
>       raise TypeError(f'Object of type {o.__class__.__name__} '
                        f'is not JSON serializable')
E       TypeError: Object of type mappingproxy is not JSON serializable

/usr/lib/python3.12/json/encoder.py:180: TypeError
_ test_post_response_clock_source_profile_robot_drift_cannot_return_intent[hardstop] _

tmp_path = PosixPath('/tmp/pytest-of-ningyd/pytest-911/test_post_response_clock_sourc3')
monkeypatch = <_pytest.monkeypatch.MonkeyPatch object at 0x7b80c8008d40>
drift = 'hardstop'

    @pytest.mark.parametrize("drift", ["clock", "source", "profile", "hardstop", "role"])
    def test_post_response_clock_source_profile_robot_drift_cannot_return_intent(tmp_path, monkeypatch, drift):
>       provider, wire, planner, binding, _, now = setup(tmp_path, monkeypatch)
                                                   ^^^^^^^^^^^^^^^^^^^^^^^^^^^^

tests/test_role_conditional_planning.py:204: 
_ _ _ _ _ _ _ _ _ _ _ _ _ _ _ _ _ _ _ _ _ _ _ _ _ _ _ _ _ _ _ _ _ _ _ _ _ _ _ _ 
tests/test_role_conditional_planning.py:93: in setup
    binding = replace(binding, bundle=bundle)
              ^^^^^^^^^^^^^^^^^^^^^^^^^^^^^^^
/usr/lib/python3.12/dataclasses.py:1581: in replace
    return obj.__class__(**changes)
           ^^^^^^^^^^^^^^^^^^^^^^^^
<string>:8: in __init__
    ???
src/cloud_edge_robot_arm/vision/runtime_binding.py:75: in __post_init__
    policy = json.loads(json.dumps(dict(self.edge_policy), allow_nan=False))
                        ^^^^^^^^^^^^^^^^^^^^^^^^^^^^^^^^^^^^^^^^^^^^^^^^^^^
/usr/lib/python3.12/json/__init__.py:238: in dumps
    **kw).encode(obj)
          ^^^^^^^^^^^
/usr/lib/python3.12/json/encoder.py:200: in encode
    chunks = self.iterencode(o, _one_shot=True)
             ^^^^^^^^^^^^^^^^^^^^^^^^^^^^^^^^^^
/usr/lib/python3.12/json/encoder.py:258: in iterencode
    return _iterencode(o, 0)
           ^^^^^^^^^^^^^^^^^
_ _ _ _ _ _ _ _ _ _ _ _ _ _ _ _ _ _ _ _ _ _ _ _ _ _ _ _ _ _ _ _ _ _ _ _ _ _ _ _ 

self = <json.encoder.JSONEncoder object at 0x7b80f3feeb40>
o = mappingproxy({'max_reobservations': 2, 'max_retries': 0, 'max_no_progress': 3, 'deadline_s': 120.0})

    def default(self, o):
        """Implement this method in a subclass such that it returns
        a serializable object for ``o``, or calls the base implementation
        (to raise a ``TypeError``).
    
        For example, to support arbitrary iterators, you could
        implement default like this::
    
            def default(self, o):
                try:
                    iterable = iter(o)
                except TypeError:
                    pass
                else:
                    return list(iterable)
                # Let the base class default method raise the TypeError
                return super().default(o)
    
        """
>       raise TypeError(f'Object of type {o.__class__.__name__} '
                        f'is not JSON serializable')
E       TypeError: Object of type mappingproxy is not JSON serializable

/usr/lib/python3.12/json/encoder.py:180: TypeError
_ test_post_response_clock_source_profile_robot_drift_cannot_return_intent[role] _

tmp_path = PosixPath('/tmp/pytest-of-ningyd/pytest-911/test_post_response_clock_sourc4')
monkeypatch = <_pytest.monkeypatch.MonkeyPatch object at 0x7b80c80174d0>
drift = 'role'

    @pytest.mark.parametrize("drift", ["clock", "source", "profile", "hardstop", "role"])
    def test_post_response_clock_source_profile_robot_drift_cannot_return_intent(tmp_path, monkeypatch, drift):
>       provider, wire, planner, binding, _, now = setup(tmp_path, monkeypatch)
                                                   ^^^^^^^^^^^^^^^^^^^^^^^^^^^^

tests/test_role_conditional_planning.py:204: 
_ _ _ _ _ _ _ _ _ _ _ _ _ _ _ _ _ _ _ _ _ _ _ _ _ _ _ _ _ _ _ _ _ _ _ _ _ _ _ _ 
tests/test_role_conditional_planning.py:93: in setup
    binding = replace(binding, bundle=bundle)
              ^^^^^^^^^^^^^^^^^^^^^^^^^^^^^^^
/usr/lib/python3.12/dataclasses.py:1581: in replace
    return obj.__class__(**changes)
           ^^^^^^^^^^^^^^^^^^^^^^^^
<string>:8: in __init__
    ???
src/cloud_edge_robot_arm/vision/runtime_binding.py:75: in __post_init__
    policy = json.loads(json.dumps(dict(self.edge_policy), allow_nan=False))
                        ^^^^^^^^^^^^^^^^^^^^^^^^^^^^^^^^^^^^^^^^^^^^^^^^^^^
/usr/lib/python3.12/json/__init__.py:238: in dumps
    **kw).encode(obj)
          ^^^^^^^^^^^
/usr/lib/python3.12/json/encoder.py:200: in encode
    chunks = self.iterencode(o, _one_shot=True)
             ^^^^^^^^^^^^^^^^^^^^^^^^^^^^^^^^^^
/usr/lib/python3.12/json/encoder.py:258: in iterencode
    return _iterencode(o, 0)
           ^^^^^^^^^^^^^^^^^
_ _ _ _ _ _ _ _ _ _ _ _ _ _ _ _ _ _ _ _ _ _ _ _ _ _ _ _ _ _ _ _ _ _ _ _ _ _ _ _ 

self = <json.encoder.JSONEncoder object at 0x7b80c80155e0>
o = mappingproxy({'max_reobservations': 2, 'max_retries': 0, 'max_no_progress': 3, 'deadline_s': 120.0})

    def default(self, o):
        """Implement this method in a subclass such that it returns
        a serializable object for ``o``, or calls the base implementation
        (to raise a ``TypeError``).
    
        For example, to support arbitrary iterators, you could
        implement default like this::
    
            def default(self, o):
                try:
                    iterable = iter(o)
                except TypeError:
                    pass
                else:
                    return list(iterable)
                # Let the base class default method raise the TypeError
                return super().default(o)
    
        """
>       raise TypeError(f'Object of type {o.__class__.__name__} '
                        f'is not JSON serializable')
E       TypeError: Object of type mappingproxy is not JSON serializable

/usr/lib/python3.12/json/encoder.py:180: TypeError
________ test_normalized_coordinates_are_converted_before_pure_builder _________

tmp_path = PosixPath('/tmp/pytest-of-ningyd/pytest-911/test_normalized_coordinates_ar0')
monkeypatch = <_pytest.monkeypatch.MonkeyPatch object at 0x7b80f3fc6ff0>

    def test_normalized_coordinates_are_converted_before_pure_builder(tmp_path, monkeypatch):
        def selected(d):
            d["replacements"][0]["target_pixel"] = [1000, 1000]
>       provider, _, _, _, data, _ = setup(tmp_path, monkeypatch, change=selected,
                                          coordinate_system="normalized_1000")

tests/test_role_conditional_planning.py:219: 
_ _ _ _ _ _ _ _ _ _ _ _ _ _ _ _ _ _ _ _ _ _ _ _ _ _ _ _ _ _ _ _ _ _ _ _ _ _ _ _ 
tests/test_role_conditional_planning.py:93: in setup
    binding = replace(binding, bundle=bundle)
              ^^^^^^^^^^^^^^^^^^^^^^^^^^^^^^^
/usr/lib/python3.12/dataclasses.py:1581: in replace
    return obj.__class__(**changes)
           ^^^^^^^^^^^^^^^^^^^^^^^^
<string>:8: in __init__
    ???
src/cloud_edge_robot_arm/vision/runtime_binding.py:75: in __post_init__
    policy = json.loads(json.dumps(dict(self.edge_policy), allow_nan=False))
                        ^^^^^^^^^^^^^^^^^^^^^^^^^^^^^^^^^^^^^^^^^^^^^^^^^^^
/usr/lib/python3.12/json/__init__.py:238: in dumps
    **kw).encode(obj)
          ^^^^^^^^^^^
/usr/lib/python3.12/json/encoder.py:200: in encode
    chunks = self.iterencode(o, _one_shot=True)
             ^^^^^^^^^^^^^^^^^^^^^^^^^^^^^^^^^^
/usr/lib/python3.12/json/encoder.py:258: in iterencode
    return _iterencode(o, 0)
           ^^^^^^^^^^^^^^^^^
_ _ _ _ _ _ _ _ _ _ _ _ _ _ _ _ _ _ _ _ _ _ _ _ _ _ _ _ _ _ _ _ _ _ _ _ _ _ _ _ 

self = <json.encoder.JSONEncoder object at 0x7b80c800a810>
o = mappingproxy({'max_reobservations': 2, 'max_retries': 0, 'max_no_progress': 3, 'deadline_s': 120.0})

    def default(self, o):
        """Implement this method in a subclass such that it returns
        a serializable object for ``o``, or calls the base implementation
        (to raise a ``TypeError``).
    
        For example, to support arbitrary iterators, you could
        implement default like this::
    
            def default(self, o):
                try:
                    iterable = iter(o)
                except TypeError:
                    pass
                else:
                    return list(iterable)
                # Let the base class default method raise the TypeError
                return super().default(o)
    
        """
>       raise TypeError(f'Object of type {o.__class__.__name__} '
                        f'is not JSON serializable')
E       TypeError: Object of type mappingproxy is not JSON serializable

/usr/lib/python3.12/json/encoder.py:180: TypeError
__________ test_detached_original_source_inputs_cannot_change_request __________

tmp_path = PosixPath('/tmp/pytest-of-ningyd/pytest-911/test_detached_original_source_0')
monkeypatch = <_pytest.monkeypatch.MonkeyPatch object at 0x7b80c80162a0>

    def test_detached_original_source_inputs_cannot_change_request(tmp_path, monkeypatch):
>       provider, _, _, _, data, _ = setup(tmp_path, monkeypatch)
                                     ^^^^^^^^^^^^^^^^^^^^^^^^^^^^

tests/test_role_conditional_planning.py:227: 
_ _ _ _ _ _ _ _ _ _ _ _ _ _ _ _ _ _ _ _ _ _ _ _ _ _ _ _ _ _ _ _ _ _ _ _ _ _ _ _ 
tests/test_role_conditional_planning.py:93: in setup
    binding = replace(binding, bundle=bundle)
              ^^^^^^^^^^^^^^^^^^^^^^^^^^^^^^^
/usr/lib/python3.12/dataclasses.py:1581: in replace
    return obj.__class__(**changes)
           ^^^^^^^^^^^^^^^^^^^^^^^^
<string>:8: in __init__
    ???
src/cloud_edge_robot_arm/vision/runtime_binding.py:75: in __post_init__
    policy = json.loads(json.dumps(dict(self.edge_policy), allow_nan=False))
                        ^^^^^^^^^^^^^^^^^^^^^^^^^^^^^^^^^^^^^^^^^^^^^^^^^^^
/usr/lib/python3.12/json/__init__.py:238: in dumps
    **kw).encode(obj)
          ^^^^^^^^^^^
/usr/lib/python3.12/json/encoder.py:200: in encode
    chunks = self.iterencode(o, _one_shot=True)
             ^^^^^^^^^^^^^^^^^^^^^^^^^^^^^^^^^^
/usr/lib/python3.12/json/encoder.py:258: in iterencode
    return _iterencode(o, 0)
           ^^^^^^^^^^^^^^^^^
_ _ _ _ _ _ _ _ _ _ _ _ _ _ _ _ _ _ _ _ _ _ _ _ _ _ _ _ _ _ _ _ _ _ _ _ _ _ _ _ 

self = <json.encoder.JSONEncoder object at 0x7b80c8017f50>
o = mappingproxy({'max_reobservations': 2, 'max_retries': 0, 'max_no_progress': 3, 'deadline_s': 120.0})

    def default(self, o):
        """Implement this method in a subclass such that it returns
        a serializable object for ``o``, or calls the base implementation
        (to raise a ``TypeError``).
    
        For example, to support arbitrary iterators, you could
        implement default like this::
    
            def default(self, o):
                try:
                    iterable = iter(o)
                except TypeError:
                    pass
                else:
                    return list(iterable)
                # Let the base class default method raise the TypeError
                return super().default(o)
    
        """
>       raise TypeError(f'Object of type {o.__class__.__name__} '
                        f'is not JSON serializable')
E       TypeError: Object of type mappingproxy is not JSON serializable

/usr/lib/python3.12/json/encoder.py:180: TypeError
_______ test_unavailable_or_forged_actual_scope_never_enables_transport ________

tmp_path = PosixPath('/tmp/pytest-of-ningyd/pytest-911/test_unavailable_or_forged_act0')
monkeypatch = <_pytest.monkeypatch.MonkeyPatch object at 0x7b80c8016900>

    def test_unavailable_or_forged_actual_scope_never_enables_transport(tmp_path, monkeypatch):
>       provider, wire, planner, _, _, _ = setup(tmp_path, monkeypatch)
                                           ^^^^^^^^^^^^^^^^^^^^^^^^^^^^

tests/test_role_conditional_planning.py:236: 
_ _ _ _ _ _ _ _ _ _ _ _ _ _ _ _ _ _ _ _ _ _ _ _ _ _ _ _ _ _ _ _ _ _ _ _ _ _ _ _ 
tests/test_role_conditional_planning.py:93: in setup
    binding = replace(binding, bundle=bundle)
              ^^^^^^^^^^^^^^^^^^^^^^^^^^^^^^^
/usr/lib/python3.12/dataclasses.py:1581: in replace
    return obj.__class__(**changes)
           ^^^^^^^^^^^^^^^^^^^^^^^^
<string>:8: in __init__
    ???
src/cloud_edge_robot_arm/vision/runtime_binding.py:75: in __post_init__
    policy = json.loads(json.dumps(dict(self.edge_policy), allow_nan=False))
                        ^^^^^^^^^^^^^^^^^^^^^^^^^^^^^^^^^^^^^^^^^^^^^^^^^^^
/usr/lib/python3.12/json/__init__.py:238: in dumps
    **kw).encode(obj)
          ^^^^^^^^^^^
/usr/lib/python3.12/json/encoder.py:200: in encode
    chunks = self.iterencode(o, _one_shot=True)
             ^^^^^^^^^^^^^^^^^^^^^^^^^^^^^^^^^^
/usr/lib/python3.12/json/encoder.py:258: in iterencode
    return _iterencode(o, 0)
           ^^^^^^^^^^^^^^^^^
_ _ _ _ _ _ _ _ _ _ _ _ _ _ _ _ _ _ _ _ _ _ _ _ _ _ _ _ _ _ _ _ _ _ _ _ _ _ _ _ 

self = <json.encoder.JSONEncoder object at 0x7b80c8015d60>
o = mappingproxy({'max_reobservations': 2, 'max_retries': 0, 'max_no_progress': 3, 'deadline_s': 120.0})

    def default(self, o):
        """Implement this method in a subclass such that it returns
        a serializable object for ``o``, or calls the base implementation
        (to raise a ``TypeError``).
    
        For example, to support arbitrary iterators, you could
        implement default like this::
    
            def default(self, o):
                try:
                    iterable = iter(o)
                except TypeError:
                    pass
                else:
                    return list(iterable)
                # Let the base class default method raise the TypeError
                return super().default(o)
    
        """
>       raise TypeError(f'Object of type {o.__class__.__name__} '
                        f'is not JSON serializable')
E       TypeError: Object of type mappingproxy is not JSON serializable

/usr/lib/python3.12/json/encoder.py:180: TypeError
=========================== short test summary info ============================
FAILED tests/test_role_conditional_planning.py::test_future_fail_is_planning_only_with_two_images_and_replanner_cost
FAILED tests/test_role_conditional_planning.py::test_remote_text_contains_only_minimum_intent_context
FAILED tests/test_role_conditional_planning.py::test_missing_prerequisite_makes_zero_requests_and_zero_reservations[binding]
FAILED tests/test_role_conditional_planning.py::test_missing_prerequisite_makes_zero_requests_and_zero_reservations[source]
FAILED tests/test_role_conditional_planning.py::test_missing_prerequisite_makes_zero_requests_and_zero_reservations[key]
FAILED tests/test_role_conditional_planning.py::test_missing_prerequisite_makes_zero_requests_and_zero_reservations[paid]
FAILED tests/test_role_conditional_planning.py::test_missing_prerequisite_makes_zero_requests_and_zero_reservations[ledger]
FAILED tests/test_role_conditional_planning.py::test_missing_prerequisite_makes_zero_requests_and_zero_reservations[inventory]
FAILED tests/test_role_conditional_planning.py::test_missing_prerequisite_makes_zero_requests_and_zero_reservations[snapshot]
FAILED tests/test_role_conditional_planning.py::test_missing_prerequisite_makes_zero_requests_and_zero_reservations[role]
FAILED tests/test_role_conditional_planning.py::test_missing_prerequisite_makes_zero_requests_and_zero_reservations[original_bundle]
FAILED tests/test_role_conditional_planning.py::test_hard_stop_is_not_a_future_condition_fail_and_never_debits[estop_engaged]
FAILED tests/test_role_conditional_planning.py::test_hard_stop_is_not_a_future_condition_fail_and_never_debits[collision_detected]
FAILED tests/test_role_conditional_planning.py::test_hard_stop_is_not_a_future_condition_fail_and_never_debits[disconnected]
FAILED tests/test_role_conditional_planning.py::test_strict_remote_intent_rejects_without_any_execution_shape[extra]
FAILED tests/test_role_conditional_planning.py::test_strict_remote_intent_rejects_without_any_execution_shape[duplicate]
FAILED tests/test_role_conditional_planning.py::test_strict_remote_intent_rejects_without_any_execution_shape[reorder]
FAILED tests/test_role_conditional_planning.py::test_strict_remote_intent_rejects_without_any_execution_shape[skill]
FAILED tests/test_role_conditional_planning.py::test_strict_remote_intent_rejects_without_any_execution_shape[binding]
FAILED tests/test_role_conditional_planning.py::test_strict_remote_intent_rejects_without_any_execution_shape[command]
FAILED tests/test_role_conditional_planning.py::test_strict_remote_intent_rejects_without_any_execution_shape[token]
FAILED tests/test_role_conditional_planning.py::test_strict_remote_intent_rejects_without_any_execution_shape[bool]
FAILED tests/test_role_conditional_planning.py::test_strict_remote_intent_rejects_without_any_execution_shape[pixel]
FAILED tests/test_role_conditional_planning.py::test_strict_remote_intent_rejects_without_any_execution_shape[nan]
FAILED tests/test_role_conditional_planning.py::test_strict_remote_intent_rejects_without_any_execution_shape[duplicate_key]
FAILED tests/test_role_conditional_planning.py::test_post_response_clock_source_profile_robot_drift_cannot_return_intent[clock]
FAILED tests/test_role_conditional_planning.py::test_post_response_clock_source_profile_robot_drift_cannot_return_intent[source]
FAILED tests/test_role_conditional_planning.py::test_post_response_clock_source_profile_robot_drift_cannot_return_intent[profile]
FAILED tests/test_role_conditional_planning.py::test_post_response_clock_source_profile_robot_drift_cannot_return_intent[hardstop]
FAILED tests/test_role_conditional_planning.py::test_post_response_clock_source_profile_robot_drift_cannot_return_intent[role]
FAILED tests/test_role_conditional_planning.py::test_normalized_coordinates_are_converted_before_pure_builder
FAILED tests/test_role_conditional_planning.py::test_detached_original_source_inputs_cannot_change_request
FAILED tests/test_role_conditional_planning.py::test_unavailable_or_forged_actual_scope_never_enables_transport
33 failed in 1.09s
