{
  "authoritative_thesis_run_count": 466,
  "backend_counts": {
    "ISAAC_SIM": 18,
    "MOCK": 324,
    "MOVEIT_DRY_RUN": 36,
    "MUJOCO": 90,
    "PLANNER_DRY_RUN": 36,
    "SYNTHETIC_DRY_RUN": 36
  },
  "blocked_before_runtime_count": 74,
  "blocked_pair_count": 9,
  "by_backend": {
    "MOCK": {
      "blocked_by_env_count": 0,
      "confidence_interval_95": [
        919.9055150925718,
        1186.5389293518726
      ],
      "effect_size_vs_overall": 0.14794221727924167,
      "excluded_metric_sample_count": 0,
      "failed_count": 66,
      "maximum": 5800.0,
      "mean": 1053.2222222222222,
      "median": 925.5,
      "minimum": 138.0,
      "p25": 175.0,
      "p75": 1100.0,
      "p95": 5800.0,
      "run_count": 324,
      "sample_count": 324,
      "standard_deviation": 1224.3371062927076,
      "status_counts": {
        "FAILED": 48,
        "SAFETY_STOPPED": 18,
        "SUCCESS": 258
      },
      "success_count": 258,
      "success_rate": 0.7962962962962963,
      "success_rate_ci95": [
        0.7490888841657988,
        0.8365597949524095
      ],
      "valid_metric_sample_count": 324
    },
    "MUJOCO": {
      "blocked_by_env_count": 0,
      "confidence_interval_95": [
        800.6751393692218,
        809.3248606307782
      ],
      "effect_size_vs_overall": -0.08486362630244608,
      "excluded_metric_sample_count": 0,
      "failed_count": 6,
      "maximum": 825.0,
      "mean": 805.0,
      "median": 800.0,
      "minimum": 775.0,
      "p25": 775.0,
      "p75": 825.0,
      "p95": 825.0,
      "run_count": 90,
      "sample_count": 90,
      "standard_deviation": 20.933280851099553,
      "status_counts": {
        "SAFETY_STOPPED": 6,
        "SUCCESS": 84
      },
      "success_count": 84,
      "success_rate": 0.9333333333333333,
      "success_rate_ci95": [
        0.8620973805849326,
        0.9690904934496107
      ],
      "valid_metric_sample_count": 90
    },
    "PLANNER_DRY_RUN": {
      "blocked_by_env_count": 0,
      "confidence_interval_95": [
        0.03757162549733018,
        0.1138827509669138
      ],
      "effect_size_vs_overall": -0.8397963340741031,
      "excluded_metric_sample_count": 0,
      "failed_count": 0,
      "maximum": 0.28773798840120435,
      "mean": 0.07572718823212199,
      "median": 0.06231950828805566,
      "minimum": 0.010079995263367891,
      "p25": 0.010760006261989474,
      "p75": 0.1166400033980608,
      "p95": 0.28773798840120435,
      "run_count": 16,
      "sample_count": 16,
      "standard_deviation": 0.07786849537712615,
      "status_counts": {
        "SUCCESS": 16
      },
      "success_count": 16,
      "success_rate": 1.0,
      "success_rate_ci95": [
        0.8063865817272802,
        1.0
      ],
      "valid_metric_sample_count": 16
    },
    "SYNTHETIC_DRY_RUN": {
      "blocked_by_env_count": 0,
      "confidence_interval_95": [
        100.0,
        100.0
      ],
      "effect_size_vs_overall": -0.7460780746130141,
      "excluded_metric_sample_count": 0,
      "failed_count": 36,
      "maximum": 100.0,
      "mean": 100.0,
      "median": 100.0,
      "minimum": 100.0,
      "p25": 100.0,
      "p75": 100.0,
      "p95": 100.0,
      "run_count": 36,
      "sample_count": 36,
      "standard_deviation": 0.0,
      "status_counts": {
        "SAFETY_STOPPED": 36
      },
      "success_count": 0,
      "success_rate": 0.0,
      "success_rate_ci95": [
        0.0,
        0.09642183044857634
      ],
      "valid_metric_sample_count": 36
    }
  },
  "by_mode": {
    "AUTO": {
      "blocked_by_env_count": 0,
      "confidence_interval_95": [
        736.8856112832491,
        1059.490932037587
      ],
      "effect_size_vs_overall": 0.0025369859457222725,
      "excluded_metric_sample_count": 0,
      "failed_count": 36,
      "maximum": 5800.0,
      "mean": 898.1882716604181,
      "median": 800.0,
      "minimum": 0.010119983926415443,
      "p25": 147.0,
      "p75": 1100.0,
      "p95": 1200.0,
      "run_count": 162,
      "sample_count": 162,
      "standard_deviation": 1047.4733110052462,
      "status_counts": {
        "FAILED": 18,
        "SAFETY_STOPPED": 18,
        "SUCCESS": 126
      },
      "success_count": 126,
      "success_rate": 0.7777777777777778,
      "success_rate_ci95": [
        0.7077421220280039,
        0.8349443932974633
      ],
      "valid_metric_sample_count": 162
    },
    "ETEAC": {
      "blocked_by_env_count": 0,
      "confidence_interval_95": [
        740.0784758311717,
        1065.624928906264
      ],
      "effect_size_vs_overall": 0.006910784191144947,
      "excluded_metric_sample_count": 0,
      "failed_count": 36,
      "maximum": 5800.0,
      "mean": 902.8517023687178,
      "median": 775.0,
      "minimum": 0.01121999230235815,
      "p25": 142.0,
      "p75": 1100.0,
      "p95": 1200.0,
      "run_count": 160,
      "sample_count": 160,
      "standard_deviation": 1050.4778325575694,
      "status_counts": {
        "FAILED": 18,
        "SAFETY_STOPPED": 18,
        "SUCCESS": 124
      },
      "success_count": 124,
      "success_rate": 0.775,
      "success_rate_ci95": [
        0.7042857994110268,
        0.8328183304314551
      ],
      "valid_metric_sample_count": 160
    },
    "PCSC": {
      "blocked_by_env_count": 0,
      "confidence_interval_95": [
        702.7993362840792,
        1065.706764369103
      ],
      "effect_size_vs_overall": -0.010532758290209675,
      "excluded_metric_sample_count": 0,
      "failed_count": 36,
      "maximum": 5800.0,
      "mean": 884.2530503265912,
      "median": 825.0,
      "minimum": 0.010079995263367891,
      "p25": 151.0,
      "p75": 951.0,
      "p95": 1251.0,
      "run_count": 144,
      "sample_count": 144,
      "standard_deviation": 1110.941106382726,
      "status_counts": {
        "FAILED": 12,
        "SAFETY_STOPPED": 24,
        "SUCCESS": 108
      },
      "success_count": 108,
      "success_rate": 0.75,
      "success_rate_ci95": [
        0.6734017453693497,
        0.8136059709973562
      ],
      "valid_metric_sample_count": 144
    }
  },
  "expected_run_count": 540,
  "experiment_count": 20,
  "experiment_status": {
    "F01_PC_SC_BASELINE": {
      "SUCCESS": 12
    },
    "F02_ETEAC_BASELINE": {
      "SUCCESS": 12
    },
    "F03_AUTO_BASELINE": {
      "SUCCESS": 12
    },
    "F04_NETWORK_LATENCY": {
      "SUCCESS": 36
    },
    "F05_NETWORK_JITTER": {
      "SUCCESS": 18
    },
    "F06_PACKET_LOSS": {
      "SUCCESS": 36
    },
    "F07_CLOUD_INTERRUPTION": {
      "SUCCESS": 18
    },
    "F08_TARGET_MOVEMENT": {
      "SUCCESS": 36
    },
    "F09_OBSTACLE_CHANGE": {
      "SUCCESS": 36
    },
    "F10_LOCAL_RECOVERY": {
      "SUCCESS": 12
    },
    "F11_LOCAL_REPLANNING": {
      "FAILED": 18,
      "SUCCESS": 18
    },
    "F12_SAFETY_REJECTION": {
      "BLOCKED_BY_ENV": 36,
      "SAFETY_STOPPED": 36
    },
    "F13_SKILL_CACHE": {
      "SUCCESS": 24
    },
    "F14_AUTO_POLICY": {
      "SUCCESS": 18
    },
    "F15_MUJOCO_ISAAC_PAIRED": {
      "BLOCKED_BY_ENV": 18,
      "SAFETY_STOPPED": 6,
      "SUCCESS": 12
    },
    "F16_PLANNER_PROVIDER_COMPARISON": {
      "BLOCKED_BY_ENV": 20,
      "SUCCESS": 16
    },
    "F17_ABLATION_RECOVERY": {
      "SUCCESS": 12
    },
    "F18_ABLATION_REPLANNING": {
      "FAILED": 12,
      "SUCCESS": 12
    },
    "F19_ABLATION_SAFETY": {
      "FAILED": 18,
      "SAFETY_STOPPED": 18
    },
    "F20_STRESS_AND_RECOVERY": {
      "SUCCESS": 18
    }
  },
  "full_profile_execution_status": "NOT_RUN",
  "full_profile_readiness_status": "PHASE12_FULL_PROFILE_PREREQUISITES_READY",
  "hardware_motion_observed": false,
  "hardware_write_operations": [],
  "highest_real_hardware_acceptance_level": "NONE",
  "llm_only": {
    "authoritative_for_model_performance": false,
    "blockers": [],
    "contains_secret": false,
    "hardware_motion_observed": false,
    "hardware_write_operations": [],
    "model_request_count": 6,